	00AA	America/Chicago
	00AK	America/Anchorage
	00AL	America/Chicago
	00AN	America/Anchorage
	00AR	America/Chicago
	00AS	America/Chicago
	00CA	America/Los_Angeles
	00CL	America/Los_Angeles
	00FA	America/New_York
	00FL	America/New_York
	00GA	America/New_York
	00ID	America/Los_Angeles
	00IG	America/Chicago
	00IL	America/Chicago
	00IS	America/Chicago
	00KS	America/Chicago
	00LS	America/Chicago
	00MN	America/Chicago
	00NC	America/New_York
	00OK	America/Chicago
	00PN	America/New_York
	00SC	America/New_York
	00SD	America/Chicago
	00TN	America/Chicago
	00TS	America/Chicago
	00TT	America/Chicago
	00TX	America/Chicago
	00VA	America/New_York
	00VI	America/New_York
	00WA	America/Los_Angeles
	00WI	America/Chicago
	00WN	America/Los_Angeles
	00WV	America/New_York
	00XA	America/Chicago
	01AL	America/Chicago
	01AN	America/Anchorage
	01CL	America/Los_Angeles
	01CN	America/Anchorage
	01FA	America/New_York
	01FL	America/New_York
	01GE	America/New_York
	01ID	America/Boise
	01LA	America/Chicago
	01MT	America/Denver
	01NC	America/New_York
	01NH	America/New_York
	01NK	America/New_York
	01NM	America/Denver
	01NV	America/Los_Angeles
	01OL	America/Chicago
	01PA	America/New_York
	01PS	America/New_York
	01SC	America/New_York
	01TA	America/Chicago
	01TN	America/Chicago
	01TS	America/Chicago
	01TX	America/Chicago
	01VA	America/New_York
	01WI	America/Chicago
	01WY	America/Denver
	02AA	America/Anchorage
	02AK	America/Anchorage
	02AL	America/Chicago
	02AN	America/Anchorage
	02AR	America/Chicago
	02CD	America/Chicago
	02CO	America/Denver
	02FA	America/New_York
	02FD	America/Chicago
	02GA	America/New_York
	02GE	America/New_York
	02ID	America/Boise
	02IN	America/Indiana/Indianapolis
	02KS	America/Chicago
	02MD	America/New_York
	02ME	America/New_York
	02MI	America/Detroit
	02MO	America/Chicago
	02MS	America/Chicago
	02MT	America/Denver
	02NM	America/Denver
	02NV	America/Los_Angeles
	02OK	America/Chicago
	02PR	America/Puerto_Rico
	02SC	America/New_York
	02TN	America/Chicago
	02TS	America/Chicago
	02UT	America/Denver
	02WA	America/Los_Angeles
	02WI	America/Chicago
	02WN	America/Los_Angeles
	02XA	America/Chicago
	02XS	America/Chicago
	03AZ	America/Phoenix
	03CO	America/Denver
	03FA	America/New_York
	03FL	America/New_York
	03GA	America/New_York
	03IA	America/Chicago
	03ID	America/Boise
	03IL	America/Chicago
	03KY	America/Chicago
	03MA	America/New_York
	03ME	America/New_York
	03MN	America/Chicago
	03MO	America/Chicago
	03MU	America/Chicago
	03NC	America/New_York
	03ND	America/Chicago
	03NV	America/Los_Angeles
	03NY	America/New_York
	03OH	America/New_York
	03OK	America/Chicago
	03OL	America/Chicago
	03OR	America/Los_Angeles
	03PR	America/Chicago
	03TE	America/Chicago
	03TT	America/Chicago
	03UT	America/Denver
	03WA	America/Los_Angeles
	03WN	America/Los_Angeles
	03WY	America/Denver
	03XS	America/Chicago
	04AA	America/Anchorage
	04AN	America/Anchorage
	04AZ	America/Denver
	04CA	America/Los_Angeles
	04CL	America/Los_Angeles
	04FA	America/New_York
	04FL	America/New_York
	04IA	America/Chicago
	04ID	America/Boise
	04IL	America/Chicago
	04IS	America/Chicago
	04KS	America/Chicago
	04KY	America/Chicago
	04MA	America/New_York
	04ME	America/New_York
	04MI	America/Detroit
	04MN	America/Chicago
	04MS	America/Chicago
	04NE	America/Denver
	04NJ	America/New_York
	04NV	America/Los_Angeles
	04NY	America/New_York
	04OR	America/Los_Angeles
	04TN	America/New_York
	04TT	America/Chicago
	04TX	America/Chicago
	04UT	America/Denver
	04VT	America/New_York
	04WA	America/Los_Angeles
	04WI	America/Chicago
	04WN	America/Los_Angeles
	04XA	America/Chicago
	05AK	America/Anchorage
	05AN	America/Anchorage
	05AR	America/Chicago
	05CL	America/Los_Angeles
	05CO	America/Denver
	05FA	America/Chicago
	05FL	America/New_York
	05GA	America/New_York
	05IA	America/Chicago
	05ID	America/Los_Angeles
	05IL	America/Chicago
	05IN	America/Indiana/Indianapolis
	05KS	America/Chicago
	05KT	America/New_York
	05KY	America/New_York
	05LA	America/Chicago
	05LS	America/Chicago
	05MD	America/New_York
	05ME	America/New_York
	05MO	America/Chicago
	05MT	America/Denver
	05NC	America/New_York
	05NE	America/Chicago
	05NR	America/New_York
	05NV	America/Los_Angeles
	05OH	America/New_York
	05OK	America/Chicago
	05OR	America/Los_Angeles
	05PS	America/New_York
	05TA	America/Chicago
	05TE	America/Chicago
	05TX	America/Chicago
	05UT	America/Denver
	05VA	America/New_York
	05WI	America/Chicago
	05WN	America/Los_Angeles
	05XS	America/Chicago
	06AA	America/Anchorage
	06AK	America/Anchorage
	06AN	America/Anchorage
	06AR	America/Chicago
	06CO	America/Denver
	06FA	America/New_York
	06FD	America/New_York
	06IA	America/Chicago
	06ID	America/Boise
	06IL	America/Chicago
	06IS	America/Chicago
	06MO	America/Chicago
	06MT	America/Denver
	06NC	America/New_York
	06NH	America/New_York
	06NV	America/Los_Angeles
	06NY	America/New_York
	06OH	America/New_York
	06OI	America/New_York
	06PA	America/New_York
	06TA	America/Chicago
	06TE	America/Chicago
	06TN	America/Chicago
	06TS	America/Chicago
	06TT	America/Chicago
	06VA	America/New_York
	06WI	America/Chicago
	06WN	America/Los_Angeles
	06XA	America/Chicago
	06XS	America/Chicago
	07AA	America/Anchorage
	07AN	America/Anchorage
	07AR	America/Chicago
	07CL	America/Los_Angeles
	07GA	America/New_York
	07GE	America/New_York
	07IA	America/Chicago
	07ID	America/Boise
	07IN	America/Indiana/Indianapolis
	07KS	America/Chicago
	07KY	America/New_York
	07LA	America/Chicago
	07MD	America/New_York
	07MO	America/Chicago
	07MT	America/Denver
	07NC	America/New_York
	07NV	America/Los_Angeles
	07OK	America/Chicago
	07PA	America/New_York
	07PN	America/New_York
	07TA	America/Chicago
	07TE	America/Chicago
	07TS	America/Chicago
	07TT	America/Chicago
	07UT	America/Denver
	07VA	America/New_York
	07VT	America/New_York
	08AK	America/Anchorage
	08AN	America/Anchorage
	08AR	America/Chicago
	08CL	America/Los_Angeles
	08CO	America/Denver
	08FD	America/New_York
	08FL	America/New_York
	08GA	America/New_York
	08ID	America/Boise
	08IL	America/Chicago
	08KS	America/Chicago
	08KY	America/New_York
	08LL	America/Chicago
	08LS	America/Chicago
	08ME	America/New_York
	08MO	America/Chicago
	08MS	America/Chicago
	08MT	America/Denver
	08ND	America/North_Dakota/Beulah
	08NR	America/New_York
	08NY	America/New_York
	08OH	America/New_York
	08OK	America/Chicago
	08OL	America/Chicago
	08OR	America/Los_Angeles
	08TN	America/Chicago
	08TS	America/Chicago
	08TT	America/Chicago
	08TX	America/Chicago
	08UT	America/Denver
	08WA	America/Los_Angeles
	08WI	America/Chicago
	08XA	America/Chicago
	08XS	America/Chicago
	09AK	America/Anchorage
	09AN	America/Anchorage
	09AZ	America/Phoenix
	09CL	America/Los_Angeles
	09CO	America/Denver
	09FA	America/New_York
	09FD	America/New_York
	09GE	America/New_York
	09IA	America/Chicago
	09ID	America/Boise
	09IN	America/Indiana/Indianapolis
	09KS	America/Chicago
	09LL	America/Chicago
	09ME	America/New_York
	09MT	America/Denver
	09NC	America/New_York
	09NE	America/Chicago
	09NR	America/New_York
	09OK	America/Chicago
	09PA	America/New_York
	09TA	America/Chicago
	09TS	America/Chicago
	09UT	America/Denver
	09VA	America/New_York
	09WI	America/Chicago
	0AA5	America/Anchorage
	0AA7	America/Anchorage
	0AK0	America/Anchorage
	0AK1	America/Anchorage
	0AK2	America/Anchorage
	0AK3	America/Anchorage
	0AK5	America/Anchorage
	0AK6	America/Anchorage
	0AK7	America/Anchorage
	0AK8	America/Anchorage
	0AK9	America/Anchorage
	0AL1	America/Chicago
	0AL5	America/Chicago
	0AL9	America/Chicago
	0AR3	America/Chicago
	0AZ1	America/Phoenix
	0AZ2	America/Phoenix
	0AZ4	America/Phoenix
	0AZ5	America/Phoenix
	0AZ9	America/Phoenix
	0CA0	America/Los_Angeles
	0CA4	America/Los_Angeles
	0CA5	America/Los_Angeles
	0CA6	America/Los_Angeles
	0CA9	America/Los_Angeles
	0CD2	America/Denver
	0CD5	America/Denver
	0CD7	America/Denver
	0CL0	America/Los_Angeles
	0CL1	America/Los_Angeles
	0CL3	America/Los_Angeles
	0CN1	America/Los_Angeles
	0CN2	America/Los_Angeles
	0CO1	America/Denver
	0CO5	America/Denver
	0CO6	America/Denver
	0CO9	America/Denver
	0FA1	America/New_York
	0FD0	America/New_York
	0FD3	America/Chicago
	0FD4	America/Chicago
	0FD5	America/Chicago
	0FD9	America/Chicago
	0FL0	America/New_York
	0FL9	America/New_York
	0GA0	America/New_York
	0GA1	America/New_York
	0GA2	America/New_York
	0GA3	America/New_York
	0GA6	America/New_York
	0GA8	America/New_York
	0GA9	America/New_York
	0GE0	America/New_York
	0GE1	America/New_York
	0GE3	America/New_York
	0GE4	America/New_York
	0GE5	America/New_York
	0GE7	America/New_York
	0GE9	America/New_York
	0IA4	America/Chicago
	0IA5	America/Chicago
	0ID0	America/Boise
	0ID1	America/Boise
	0ID2	America/Boise
	0ID3	America/Boise
	0ID4	America/Boise
	0ID7	America/Boise
	0ID8	America/Los_Angeles
	0ID9	America/Los_Angeles
	0II0	America/Indiana/Indianapolis
	0II7	America/Indiana/Indianapolis
	0II8	America/Chicago
	0II9	America/Indiana/Indianapolis
	0IL2	America/Chicago
	0IL7	America/Chicago
	0IL9	America/Chicago
	0IN1	America/Indiana/Vincennes
	0IN4	America/Indiana/Indianapolis
	0IN5	America/Kentucky/Louisville
	0IN9	America/Chicago
	0IS3	America/Chicago
	0KS0	America/Chicago
	0KS2	America/Chicago
	0KS4	America/Chicago
	0KS5	America/Chicago
	0KS6	America/Chicago
	0KS7	America/Chicago
	0KS8	America/Chicago
	0KS9	America/Chicago
	0KY0	America/New_York
	0KY1	America/Chicago
	0KY5	America/Chicago
	0KY7	America/Chicago
	0LA3	America/Chicago
	0LA9	America/Chicago
	0LL0	America/Chicago
	0LL1	America/Chicago
	0LL3	America/Chicago
	0LL4	America/Chicago
	0LL5	America/Chicago
	0LL6	America/Chicago
	0LS0	America/Chicago
	0LS5	America/Chicago
	0LS7	America/Chicago
	0MD1	America/New_York
	0MD2	America/New_York
	0MD6	America/New_York
	0ME4	America/New_York
	0MI4	America/Detroit
	0MN8	America/Chicago
	0MO1	America/Chicago
	0MO3	America/Chicago
	0MO6	America/Chicago
	0MO8	America/Chicago
	0MS0	America/Chicago
	0MS2	America/Chicago
	0MS7	America/Chicago
	0MS8	America/Chicago
	0MS9	America/Chicago
	0MT4	America/Denver
	0MT5	America/Denver
	0MT6	America/Denver
	0MT7	America/Denver
	0MT9	America/Denver
	0MU7	America/Chicago
	0MU9	America/Chicago
	0NA1	America/Chicago
	0NA9	America/Denver
	0NC1	America/New_York
	0NC7	America/New_York
	0NC8	America/New_York
	0ND0	America/Chicago
	0ND6	America/Chicago
	0NE0	America/Denver
	0NE1	America/Denver
	0NE9	America/Chicago
	0NJ6	America/New_York
	0NK0	America/New_York
	0NK2	America/New_York
	0NK3	America/New_York
	0NM7	America/Denver
	0NY0	America/New_York
	0NY3	America/New_York
	0NY7	America/New_York
	0NY8	America/New_York
	0OH5	America/New_York
	0OH8	America/New_York
	0OI6	America/New_York
	0OI9	America/New_York
	0OK1	America/Chicago
	0OK2	America/Chicago
	0OK4	America/Chicago
	0OK5	America/Chicago
	0OK6	America/Chicago
	0OK8	America/Chicago
	0OR3	America/Los_Angeles
	0OR6	America/Boise
	0OR7	America/Los_Angeles
	0OR8	America/Los_Angeles
	0PA2	America/New_York
	0PA3	America/New_York
	0PA5	America/New_York
	0PN0	America/New_York
	0PN5	America/New_York
	0PN6	America/New_York
	0PN7	America/New_York
	0PN8	America/New_York
	0PS0	America/New_York
	0PS3	America/New_York
	0PS4	America/New_York
	0PS7	America/New_York
	0SD3	America/Denver
	0TA2	America/Chicago
	0TA4	America/Chicago
	0TA8	America/Chicago
	0TE0	America/Chicago
	0TE4	America/Chicago
	0TE5	America/Chicago
	0TN0	America/Chicago
	0TN2	America/New_York
	0TN5	America/Chicago
	0TN6	America/New_York
	0TS0	America/Chicago
	0TS5	America/Chicago
	0TS7	America/Chicago
	0TX0	America/Chicago
	0TX1	America/Chicago
	0TX4	America/Chicago
	0TX5	America/Chicago
	0TX6	America/Chicago
	0TX7	America/Chicago
	0TX8	America/Chicago
	0TX9	America/Chicago
	0VA0	America/New_York
	0VA1	America/New_York
	0VA2	America/New_York
	0VA3	America/New_York
	0VA4	America/New_York
	0VI1	America/New_York
	0WA1	America/Los_Angeles
	0WA2	America/Los_Angeles
	0WI1	America/Chicago
	0WI2	America/Chicago
	0WI4	America/Chicago
	0WI5	America/Chicago
	0WI6	America/Chicago
	0WI7	America/Chicago
	0WN0	America/Los_Angeles
	0WN1	America/Los_Angeles
	0WN2	America/Los_Angeles
	0WS7	America/Chicago
	0WY0	America/Denver
	0WY1	America/Denver
	0XA0	America/Chicago
	0XA4	America/Chicago
	0XA5	America/Chicago
	0XA7	America/Chicago
	0XS2	America/Chicago
	0XS7	America/Chicago
	0XS8	America/Chicago
	0XS9	America/Chicago
	10AK	America/Anchorage
	10AN	America/Anchorage
	10AR	America/Chicago
	10AZ	America/Phoenix
	10CO	America/Denver
	10FA	America/New_York
	10FD	America/New_York
	10GA	America/New_York
	10IA	America/Chicago
	10ID	America/Boise
	10IN	America/Indiana/Indianapolis
	10KY	America/Chicago
	10LA	America/Chicago
	10LS	America/Chicago
	10MO	America/Chicago
	10NC	America/New_York
	10ND	America/Denver
	10OK	America/Chicago
	10TN	America/Chicago
	10TS	America/Chicago
	10TT	America/Chicago
	10VA	America/New_York
	10WI	America/Chicago
	10WY	America/Denver
	10XA	America/Chicago
	10XS	America/Chicago
	11AK	America/Anchorage
	11AZ	America/Phoenix
	11FA	America/New_York
	11FL	America/New_York
	11IA	America/Chicago
	11IN	America/Indiana/Indianapolis
	11KS	America/Chicago
	11LL	America/Chicago
	11LS	America/Chicago
	11MA	America/New_York
	11MD	America/New_York
	11MO	America/Chicago
	11MT	America/Denver
	11NK	America/New_York
	11NY	America/New_York
	11OA	America/New_York
	11OR	America/Los_Angeles
	11PN	America/New_York
	11TE	America/Chicago
	11TN	America/Chicago
	11UT	America/Denver
	11VG	America/New_York
	11WA	America/Los_Angeles
	11WY	America/Denver
	11XA	America/Chicago
	12AR	America/Chicago
	12AZ	America/Phoenix
	12CL	America/Los_Angeles
	12CN	America/Los_Angeles
	12IA	America/Chicago
	12ID	America/Boise
	12IN	America/Chicago
	12KS	America/Chicago
	12KY	America/New_York
	12LA	America/Chicago
	12LS	America/Chicago
	12ME	America/New_York
	12MT	America/Denver
	12NC	America/New_York
	12ND	America/Chicago
	12NE	America/Denver
	12NH	America/New_York
	12NK	America/New_York
	12NY	America/New_York
	12OH	America/New_York
	12OK	America/Chicago
	12OR	America/Boise
	12SC	America/New_York
	12TA	America/Chicago
	12TN	America/New_York
	12TS	America/Chicago
	12TT	America/Chicago
	12TX	America/Chicago
	12UT	America/Denver
	12VA	America/New_York
	12WA	America/Los_Angeles
	12WV	America/New_York
	12WY	America/Denver
	13AK	America/Anchorage
	13FA	America/New_York
	13GA	America/New_York
	13GE	America/New_York
	13IN	America/Indiana/Indianapolis
	13KS	America/Chicago
	13KY	America/Chicago
	13ME	America/New_York
	13MO	America/Chicago
	13MS	America/Chicago
	13MT	America/Denver
	13NC	America/New_York
	13NE	America/Chicago
	13NM	America/Denver
	13NR	America/New_York
	13OR	America/Los_Angeles
	13PA	America/New_York
	13TE	America/Chicago
	13TS	America/Chicago
	13TT	America/Chicago
	13TX	America/Chicago
	13WA	America/Los_Angeles
	13WI	America/Chicago
	13XA	America/Chicago
	14AK	America/Anchorage
	14AZ	America/Phoenix
	14IA	America/Chicago
	14ID	America/Boise
	14KS	America/Chicago
	14KY	America/New_York
	14LA	America/Chicago
	14MO	America/Chicago
	14MS	America/Chicago
	14MT	America/Denver
	14NC	America/New_York
	14ND	America/Denver
	14OH	America/New_York
	14TA	America/Chicago
	14TS	America/Chicago
	14TT	America/Chicago
	14TX	America/Chicago
	14VA	America/New_York
	14VG	America/New_York
	14VT	America/New_York
	14WA	America/Los_Angeles
	14WS	America/Chicago
	14XA	America/Chicago
	14XS	America/Chicago
	15AK	America/Anchorage
	15AR	America/Chicago
	15CL	America/Los_Angeles
	15FL	America/New_York
	15IA	America/Chicago
	15ID	America/Los_Angeles
	15IL	America/Chicago
	15IN	America/Chicago
	15LL	America/Chicago
	15MA	America/New_York
	15ME	America/New_York
	15MN	America/Chicago
	15MO	America/Chicago
	15MT	America/Denver
	15NC	America/New_York
	15NE	America/Chicago
	15OK	America/Chicago
	15TA	America/Chicago
	15TT	America/Chicago
	15TX	America/Chicago
	15UT	America/Denver
	15VA	America/New_York
	15WA	America/Los_Angeles
	15WI	America/Chicago
	15XA	America/Chicago
	15XS	America/Chicago
	16AK	America/Anchorage
	16AR	America/Chicago
	16AZ	America/Phoenix
	16CO	America/Denver
	16FA	America/New_York
	16FD	America/New_York
	16FL	America/Chicago
	16IA	America/Chicago
	16IL	America/Chicago
	16KS	America/Chicago
	16LS	America/Chicago
	16MD	America/New_York
	16MI	America/Detroit
	16MO	America/Chicago
	16MT	America/Denver
	16NC	America/New_York
	16ND	America/Chicago
	16NE	America/Chicago
	16NY	America/New_York
	16OH	America/New_York
	16OI	America/New_York
	16OK	America/Chicago
	16SC	America/New_York
	16TA	America/Chicago
	16TE	America/Chicago
	16TT	America/Chicago
	16TX	America/Chicago
	16UT	America/Denver
	16VA	America/New_York
	16WA	America/Los_Angeles
	16XS	America/Chicago
	17AR	America/Chicago
	17CL	America/Los_Angeles
	17CO	America/Denver
	17FA	America/New_York
	17FL	America/New_York
	17GA	America/New_York
	17ID	America/Boise
	17II	America/Indiana/Indianapolis
	17IN	America/New_York
	17KS	America/Chicago
	17LS	America/Chicago
	17ME	America/New_York
	17MO	America/Chicago
	17MT	America/Denver
	17MU	America/Chicago
	17NC	America/New_York
	17NK	America/New_York
	17NR	America/New_York
	17OH	America/New_York
	17OI	America/New_York
	17OK	America/Chicago
	17OR	America/Los_Angeles
	17SD	America/Chicago
	17TE	America/Chicago
	17TN	America/New_York
	17TX	America/Chicago
	17WI	America/Chicago
	17WT	America/Los_Angeles
	17XA	America/Chicago
	17XS	America/Chicago
	18AA	America/Juneau
	18AR	America/Chicago
	18AZ	America/Phoenix
	18CL	America/Los_Angeles
	18FD	America/Chicago
	18GA	America/New_York
	18GE	America/New_York
	18HI	Pacific/Honolulu
	18II	America/Indiana/Indianapolis
	18IN	America/Indiana/Indianapolis
	18JY	America/Los_Angeles
	18KS	America/Chicago
	18ME	America/New_York
	18MI	America/Detroit
	18MN	America/Chicago
	18MO	America/Chicago
	18MS	America/Chicago
	18MT	America/Denver
	18NC	America/New_York
	18ND	America/Chicago
	18NR	America/New_York
	18NV	America/Los_Angeles
	18NY	America/New_York
	18OI	America/New_York
	18OR	America/Los_Angeles
	18PA	America/New_York
	18PN	America/New_York
	18SC	America/New_York
	18SD	America/Chicago
	18TA	America/Chicago
	18TE	America/Chicago
	18TT	America/Chicago
	18TX	America/Chicago
	18WV	America/New_York
	18XA	America/Chicago
	19AR	America/Chicago
	19AZ	America/Phoenix
	19GA	America/New_York
	19IA	America/Chicago
	19IN	America/Indiana/Indianapolis
	19KY	America/New_York
	19LA	America/Chicago
	19LL	America/Chicago
	19ME	America/Toronto
	19MO	America/Chicago
	19MS	America/Chicago
	19MT	America/Denver
	19NC	America/New_York
	19NE	America/Chicago
	19NK	America/New_York
	19NY	America/New_York
	19OR	America/Los_Angeles
	19PN	America/New_York
	19SC	America/New_York
	19TN	America/Chicago
	19TS	America/Chicago
	19VA	America/New_York
	19WA	America/Los_Angeles
	19XS	America/Chicago
	1AA0	America/New_York
	1AK1	America/Anchorage
	1AK2	America/Anchorage
	1AK4	America/Anchorage
	1AK6	America/Anchorage
	1AK8	America/Anchorage
	1AL2	America/Chicago
	1AL4	America/Chicago
	1AL5	America/Chicago
	1AL8	America/Chicago
	1AR1	America/Chicago
	1AR2	America/Chicago
	1AR4	America/Chicago
	1AR5	America/Chicago
	1AR6	America/Chicago
	1AR9	America/Chicago
	1AZ0	America/Phoenix
	1AZ2	America/Phoenix
	1AZ6	America/Phoenix
	1AZ8	America/Phoenix
	1CA6	America/Los_Angeles
	1CD1	America/Denver
	1CD2	America/Denver
	1CD4	America/Denver
	1CL1	America/Los_Angeles
	1CL2	America/Los_Angeles
	1CO2	America/Denver
	1CO3	America/Denver
	1CO4	America/Denver
	1CO5	America/Denver
	1CO8	America/Denver
	1DE5	America/New_York
	1FA1	America/New_York
	1FA3	America/New_York
	1FA9	America/New_York
	1FD4	America/New_York
	1GA0	America/New_York
	1GA2	America/New_York
	1GA6	America/New_York
	1GA8	America/New_York
	1GA9	America/New_York
	1GE2	America/New_York
	1GE3	America/New_York
	1GE5	America/New_York
	1GE6	America/New_York
	1GE7	America/New_York
	1GE9	America/New_York
	1ID3	America/Los_Angeles
	1ID4	America/Boise
	1ID7	America/Boise
	1ID9	America/Boise
	1II0	America/Indiana/Indianapolis
	1II5	America/Indiana/Knox
	1IL0	America/Chicago
	1IL4	America/Chicago
	1IL9	America/Chicago
	1IN1	America/Indiana/Indianapolis
	1IN3	America/Indiana/Indianapolis
	1IN4	America/Kentucky/Louisville
	1IN5	America/Chicago
	1IN6	America/Indiana/Indianapolis
	1IN9	America/Indiana/Indianapolis
	1IS2	America/Chicago
	1IS3	America/Chicago
	1JY2	America/Los_Angeles
	1KS1	America/Chicago
	1KS2	America/Chicago
	1KS3	America/Chicago
	1KS4	America/Chicago
	1KS6	America/Chicago
	1KS8	America/Chicago
	1KS9	America/Chicago
	1KY7	America/New_York
	1LA1	America/Chicago
	1LA3	America/Chicago
	1LA4	America/Chicago
	1LA5	America/Chicago
	1LA9	America/Chicago
	1LL4	America/Chicago
	1LL5	America/Chicago
	1LL8	America/Chicago
	1LS8	America/Chicago
	1MA5	America/New_York
	1MD1	America/New_York
	1MD8	America/New_York
	1MI3	America/Detroit
	1MI4	America/Detroit
	1MI5	America/Detroit
	1MI6	America/Detroit
	1MN0	America/Chicago
	1MN2	America/Chicago
	1MN5	America/Chicago
	1MN8	America/Chicago
	1MO2	America/Chicago
	1MO3	America/Chicago
	1MO4	America/Chicago
	1MO6	America/Chicago
	1MO7	America/Chicago
	1MO8	America/Chicago
	1MS2	America/Chicago
	1MS8	America/Chicago
	1MT0	America/Denver
	1MT3	America/Denver
	1MT4	America/Denver
	1MT6	America/Denver
	1MT7	America/Denver
	1MT9	America/Denver
	1MU0	America/Chicago
	1MU2	America/Chicago
	1MU8	America/Chicago
	1MY1	America/Chicago
	1NA5	America/Chicago
	1NA8	America/Chicago
	1NC0	America/New_York
	1NC2	America/New_York
	1NC3	America/New_York
	1NC4	America/New_York
	1NC5	America/New_York
	1NC6	America/New_York
	1NC8	America/New_York
	1ND4	America/Chicago
	1NE2	America/Chicago
	1NE5	America/Chicago
	1NK6	America/New_York
	1NK7	America/New_York
	1NK8	America/New_York
	1NM0	America/Denver
	1NR7	America/New_York
	1NV1	America/Los_Angeles
	1NY3	America/New_York
	1OA1	America/New_York
	1OA2	America/New_York
	1OA4	America/New_York
	1OH1	America/New_York
	1OH2	America/New_York
	1OH3	America/New_York
	1OH9	America/New_York
	1OI6	America/New_York
	1OK0	America/Chicago
	1OK1	America/Chicago
	1OK2	America/Chicago
	1OK3	America/Chicago
	1OK6	America/Chicago
	1OK7	America/Chicago
	1OK8	America/Chicago
	1OK9	America/Chicago
	1OL2	America/Chicago
	1OR0	America/Los_Angeles
	1OR3	America/Los_Angeles
	1OR5	America/Los_Angeles
	1OR7	America/Los_Angeles
	1PA0	America/New_York
	1PA3	America/New_York
	1PA4	America/New_York
	1PN7	America/New_York
	1PS0	America/New_York
	1PS9	America/New_York
	1SC1	America/New_York
	1SC2	America/New_York
	1SD0	America/Denver
	1SD1	America/Chicago
	1SD3	America/Chicago
	1SD4	America/Denver
	1SD5	America/Chicago
	1SD6	America/Denver
	1TA1	America/Chicago
	1TA2	America/Chicago
	1TA4	America/Chicago
	1TA7	America/Chicago
	1TE0	America/Chicago
	1TE1	America/Chicago
	1TE4	America/Chicago
	1TE5	America/Chicago
	1TE8	America/Chicago
	1TE9	America/Chicago
	1TN0	America/Chicago
	1TN2	America/Chicago
	1TN3	America/Chicago
	1TN7	America/Chicago
	1TN8	America/New_York
	1TN9	America/New_York
	1TS1	America/Chicago
	1TS6	America/Chicago
	1TS8	America/Chicago
	1TS9	America/Chicago
	1TX0	America/Chicago
	1TX3	America/Chicago
	1TX5	America/Chicago
	1TX6	America/Chicago
	1TX9	America/Chicago
	1UT9	America/Denver
	1VA0	America/New_York
	1VA1	America/New_York
	1VA3	America/New_York
	1VA8	America/New_York
	1VG2	America/New_York
	1VT8	America/New_York
	1WA2	America/Los_Angeles
	1WA6	America/Los_Angeles
	1WI3	America/Chicago
	1WI6	America/Chicago
	1WI7	America/Chicago
	1WN0	America/Los_Angeles
	1WN3	America/Chicago
	1XA0	America/Chicago
	1XA1	America/Chicago
	1XA4	America/Chicago
	1XA5	America/Chicago
	1XA7	America/Chicago
	1XA8	America/Chicago
	1XS0	America/Chicago
	1XS1	America/Chicago
	1XS2	America/Chicago
	1XS4	America/Chicago
	1XS8	America/Chicago
	20AK	America/Anchorage
	20AR	America/Chicago
	20CL	America/Los_Angeles
	20FD	America/New_York
	20FL	America/New_York
	20GA	America/New_York
	20IA	America/Chicago
	20ID	America/Boise
	20IN	America/Indiana/Indianapolis
	20IS	America/Chicago
	20KS	America/Chicago
	20KT	America/Chicago
	20KY	America/New_York
	20LS	America/Chicago
	20MS	America/Chicago
	20MT	America/Denver
	20NV	America/Los_Angeles
	20NY	America/New_York
	20OH	America/New_York
	20OR	America/Los_Angeles
	20SD	America/Chicago
	20TN	America/New_York
	20TT	America/Chicago
	20VA	America/New_York
	20VG	America/New_York
	20WI	America/Chicago
	20XS	America/Chicago
	21AK	America/Anchorage
	21AR	America/Chicago
	21AZ	America/Phoenix
	21FA	America/New_York
	21FL	America/New_York
	21IN	America/Indiana/Indianapolis
	21LA	America/Chicago
	21LS	America/Chicago
	21ME	America/New_York
	21MO	America/Chicago
	21MS	America/Chicago
	21MT	America/Denver
	21MU	America/Chicago
	21ND	America/Chicago
	21NH	America/New_York
	21NK	America/New_York
	21OG	America/Los_Angeles
	21OI	America/New_York
	21TT	America/Chicago
	21TX	America/Chicago
	21UT	America/Denver
	21VA	America/New_York
	21XS	America/Chicago
	22CL	America/Los_Angeles
	22CO	America/Denver
	22FA	America/New_York
	22GA	America/New_York
	22ID	America/Boise
	22II	America/Chicago
	22IL	America/Chicago
	22IN	America/Indiana/Indianapolis
	22LA	America/Chicago
	22LS	America/Chicago
	22MD	America/New_York
	22MS	America/Chicago
	22MT	America/Denver
	22NC	America/New_York
	22OG	America/Los_Angeles
	22OK	America/Chicago
	22OR	America/Los_Angeles
	22TA	America/Chicago
	22UT	America/Phoenix
	22WN	America/Chicago
	22WY	America/Denver
	22XA	America/Chicago
	22XS	America/Chicago
	23AK	America/Anchorage
	23AR	America/Chicago
	23AZ	America/Phoenix
	23CD	America/Denver
	23CO	America/Denver
	23DE	America/New_York
	23FL	America/New_York
	23GE	America/New_York
	23ID	America/Boise
	23JY	America/Chicago
	23KS	America/Chicago
	23KY	America/Chicago
	23LA	America/Chicago
	23MI	America/Detroit
	23MN	America/Chicago
	23MO	America/Chicago
	23MS	America/Chicago
	23MT	America/Denver
	23MU	America/Chicago
	23NH	America/New_York
	23NJ	America/New_York
	23NK	America/New_York
	23NR	America/New_York
	23PA	America/New_York
	23TA	America/Chicago
	23TS	America/Chicago
	23VA	America/New_York
	23WN	America/Chicago
	23XA	America/Chicago
	23XS	America/Chicago
	24AR	America/Chicago
	24AZ	America/Phoenix
	24CL	America/Los_Angeles
	24CO	America/Denver
	24CT	America/New_York
	24FL	America/Chicago
	24IA	America/Chicago
	24ID	America/Boise
	24IN	America/Indiana/Indianapolis
	24KS	America/Chicago
	24LA	America/Chicago
	24LL	America/Chicago
	24ME	America/New_York
	24MO	America/Chicago
	24MT	America/Denver
	24NC	America/New_York
	24NE	America/Denver
	24NJ	America/New_York
	24NR	America/New_York
	24OI	America/New_York
	24PS	America/New_York
	24SC	America/New_York
	24TA	America/Chicago
	24TT	America/Chicago
	24VA	America/New_York
	24XA	America/Chicago
	25AA	America/Anchorage
	25AK	America/Anchorage
	25AR	America/Chicago
	25AZ	America/Phoenix
	25CA	America/Los_Angeles
	25CD	America/Denver
	25CL	America/Los_Angeles
	25CO	America/Denver
	25FL	America/New_York
	25GA	America/New_York
	25IA	America/Chicago
	25IL	America/Chicago
	25IN	America/Indiana/Indianapolis
	25KS	America/Chicago
	25LA	America/Chicago
	25MD	America/New_York
	25MI	America/Detroit
	25MO	America/Chicago
	25MT	America/Denver
	25NC	America/New_York
	25ND	America/North_Dakota/New_Salem
	25NH	America/New_York
	25NK	America/New_York
	25NM	America/Denver
	25OK	America/Chicago
	25SC	America/New_York
	25TA	America/Chicago
	25TS	America/Chicago
	25TX	America/Chicago
	25VA	America/New_York
	25VG	America/New_York
	25WN	America/Chicago
	25XA	America/Chicago
	25XS	America/Chicago
	26AL	America/Chicago
	26AR	America/Chicago
	26AS	America/Chicago
	26AZ	America/Phoenix
	26CA	America/Los_Angeles
	26CL	America/Los_Angeles
	26FD	America/New_York
	26GA	America/New_York
	26IA	America/Chicago
	26ID	America/Los_Angeles
	26IL	America/Chicago
	26IS	America/Chicago
	26MA	America/New_York
	26MI	America/Detroit
	26MN	America/Chicago
	26MT	America/Denver
	26NC	America/New_York
	26ND	America/North_Dakota/New_Salem
	26NV	America/Los_Angeles
	26OG	America/Los_Angeles
	26OH	America/New_York
	26OK	America/Chicago
	26WI	America/Chicago
	26XS	America/Chicago
	27AK	America/Anchorage
	27AL	America/Chicago
	27AZ	America/Phoenix
	27CA	America/Los_Angeles
	27CL	America/Los_Angeles
	27FA	America/New_York
	27GA	America/New_York
	27IA	America/Chicago
	27ID	America/Boise
	27IS	America/Chicago
	27KS	America/Denver
	27LL	America/Chicago
	27MD	America/New_York
	27MI	America/Detroit
	27MN	America/Chicago
	27MO	America/Chicago
	27MS	America/Chicago
	27ND	America/Chicago
	27NE	America/Denver
	27NK	America/New_York
	27NR	America/New_York
	27OH	America/New_York
	27OK	America/Chicago
	27PS	America/New_York
	27TX	America/Chicago
	27WA	America/Los_Angeles
	27WI	America/Chicago
	27WV	America/New_York
	27XS	America/Chicago
	28AK	America/Anchorage
	28AL	America/Chicago
	28AR	America/Chicago
	28AZ	America/Phoenix
	28CA	America/Los_Angeles
	28DE	America/New_York
	28FL	America/New_York
	28ID	America/Los_Angeles
	28II	America/Kentucky/Louisville
	28KY	America/Chicago
	28MA	America/New_York
	28MI	America/Detroit
	28MN	America/Chicago
	28MO	America/Chicago
	28MT	America/Denver
	28NE	America/Chicago
	28NK	America/New_York
	28NR	America/New_York
	28NY	America/New_York
	28OH	America/New_York
	28OK	America/Chicago
	28OR	America/Los_Angeles
	28PA	America/New_York
	28TA	America/Chicago
	28TE	America/Chicago
	28TT	America/Chicago
	28TX	America/Chicago
	28WA	America/Los_Angeles
	28WI	America/Chicago
	29AK	America/Anchorage
	29CN	America/Los_Angeles
	29GA	America/New_York
	29IA	America/Chicago
	29ID	America/Boise
	29IL	America/Chicago
	29IN	America/Indiana/Indianapolis
	29KY	America/Chicago
	29MI	America/Detroit
	29MN	America/Chicago
	29MO	America/Chicago
	29MT	America/Denver
	29NC	America/New_York
	29OH	America/New_York
	29OK	America/Chicago
	29OR	America/Los_Angeles
	29PA	America/New_York
	29SC	America/New_York
	29TX	America/Chicago
	29VA	America/New_York
	2AK0	America/Anchorage
	2AK1	America/Anchorage
	2AK2	America/Anchorage
	2AK4	America/Anchorage
	2AK5	America/Anchorage
	2AK7	America/Anchorage
	2AK8	America/Anchorage
	2AK9	America/Nome
	2AL1	America/Chicago
	2AL3	America/Chicago
	2AL4	America/Chicago
	2AL5	America/Chicago
	2AL6	America/Chicago
	2AL7	America/Chicago
	2AL8	America/Chicago
	2AR0	America/Chicago
	2AR1	America/Chicago
	2AR4	America/Chicago
	2AR7	America/Chicago
	2AR8	America/Chicago
	2AZ1	America/Phoenix
	2AZ4	America/Phoenix
	2AZ9	America/Phoenix
	2CA2	America/Los_Angeles
	2CA4	America/Los_Angeles
	2CA8	America/Los_Angeles
	2CD3	America/Denver
	2CD4	America/Denver
	2CD6	America/Denver
	2CD9	America/Denver
	2CL1	America/Los_Angeles
	2CL3	America/Los_Angeles
	2CL9	America/Los_Angeles
	2CN3	America/Los_Angeles
	2CN4	America/Los_Angeles
	2CN8	America/Los_Angeles
	2CO2	America/Denver
	2CO3	America/Denver
	2CO5	America/Denver
	2DE2	America/New_York
	2DE3	America/New_York
	2DE8	America/New_York
	2FA1	America/New_York
	2FA2	America/New_York
	2FA3	America/Chicago
	2FA5	America/New_York
	2FA6	America/New_York
	2FA7	America/New_York
	2FA9	America/New_York
	2FD0	America/New_York
	2FD1	America/New_York
	2FD2	America/New_York
	2FD6	America/New_York
	2FL0	America/New_York
	2FL3	America/New_York
	2GA0	America/New_York
	2GA1	America/New_York
	2GA2	America/New_York
	2GA5	America/New_York
	2GA7	America/New_York
	2GA8	America/New_York
	2GA9	America/New_York
	2GE8	America/New_York
	2IA7	America/Chicago
	2IA9	America/Chicago
	2ID2	America/Boise
	2ID3	America/Boise
	2ID5	America/Boise
	2ID6	America/Boise
	2II3	America/Indiana/Indianapolis
	2II6	America/Indiana/Indianapolis
	2IL0	America/Chicago
	2IL1	America/Chicago
	2IL2	America/Chicago
	2IL7	America/Chicago
	2IL8	America/Chicago
	2IL9	America/Chicago
	2IN0	America/Indiana/Indianapolis
	2IN2	America/Indiana/Indianapolis
	2IN3	America/Indiana/Winamac
	2IN4	America/Indiana/Indianapolis
	2IN6	America/Indiana/Indianapolis
	2IS3	America/Chicago
	2IS9	America/Chicago
	2KS2	America/Chicago
	2KS3	America/Chicago
	2KS4	America/Chicago
	2KS6	America/Chicago
	2KS8	America/Chicago
	2KS9	America/Chicago
	2KT1	America/New_York
	2KT4	America/Chicago
	2KY0	America/Chicago
	2KY4	America/New_York
	2KY5	America/New_York
	2LA0	America/Chicago
	2LA3	America/Chicago
	2LA4	America/Chicago
	2LA5	America/Chicago
	2LA6	America/Chicago
	2LA7	America/Chicago
	2LL2	America/Chicago
	2LL3	America/Chicago
	2LL7	America/Chicago
	2LS3	America/Chicago
	2MD1	America/New_York
	2MD4	America/New_York
	2MD6	America/New_York
	2MD8	America/New_York
	2ME3	America/New_York
	2MI3	America/Detroit
	2MI5	America/Detroit
	2MI6	America/Detroit
	2MI8	America/Detroit
	2MI9	America/Detroit
	2MN0	America/Chicago
	2MN2	America/Chicago
	2MN4	America/Chicago
	2MN6	America/Chicago
	2MN7	America/Chicago
	2MN8	America/Chicago
	2MO0	America/Chicago
	2MO1	America/Chicago
	2MO2	America/Chicago
	2MO4	America/Chicago
	2MO6	America/Chicago
	2MO7	America/Chicago
	2MO8	America/Chicago
	2MO9	America/Chicago
	2MS3	America/Chicago
	2MS8	America/Chicago
	2MT0	America/Denver
	2MT1	America/Denver
	2MT2	America/Denver
	2MT5	America/Denver
	2MT8	America/Denver
	2MT9	America/Denver
	2MY2	America/Chicago
	2MY5	America/Chicago
	2NA0	America/Chicago
	2NC0	America/New_York
	2NC1	America/New_York
	2NC4	America/New_York
	2NC6	America/New_York
	2NC7	America/New_York
	2NC8	America/New_York
	2ND0	America/Chicago
	2ND1	America/Chicago
	2ND2	America/Chicago
	2ND3	America/Chicago
	2ND5	America/Chicago
	2ND8	America/Chicago
	2ND9	America/Chicago
	2NE0	America/Chicago
	2NE3	America/Chicago
	2NE6	America/Denver
	2NE7	America/Denver
	2NE8	America/Chicago
	2NH5	America/New_York
	2NJ1	America/New_York
	2NJ3	America/New_York
	2NJ5	America/New_York
	2NK3	America/New_York
	2NK5	America/New_York
	2NK9	America/New_York
	2NM9	America/Denver
	2NR2	America/New_York
	2NV2	America/Los_Angeles
	2NY0	America/New_York
	2NY7	America/New_York
	2NY9	America/New_York
	2OA1	America/New_York
	2OA2	America/New_York
	2OA4	America/New_York
	2OA5	America/New_York
	2OA6	America/New_York
	2OG4	America/Los_Angeles
	2OH0	America/New_York
	2OH4	America/New_York
	2OH6	America/New_York
	2OH7	America/New_York
	2OH8	America/New_York
	2OI4	America/New_York
	2OK0	America/Chicago
	2OK1	America/Chicago
	2OK2	America/Chicago
	2OK3	America/Chicago
	2OK4	America/Chicago
	2OK6	America/Chicago
	2OK7	America/Chicago
	2OK9	America/Chicago
	2OR0	America/Los_Angeles
	2OR1	America/Los_Angeles
	2OR3	America/Los_Angeles
	2OR4	America/Los_Angeles
	2OR6	America/Boise
	2PA1	America/New_York
	2PA2	America/New_York
	2PA3	America/New_York
	2PA4	America/New_York
	2PA6	America/New_York
	2PA8	America/New_York
	2PN1	America/New_York
	2PN5	America/New_York
	2PN7	America/New_York
	2PS3	America/New_York
	2SC5	America/New_York
	2SC7	America/New_York
	2SC8	America/New_York
	2SD0	America/Denver
	2SD3	America/Chicago
	2SD4	America/Chicago
	2SD7	America/Chicago
	2SD8	America/Chicago
	2SD9	America/Chicago
	2TA0	America/Chicago
	2TA3	America/Chicago
	2TA4	America/Chicago
	2TA8	America/Chicago
	2TA9	America/Chicago
	2TE2	America/Chicago
	2TE4	America/Chicago
	2TE5	America/Chicago
	2TE6	America/Chicago
	2TE7	America/Chicago
	2TE8	America/Chicago
	2TN2	America/Chicago
	2TN3	America/Chicago
	2TN4	America/Chicago
	2TN7	America/New_York
	2TN8	America/Chicago
	2TS2	America/Chicago
	2TS3	America/Chicago
	2TS8	America/Chicago
	2TS9	America/Chicago
	2TX0	America/Chicago
	2TX1	America/Chicago
	2TX4	America/Chicago
	2TX5	America/Chicago
	2TX6	America/Chicago
	2TX7	America/Chicago
	2TX8	America/Chicago
	2TX9	America/Chicago
	2UT2	America/Denver
	2UT3	America/Denver
	2UT9	America/Denver
	2VA1	America/New_York
	2VA2	America/New_York
	2VA3	America/New_York
	2VA5	America/New_York
	2VA6	America/New_York
	2VG3	America/New_York
	2VG7	America/New_York
	2VG8	America/New_York
	2WA1	America/Los_Angeles
	2WA2	America/Los_Angeles
	2WA3	America/Los_Angeles
	2WA6	America/Los_Angeles
	2WA8	America/Los_Angeles
	2WA9	America/Los_Angeles
	2WI1	America/Chicago
	2WI4	America/Chicago
	2WI5	America/Chicago
	2WI6	America/Chicago
	2WI7	America/Chicago
	2WI8	America/Chicago
	2WN3	America/Chicago
	2WN5	America/Chicago
	2WN6	America/Chicago
	2WN7	America/Chicago
	2WN9	America/Los_Angeles
	2WS2	America/Chicago
	2WS3	America/Chicago
	2WV3	America/New_York
	2WV5	America/New_York
	2WY8	America/Denver
	2XA1	America/Chicago
	2XA2	America/Chicago
	2XA5	America/Chicago
	2XA7	America/Chicago
	2XS1	America/Chicago
	2XS2	America/Chicago
	2XS3	America/Chicago
	2XS5	America/Chicago
	2XS7	America/Chicago
	2XS8	America/Chicago
	30AK	America/Anchorage
	30AR	America/Chicago
	30AZ	America/Phoenix
	30CO	America/Denver
	30GA	America/New_York
	30GE	America/New_York
	30ID	America/Boise
	30IN	America/Indiana/Indianapolis
	30IS	America/Chicago
	30KS	America/Chicago
	30LL	America/Chicago
	30MI	America/Detroit
	30MO	America/Chicago
	30MT	America/Denver
	30NC	America/New_York
	30NE	America/Chicago
	30NY	America/New_York
	30OR	America/Los_Angeles
	30PA	America/New_York
	30SD	America/Chicago
	30TA	America/Chicago
	30TE	America/Chicago
	30TS	America/Chicago
	30TX	America/Chicago
	30WI	America/Chicago
	31AK	America/Anchorage
	31CD	America/Denver
	31CO	America/Denver
	31FA	America/New_York
	31FL	America/New_York
	31GE	America/New_York
	31ID	America/Los_Angeles
	31II	America/New_York
	31IN	America/Indiana/Indianapolis
	31KY	America/New_York
	31MA	America/New_York
	31MO	America/Chicago
	31MT	America/Denver
	31TX	America/Chicago
	31VA	America/New_York
	31WI	America/Chicago
	31WN	America/Chicago
	31XA	America/Chicago
	31XS	America/Chicago
	32CA	America/Los_Angeles
	32CL	America/Los_Angeles
	32CO	America/Denver
	32FA	America/New_York
	32GA	America/New_York
	32ID	America/Boise
	32II	America/Indiana/Vevay
	32IN	America/New_York
	32IS	America/Chicago
	32KS	America/Chicago
	32LS	America/Chicago
	32MD	America/New_York
	32MN	America/Chicago
	32MS	America/Chicago
	32MT	America/Denver
	32NC	America/New_York
	32NR	America/New_York
	32OH	America/New_York
	32OK	America/Chicago
	32OR	America/Los_Angeles
	32PN	America/New_York
	32TA	America/Chicago
	32TE	America/Chicago
	32TT	America/Chicago
	32TX	America/Chicago
	32WA	America/Los_Angeles
	32WI	America/Chicago
	32WY	America/Denver
	33AK	America/Anchorage
	33AR	America/Chicago
	33AZ	America/Phoenix
	33CL	America/Los_Angeles
	33CO	America/Denver
	33CT	America/New_York
	33FA	America/New_York
	33FD	America/New_York
	33FL	America/New_York
	33GA	America/New_York
	33IA	America/Chicago
	33ID	America/Boise
	33IL	America/Chicago
	33KS	America/Chicago
	33KY	America/Chicago
	33LA	America/Chicago
	33MN	America/Chicago
	33MS	America/Chicago
	33NC	America/New_York
	33NE	America/Denver
	33NY	America/New_York
	33OK	America/Chicago
	33OR	America/Los_Angeles
	33TA	America/Chicago
	33TE	America/Chicago
	33VA	America/New_York
	33VT	America/New_York
	33WA	America/Los_Angeles
	33WY	America/Denver
	33XA	America/Chicago
	34AK	America/Anchorage
	34AR	America/Chicago
	34CD	America/Denver
	34CN	America/Los_Angeles
	34CO	America/Denver
	34FD	America/New_York
	34FL	America/Chicago
	34IA	America/Chicago
	34ID	America/Los_Angeles
	34II	America/Indiana/Indianapolis
	34IL	America/Chicago
	34IN	America/Indiana/Indianapolis
	34KY	America/Chicago
	34LA	America/Chicago
	34MI	America/Detroit
	34ND	America/Chicago
	34NE	America/Chicago
	34NJ	America/New_York
	34NY	America/New_York
	34OH	America/New_York
	34OI	America/New_York
	34OK	America/Chicago
	34PA	America/New_York
	34PN	America/New_York
	34SC	America/New_York
	34TA	America/Chicago
	34TE	America/Chicago
	34TS	America/Chicago
	34WI	America/Chicago
	34XS	America/Chicago
	35AK	America/Anchorage
	35AR	America/Chicago
	35AZ	America/Phoenix
	35CN	America/Los_Angeles
	35CO	America/Denver
	35FA	America/New_York
	35FD	America/New_York
	35IA	America/Chicago
	35ID	America/Boise
	35IL	America/Chicago
	35IN	America/Indiana/Indianapolis
	35IS	America/Chicago
	35KY	America/Chicago
	35LA	America/Chicago
	35ME	America/New_York
	35MN	America/Chicago
	35MT	America/Denver
	35NE	America/Denver
	35NK	America/New_York
	35NR	America/New_York
	35OK	America/Chicago
	35OL	America/Chicago
	35TE	America/Chicago
	35TT	America/Chicago
	35TX	America/Chicago
	35WA	America/Los_Angeles
	35XA	America/Chicago
	36AK	America/Anchorage
	36AL	America/Chicago
	36AR	America/Chicago
	36CA	America/Los_Angeles
	36IA	America/Chicago
	36II	America/Indiana/Indianapolis
	36KS	America/Chicago
	36KY	America/New_York
	36MN	America/Chicago
	36MO	America/Chicago
	36MS	America/Chicago
	36MT	America/Denver
	36NC	America/New_York
	36NE	America/Chicago
	36OH	America/New_York
	36OR	America/Los_Angeles
	36TN	America/Chicago
	36TT	America/Chicago
	36WA	America/Los_Angeles
	36WI	America/Chicago
	36XS	America/Chicago
	37AR	America/Chicago
	37AZ	America/Phoenix
	37CA	America/Los_Angeles
	37CL	America/Los_Angeles
	37CN	America/Los_Angeles
	37FL	America/New_York
	37IA	America/Chicago
	37ID	America/Los_Angeles
	37IL	America/Chicago
	37IN	America/Indiana/Indianapolis
	37IS	America/Chicago
	37LA	America/Chicago
	37LL	America/Chicago
	37MO	America/Chicago
	37MS	America/Chicago
	37ND	America/Denver
	37NE	America/Chicago
	37OR	America/Los_Angeles
	37TE	America/Chicago
	37TS	America/Chicago
	37TX	America/Chicago
	37WA	America/Los_Angeles
	37WI	America/Chicago
	37XA	America/Chicago
	38AL	America/Chicago
	38AR	America/Chicago
	38CL	America/Los_Angeles
	38CN	America/Los_Angeles
	38IA	America/Chicago
	38ID	America/Boise
	38II	America/Indiana/Indianapolis
	38IL	America/Chicago
	38IN	America/Indiana/Indianapolis
	38IS	America/Chicago
	38LA	America/Chicago
	38MI	America/Detroit
	38MO	America/Chicago
	38MS	America/Chicago
	38NC	America/New_York
	38ND	America/Chicago
	38NE	America/Chicago
	38OH	America/New_York
	38OI	America/New_York
	38PA	America/New_York
	38TN	America/Chicago
	38TT	America/Chicago
	38UT	America/Denver
	38VT	America/New_York
	38WI	America/Chicago
	38WT	America/Los_Angeles
	38WV	America/New_York
	38XA	America/Chicago
	38XS	America/Chicago
	39AK	America/Anchorage
	39AR	America/Chicago
	39FA	America/New_York
	39FD	America/New_York
	39IA	America/Chicago
	39ID	America/Los_Angeles
	39II	America/Indiana/Indianapolis
	39IL	America/Chicago
	39IN	America/Indiana/Indianapolis
	39KS	America/Chicago
	39LL	America/Chicago
	39MD	America/New_York
	39MI	America/Menominee
	39MO	America/Chicago
	39MT	America/Denver
	39OH	America/New_York
	39OK	America/Chicago
	39PN	America/New_York
	39SC	America/New_York
	39TA	America/Chicago
	39TN	America/Chicago
	39TT	America/Chicago
	39WA	America/Los_Angeles
	39WI	America/Chicago
	3AK1	America/Anchorage
	3AK2	America/Anchorage
	3AK3	America/Anchorage
	3AK4	America/Anchorage
	3AK6	America/Anchorage
	3AK7	America/Anchorage
	3AK8	America/Anchorage
	3AK9	America/Anchorage
	3AL1	America/Chicago
	3AL5	America/Chicago
	3AL6	America/Chicago
	3AL8	America/Chicago
	3AR0	America/Chicago
	3AR2	America/Chicago
	3AR3	America/Chicago
	3AR5	America/Chicago
	3AR6	America/Chicago
	3AR7	America/Chicago
	3AR8	America/Chicago
	3AR9	America/Chicago
	3AZ5	America/Phoenix
	3AZ8	America/Phoenix
	3CA7	America/Los_Angeles
	3CN7	America/Los_Angeles
	3CO1	America/Denver
	3CO2	America/Denver
	3CO4	America/Denver
	3CO7	America/Denver
	3FA7	America/New_York
	3FD0	America/New_York
	3FD6	America/New_York
	3FL0	America/New_York
	3FL1	America/New_York
	3GA0	America/New_York
	3GA1	America/New_York
	3GA3	America/New_York
	3GA6	America/New_York
	3GA7	America/New_York
	3GA8	America/New_York
	3GA9	America/New_York
	3GE3	America/New_York
	3GE8	America/New_York
	3ID2	America/Los_Angeles
	3ID3	America/Los_Angeles
	3ID9	America/Boise
	3IG3	America/Indiana/Indianapolis
	3II0	America/Indiana/Indianapolis
	3II1	America/Indiana/Indianapolis
	3II3	America/Indiana/Indianapolis
	3II8	America/Indiana/Indianapolis
	3II9	America/Indiana/Indianapolis
	3IL8	America/Chicago
	3IL9	America/Chicago
	3IN0	America/Chicago
	3IN1	America/Indiana/Indianapolis
	3IN3	America/Chicago
	3IN5	America/Indiana/Indianapolis
	3IN6	America/Kentucky/Louisville
	3IN7	America/Indiana/Indianapolis
	3IN9	America/Indiana/Indianapolis
	3IS1	America/Chicago
	3IS3	America/Chicago
	3IS4	America/Chicago
	3IS5	America/Chicago
	3KS1	America/Chicago
	3KS2	America/Chicago
	3KS3	America/Chicago
	3KS4	America/Chicago
	3KS5	America/Chicago
	3KS7	America/Chicago
	3KS8	America/Chicago
	3KS9	America/Chicago
	3KY0	America/Chicago
	3KY1	America/New_York
	3KY3	America/New_York
	3KY4	America/New_York
	3KY9	America/New_York
	3LA4	America/Chicago
	3LA6	America/Chicago
	3LA8	America/Chicago
	3LL0	America/Chicago
	3LL1	America/Chicago
	3LL4	America/Chicago
	3LL6	America/Chicago
	3LL8	America/Chicago
	3LL9	America/Chicago
	3LS7	America/Chicago
	3MA2	America/New_York
	3MD0	America/New_York
	3MD4	America/New_York
	3MD5	America/New_York
	3MD6	America/New_York
	3MD8	America/New_York
	3MD9	America/New_York
	3MI0	America/Detroit
	3MI2	America/Detroit
	3MN1	America/Chicago
	3MN4	America/Chicago
	3MN7	America/Chicago
	3MO4	America/Chicago
	3MO5	America/Chicago
	3MO7	America/Chicago
	3MS1	America/Chicago
	3MS3	America/Chicago
	3MS5	America/Chicago
	3MS8	America/Chicago
	3MS9	America/Chicago
	3MT3	America/Denver
	3MT4	America/Denver
	3MT6	America/Denver
	3MT7	America/Denver
	3MT9	America/Denver
	3NA0	America/Chicago
	3NA2	America/Chicago
	3NA6	America/Chicago
	3NC0	America/New_York
	3NC1	America/New_York
	3NC3	America/New_York
	3NC4	America/New_York
	3NC5	America/New_York
	3NC6	America/New_York
	3NC7	America/New_York
	3NC9	America/New_York
	3ND5	America/Chicago
	3NE2	America/Denver
	3NE3	America/Chicago
	3NE5	America/Chicago
	3NJ1	America/New_York
	3NJ6	America/New_York
	3NJ9	America/New_York
	3NK4	America/New_York
	3NK5	America/New_York
	3NK6	America/New_York
	3NK8	America/New_York
	3NR3	America/New_York
	3NR4	America/New_York
	3NY0	America/New_York
	3NY1	America/New_York
	3NY7	America/New_York
	3OG3	America/Los_Angeles
	3OH0	America/New_York
	3OH1	America/New_York
	3OH4	America/New_York
	3OH6	America/New_York
	3OH7	America/New_York
	3OH8	America/New_York
	3OH9	America/New_York
	3OK0	America/Chicago
	3OK1	America/Chicago
	3OK2	America/Chicago
	3OK5	America/Chicago
	3OK6	America/Chicago
	3OK7	America/Chicago
	3OK8	America/Chicago
	3OR8	America/Los_Angeles
	3OR9	America/Boise
	3PA0	America/New_York
	3PA6	America/New_York
	3PA8	America/New_York
	3PA9	America/New_York
	3PN0	America/New_York
	3PN1	America/New_York
	3PN2	America/New_York
	3PN6	America/New_York
	3PN7	America/New_York
	3PS2	America/New_York
	3PS4	America/New_York
	3PS8	America/New_York
	3PS9	America/New_York
	3SC4	America/New_York
	3SD2	America/Denver
	3SD3	America/Denver
	3SD4	America/Chicago
	3TA0	America/Chicago
	3TA1	America/Chicago
	3TA4	America/Chicago
	3TA5	America/Chicago
	3TA6	America/Chicago
	3TA7	America/Chicago
	3TE0	America/Chicago
	3TE1	America/Chicago
	3TE3	America/Chicago
	3TE4	America/Chicago
	3TE5	America/Chicago
	3TE8	America/Chicago
	3TN0	America/New_York
	3TN3	America/Chicago
	3TN4	America/Chicago
	3TN6	America/Chicago
	3TN8	America/New_York
	3TN9	America/Chicago
	3TS0	America/Chicago
	3TS1	America/Chicago
	3TS3	America/Chicago
	3TS5	America/Chicago
	3TS9	America/Chicago
	3TX1	America/Chicago
	3TX2	America/Chicago
	3TX4	America/Chicago
	3TX7	America/Chicago
	3TX9	America/Chicago
	3VA0	America/New_York
	3VA2	America/New_York
	3VA3	America/New_York
	3VA4	America/New_York
	3VA7	America/New_York
	3VA8	America/New_York
	3VG2	America/New_York
	3VG3	America/New_York
	3VG5	America/New_York
	3VG9	America/New_York
	3WA0	America/Los_Angeles
	3WA3	America/Los_Angeles
	3WA4	America/Los_Angeles
	3WI0	America/Chicago
	3WI2	America/Chicago
	3WI3	America/Chicago
	3WI4	America/Chicago
	3WI5	America/Chicago
	3WI6	America/Chicago
	3WI8	America/Chicago
	3WI9	America/Chicago
	3WN1	America/Chicago
	3WN2	America/Chicago
	3WN6	America/Chicago
	3WN8	America/Chicago
	3WN9	America/Chicago
	3WS9	America/Chicago
	3XA0	America/Chicago
	3XA1	America/Chicago
	3XA7	America/Chicago
	3XA8	America/Chicago
	3XS0	America/Chicago
	3XS1	America/Chicago
	3XS4	America/Chicago
	3XS5	America/Chicago
	3XS8	America/Chicago
	40AK	America/Anchorage
	40AR	America/Chicago
	40AZ	America/Phoenix
	40FL	America/New_York
	40ID	America/Boise
	40IL	America/Chicago
	40IN	America/Indiana/Indianapolis
	40KS	America/Chicago
	40KY	America/New_York
	40LA	America/Chicago
	40ME	America/New_York
	40MN	America/Chicago
	40MO	America/Chicago
	40MT	America/Denver
	40NE	America/Chicago
	40OI	America/New_York
	40OK	America/Chicago
	40OR	America/Los_Angeles
	40PN	America/New_York
	40TA	America/Chicago
	40TE	America/Chicago
	40TN	America/New_York
	40TS	America/Chicago
	40WI	America/Chicago
	40XS	America/Chicago
	41AK	America/Anchorage
	41AR	America/Chicago
	41AZ	America/Phoenix
	41CA	America/Los_Angeles
	41CO	America/Denver
	41ID	America/Boise
	41IG	America/Indiana/Indianapolis
	41KS	America/Chicago
	41ME	America/New_York
	41MO	America/Chicago
	41MS	America/Chicago
	41MT	America/Denver
	41NC	America/New_York
	41ND	America/Chicago
	41NK	America/New_York
	41NR	America/New_York
	41NY	America/New_York
	41OH	America/New_York
	41PA	America/New_York
	41TA	America/Chicago
	41TN	America/Chicago
	41TS	America/Chicago
	41TT	America/Chicago
	41TX	America/Chicago
	41WI	America/Chicago
	41XS	America/Chicago
	42AK	America/Anchorage
	42CN	America/Los_Angeles
	42ID	America/Boise
	42IN	America/Indiana/Indianapolis
	42KS	America/Chicago
	42KY	America/Chicago
	42MD	America/New_York
	42MN	America/Chicago
	42MO	America/Chicago
	42MT	America/Denver
	42NC	America/New_York
	42NE	America/Denver
	42NY	America/New_York
	42OH	America/New_York
	42OR	America/Los_Angeles
	42SC	America/New_York
	42TN	America/Chicago
	42TS	America/Chicago
	42TT	America/Chicago
	42TX	America/Chicago
	42VA	America/New_York
	42VT	America/New_York
	42WA	America/Los_Angeles
	42XA	America/Chicago
	42XS	America/Chicago
	43AK	America/Anchorage
	43AR	America/Chicago
	43AS	America/Chicago
	43CN	America/Los_Angeles
	43CO	America/Denver
	43IA	America/Chicago
	43ID	America/Los_Angeles
	43IG	America/Los_Angeles
	43IN	America/Chicago
	43KS	America/Chicago
	43MI	America/Detroit
	43MO	America/Chicago
	43MS	America/Chicago
	43MT	America/Denver
	43NE	America/Chicago
	43NV	America/Los_Angeles
	43OA	America/New_York
	43OI	America/New_York
	43OR	America/Los_Angeles
	43PA	America/New_York
	43TN	America/Chicago
	43TS	America/Chicago
	43TX	America/Chicago
	43XA	America/Chicago
	44AK	America/Anchorage
	44AZ	America/Phoenix
	44CA	America/Los_Angeles
	44CL	America/Los_Angeles
	44CO	America/Denver
	44IA	America/Chicago
	44ID	America/Boise
	44IN	America/Indiana/Indianapolis
	44KY	America/New_York
	44LA	America/Chicago
	44LS	America/Chicago
	44MI	America/Detroit
	44MO	America/Chicago
	44MT	America/Denver
	44MU	America/Chicago
	44NC	America/New_York
	44ND	America/Denver
	44NK	America/New_York
	44OR	America/Los_Angeles
	44PA	America/New_York
	44SC	America/New_York
	44TE	America/Chicago
	44TN	America/New_York
	44TS	America/Chicago
	44TX	America/Chicago
	44VA	America/New_York
	44WI	America/Chicago
	44XA	America/Chicago
	44XS	America/Chicago
	45AA	America/Anchorage
	45AR	America/Chicago
	45AZ	America/Denver
	45CL	America/Los_Angeles
	45CN	America/Los_Angeles
	45ID	America/Los_Angeles
	45KS	America/Chicago
	45MO	America/Chicago
	45MS	America/Chicago
	45MT	America/Denver
	45NC	America/New_York
	45NE	America/Chicago
	45NK	America/New_York
	45OG	America/Los_Angeles
	45OH	America/New_York
	45OI	America/New_York
	45OK	America/Chicago
	45OR	America/Los_Angeles
	45PN	America/New_York
	45TA	America/Chicago
	45TN	America/New_York
	45WI	America/Chicago
	45WY	America/Denver
	45XS	America/Chicago
	46AK	America/Anchorage
	46CN	America/Los_Angeles
	46IA	America/Chicago
	46KS	America/Chicago
	46LA	America/Chicago
	46LS	America/Chicago
	46NC	America/New_York
	46NE	America/Denver
	46NY	America/New_York
	46OK	America/Chicago
	46TA	America/Chicago
	46TE	America/Chicago
	46TX	America/Chicago
	46VA	America/New_York
	46XS	America/Chicago
	47AK	America/Anchorage
	47AR	America/Chicago
	47CO	America/Denver
	47FD	America/New_York
	47FL	America/New_York
	47GA	America/New_York
	47GE	America/New_York
	47IA	America/Chicago
	47ID	America/Boise
	47IL	America/Chicago
	47IN	America/Indiana/Indianapolis
	47IS	America/Chicago
	47KS	America/Chicago
	47MN	America/Chicago
	47MT	America/Denver
	47NC	America/New_York
	47OK	America/Chicago
	47PA	America/New_York
	47TE	America/Chicago
	47TS	America/Chicago
	47TX	America/Chicago
	47VT	America/New_York
	47WI	America/Chicago
	47XA	America/Chicago
	47XS	America/Chicago
	48AK	America/Anchorage
	48AR	America/Chicago
	48AZ	America/Phoenix
	48FL	America/Chicago
	48IA	America/Chicago
	48ID	America/Boise
	48LA	America/Chicago
	48LL	America/Chicago
	48MY	America/Chicago
	48NC	America/New_York
	48NR	America/New_York
	48NY	America/New_York
	48OK	America/Chicago
	48OR	America/Los_Angeles
	48PS	America/New_York
	48TE	America/Chicago
	48TS	America/Chicago
	48TX	America/Chicago
	48VA	America/New_York
	48WA	America/Los_Angeles
	48WI	America/Chicago
	48XA	America/Chicago
	48XS	America/Chicago
	49AK	America/Anchorage
	49AL	America/Chicago
	49AR	America/Chicago
	49CL	America/Los_Angeles
	49CN	America/Los_Angeles
	49CO	America/Denver
	49FD	America/New_York
	49ID	America/Boise
	49II	America/Indiana/Indianapolis
	49IL	America/Chicago
	49KS	America/Chicago
	49MI	America/Detroit
	49MN	America/Chicago
	49MS	America/Chicago
	49MT	America/Denver
	49NK	America/New_York
	49NR	America/New_York
	49NY	America/New_York
	49OH	America/New_York
	49OR	America/Los_Angeles
	49PA	America/New_York
	49TA	America/Chicago
	49TE	America/Chicago
	49WA	America/Los_Angeles
	49XS	America/Chicago
	4AK1	America/Anchorage
	4AK2	America/Anchorage
	4AK3	America/Anchorage
	4AK5	America/Anchorage
	4AK6	America/Anchorage
	4AK7	America/Anchorage
	4AK8	America/Anchorage
	4AK9	America/Anchorage
	4AL3	America/Chicago
	4AL5	America/Chicago
	4AL6	America/Chicago
	4AL7	America/Chicago
	4AL8	America/Chicago
	4AL9	America/Chicago
	4AR1	America/Chicago
	4AR2	America/Chicago
	4AR4	America/Chicago
	4AR9	America/Chicago
	4AZ6	America/Phoenix
	4AZ9	America/Phoenix
	4CA2	America/Los_Angeles
	4CA7	America/Los_Angeles
	4CL3	America/Los_Angeles
	4CO0	America/Denver
	4CO3	America/Denver
	4CO7	America/Denver
	4FA1	America/New_York
	4FA2	America/New_York
	4FA3	America/New_York
	4FD3	America/New_York
	4FD7	America/New_York
	4FL0	America/New_York
	4FL1	America/New_York
	4FL3	America/New_York
	4FL5	America/New_York
	4FL8	America/New_York
	4FL9	America/New_York
	4GA0	America/New_York
	4GA1	America/New_York
	4GA4	America/New_York
	4GA5	America/New_York
	4GA6	America/New_York
	4GA7	America/New_York
	4GA8	America/New_York
	4GA9	America/New_York
	4GE1	America/New_York
	4GE3	America/New_York
	4IA2	America/Chicago
	4II0	America/Indiana/Indianapolis
	4II3	America/Indiana/Indianapolis
	4II8	America/Indiana/Indianapolis
	4IL2	America/Chicago
	4IL3	America/Chicago
	4IL4	America/Chicago
	4IL5	America/Chicago
	4IL8	America/Chicago
	4IL9	America/Chicago
	4IN4	America/Indiana/Indianapolis
	4IN5	America/Indiana/Indianapolis
	4IN7	America/Indiana/Indianapolis
	4IN9	America/Indiana/Indianapolis
	4IS5	America/Chicago
	4IS6	America/Chicago
	4IS7	America/Chicago
	4IS8	America/Chicago
	4IS9	America/Chicago
	4KS1	America/Chicago
	4KS2	America/Chicago
	4KS4	America/Chicago
	4KS6	America/Chicago
	4KS8	America/Chicago
	4KS9	America/Chicago
	4KT4	America/New_York
	4KY1	America/Chicago
	4KY4	America/Chicago
	4KY5	America/New_York
	4KY8	America/New_York
	4LA8	America/Chicago
	4LL0	America/Chicago
	4LL1	America/Chicago
	4LL7	America/Chicago
	4LL8	America/Chicago
	4MD0	America/New_York
	4MD1	America/New_York
	4MD2	America/New_York
	4MD3	America/New_York
	4MD4	America/New_York
	4MD5	America/New_York
	4MD6	America/New_York
	4MD7	America/New_York
	4MD8	America/New_York
	4MD9	America/New_York
	4MI1	America/Detroit
	4MI7	America/Detroit
	4MI8	America/Detroit
	4MN1	America/Chicago
	4MO1	America/Chicago
	4MO2	America/Chicago
	4MO5	America/Chicago
	4MO6	America/Chicago
	4MO7	America/Chicago
	4MO8	America/Chicago
	4MO9	America/Chicago
	4MS0	America/Chicago
	4MS2	America/Chicago
	4MS3	America/Chicago
	4MS4	America/Chicago
	4MS5	America/Chicago
	4MS9	America/Chicago
	4MT1	America/Denver
	4MT4	America/Denver
	4NA1	America/Chicago
	4NA3	America/Chicago
	4NA5	America/Chicago
	4NC0	America/New_York
	4NC2	America/New_York
	4NC3	America/New_York
	4NC4	America/New_York
	4NC5	America/New_York
	4NC7	America/New_York
	4NC8	America/New_York
	4NC9	America/New_York
	4ND1	America/Chicago
	4ND8	America/Chicago
	4NE0	America/Denver
	4NE1	America/Chicago
	4NE8	America/Chicago
	4NE9	America/Denver
	4NJ0	America/New_York
	4NJ8	America/New_York
	4NK2	America/New_York
	4NK3	America/New_York
	4NK4	America/New_York
	4NK5	America/New_York
	4NY0	America/New_York
	4NY7	America/New_York
	4OA8	America/New_York
	4OH1	America/New_York
	4OH3	America/New_York
	4OH8	America/New_York
	4OI8	America/New_York
	4OI9	America/New_York
	4OK0	America/Chicago
	4OK2	America/Chicago
	4OK6	America/Chicago
	4OK8	America/Chicago
	4OR0	America/Los_Angeles
	4OR3	America/Los_Angeles
	4OR4	America/Los_Angeles
	4OR5	America/Los_Angeles
	4OR6	America/Los_Angeles
	4OR7	America/Los_Angeles
	4OR8	America/Los_Angeles
	4OR9	America/Los_Angeles
	4PA1	America/New_York
	4PA5	America/New_York
	4PA6	America/New_York
	4PA7	America/New_York
	4PA8	America/New_York
	4PN0	America/New_York
	4PN7	America/New_York
	4PN8	America/New_York
	4PS4	America/New_York
	4SC7	America/New_York
	4SD4	America/Denver
	4TA0	America/Chicago
	4TA1	America/Chicago
	4TA2	America/Chicago
	4TA3	America/Chicago
	4TA4	America/Chicago
	4TA6	America/Chicago
	4TE1	America/Chicago
	4TE2	America/Chicago
	4TE4	America/Chicago
	4TE6	America/Chicago
	4TE7	America/Chicago
	4TE9	America/Chicago
	4TN0	America/New_York
	4TN1	America/New_York
	4TN2	America/Chicago
	4TN3	America/Chicago
	4TN4	America/Chicago
	4TN5	America/New_York
	4TN6	America/Chicago
	4TN9	America/Chicago
	4TS5	America/Chicago
	4TS7	America/Chicago
	4TS8	America/Chicago
	4TX0	America/Chicago
	4TX2	America/Chicago
	4TX3	America/Chicago
	4TX6	America/Chicago
	4TX8	America/Chicago
	4VA5	America/New_York
	4VA8	America/New_York
	4VA9	America/New_York
	4VG2	America/New_York
	4VG3	America/New_York
	4VG8	America/New_York
	4WA0	America/Los_Angeles
	4WA1	America/Los_Angeles
	4WA2	America/Los_Angeles
	4WA4	America/Los_Angeles
	4WA8	America/Los_Angeles
	4WA9	America/Los_Angeles
	4WI0	America/Chicago
	4WI1	America/Chicago
	4WI4	America/Chicago
	4WI5	America/Chicago
	4WI9	America/Chicago
	4WN3	America/Chicago
	4WN4	America/Chicago
	4WN5	America/Chicago
	4WN9	America/Chicago
	4WV4	America/New_York
	4XA2	America/Chicago
	4XA3	America/Chicago
	4XA4	America/Chicago
	4XS1	America/Chicago
	4XS2	America/Chicago
	4XS5	America/Chicago
	4XS6	America/Chicago
	50AK	America/Anchorage
	50FL	America/Chicago
	50GA	America/New_York
	50II	America/Indiana/Indianapolis
	50IL	America/Chicago
	50IN	America/Indiana/Indianapolis
	50KS	America/Chicago
	50KY	America/New_York
	50MT	America/Denver
	50NC	America/New_York
	50OH	America/New_York
	50OR	America/Los_Angeles
	50PA	America/New_York
	50TA	America/Chicago
	50TN	America/Chicago
	50XS	America/Chicago
	51AK	America/Anchorage
	51AL	America/Chicago
	51AR	America/Chicago
	51AS	America/Chicago
	51CL	America/Los_Angeles
	51FD	America/New_York
	51FL	America/New_York
	51ID	America/Boise
	51KS	America/Chicago
	51LS	America/Chicago
	51ME	America/New_York
	51MO	America/Chicago
	51NC	America/New_York
	51OK	America/Chicago
	51TE	America/Chicago
	51TN	America/Chicago
	51TT	America/Chicago
	51VA	America/New_York
	51WA	America/Los_Angeles
	51WI	America/Chicago
	51WT	America/Los_Angeles
	52AK	America/Anchorage
	52AZ	America/Phoenix
	52CL	America/Los_Angeles
	52CO	America/Denver
	52FA	America/New_York
	52FL	America/New_York
	52IL	America/Chicago
	52IN	America/Indiana/Indianapolis
	52KS	America/Chicago
	52KY	America/New_York
	52LA	America/Chicago
	52MN	America/Chicago
	52MO	America/Chicago
	52NC	America/New_York
	52ND	America/Chicago
	52NK	America/New_York
	52NR	America/New_York
	52NY	America/New_York
	52OA	America/New_York
	52PA	America/New_York
	52TN	America/Chicago
	52WA	America/Los_Angeles
	52WI	America/Chicago
	52WT	America/Los_Angeles
	52XA	America/Chicago
	53AK	America/Anchorage
	53AZ	America/Phoenix
	53CL	America/Los_Angeles
	53CN	America/Los_Angeles
	53CO	America/Denver
	53FD	America/New_York
	53GA	America/New_York
	53IA	America/Chicago
	53II	America/Indiana/Indianapolis
	53IL	America/Chicago
	53IN	America/Indiana/Indianapolis
	53KS	America/Chicago
	53KT	America/New_York
	53MT	America/Denver
	53NC	America/New_York
	53NE	America/Chicago
	53NR	America/New_York
	53NY	America/New_York
	53OH	America/New_York
	53OK	America/Chicago
	53VA	America/New_York
	53VG	America/New_York
	53WI	America/Chicago
	53XA	America/Chicago
	53XS	America/Chicago
	54AR	America/Chicago
	54AZ	America/Phoenix
	54CL	America/Los_Angeles
	54CN	America/Los_Angeles
	54FD	America/New_York
	54II	America/Indiana/Indianapolis
	54IL	America/Chicago
	54KS	America/Chicago
	54KY	America/Chicago
	54LA	America/Chicago
	54MA	America/Chicago
	54ME	America/New_York
	54MI	America/Detroit
	54MO	America/Chicago
	54MU	America/Chicago
	54NC	America/New_York
	54NR	America/New_York
	54OH	America/New_York
	54TA	America/Chicago
	54TN	America/Chicago
	54WI	America/Chicago
	54XA	America/Chicago
	54XS	America/Chicago
	55AK	America/Anchorage
	55AR	America/Chicago
	55AZ	America/Phoenix
	55CL	America/Los_Angeles
	55FL	America/New_York
	55GE	America/New_York
	55ID	America/Los_Angeles
	55KS	America/Chicago
	55LA	America/Chicago
	55LL	America/Chicago
	55ME	America/New_York
	55MN	America/Chicago
	55MO	America/Chicago
	55ND	America/Denver
	55NR	America/New_York
	55NY	America/New_York
	55OI	America/New_York
	55OK	America/Chicago
	55OL	America/Chicago
	55OR	America/Los_Angeles
	55PA	America/New_York
	55SC	America/New_York
	55TE	America/Chicago
	55TT	America/Chicago
	55TX	America/Chicago
	55UT	America/Denver
	55WA	America/Los_Angeles
	55WI	America/Chicago
	55WN	America/Chicago
	55XS	America/Chicago
	56AK	America/Anchorage
	56AL	America/Chicago
	56AZ	America/Phoenix
	56CL	America/Los_Angeles
	56FD	America/New_York
	56FL	America/Chicago
	56IL	America/Chicago
	56IN	America/Indiana/Indianapolis
	56IS	America/Chicago
	56LA	America/Chicago
	56LL	America/Chicago
	56ME	America/New_York
	56MN	America/Chicago
	56MO	America/Chicago
	56NC	America/New_York
	56NH	America/New_York
	56NY	America/New_York
	56OK	America/Chicago
	56PA	America/New_York
	56TS	America/Chicago
	56TX	America/Chicago
	56WI	America/Chicago
	56WV	America/New_York
	57AK	America/Anchorage
	57AL	America/Chicago
	57AR	America/Chicago
	57AZ	America/Phoenix
	57CL	America/Los_Angeles
	57CN	America/Los_Angeles
	57FA	America/New_York
	57GA	America/New_York
	57II	America/Indiana/Indianapolis
	57IS	America/Chicago
	57KS	America/Chicago
	57LS	America/Chicago
	57ME	America/New_York
	57MI	America/Detroit
	57MO	America/Chicago
	57MT	America/Denver
	57NC	America/New_York
	57ND	America/Chicago
	57NE	America/Denver
	57NM	America/Denver
	57OI	America/New_York
	57PN	America/New_York
	57TE	America/Chicago
	57TS	America/Chicago
	57TX	America/Chicago
	57VA	America/New_York
	57WA	America/Los_Angeles
	57XA	America/Chicago
	57XS	America/Chicago
	58AK	America/Anchorage
	58AR	America/Chicago
	58AZ	America/Phoenix
	58CL	America/Los_Angeles
	58FD	America/New_York
	58FL	America/New_York
	58IA	America/Chicago
	58II	America/Indiana/Indianapolis
	58IL	America/Chicago
	58IN	America/Indiana/Indianapolis
	58KS	America/Chicago
	58KY	America/New_York
	58LA	America/Chicago
	58MT	America/Denver
	58MU	America/Chicago
	58NC	America/New_York
	58NR	America/New_York
	58OH	America/New_York
	58OR	America/Los_Angeles
	58PA	America/New_York
	58SC	America/New_York
	58TE	America/Chicago
	58TN	America/Chicago
	58TX	America/Chicago
	58VA	America/New_York
	58WA	America/Los_Angeles
	58WI	America/Chicago
	58XA	America/Chicago
	58XS	America/Chicago
	59AK	America/Anchorage
	59AR	America/Chicago
	59AS	America/Los_Angeles
	59AZ	America/Phoenix
	59CN	America/Los_Angeles
	59CO	America/Denver
	59FD	America/New_York
	59IA	America/Chicago
	59IL	America/Chicago
	59KS	America/Chicago
	59KY	America/New_York
	59MN	America/Chicago
	59NC	America/New_York
	59NY	America/New_York
	59OH	America/New_York
	59PA	America/New_York
	59TN	America/Chicago
	59TX	America/Chicago
	59WI	America/Chicago
	5AK0	America/Anchorage
	5AK3	America/Anchorage
	5AK4	America/Anchorage
	5AK5	America/Anchorage
	5AK6	America/Anchorage
	5AK8	America/Anchorage
	5AK9	America/Anchorage
	5AL3	America/Chicago
	5AL5	America/Chicago
	5AL7	America/Chicago
	5AN5	America/Anchorage
	5AR1	America/Chicago
	5AR2	America/Chicago
	5AR4	America/Chicago
	5AR7	America/Chicago
	5AR8	America/Chicago
	5AZ3	America/Phoenix
	5AZ6	America/Phoenix
	5AZ7	America/Phoenix
	5AZ9	America/Phoenix
	5CA4	America/Los_Angeles
	5CA7	America/Los_Angeles
	5CA8	America/Los_Angeles
	5CL0	America/Los_Angeles
	5CL1	America/Los_Angeles
	5CL7	America/Los_Angeles
	5CL8	America/Los_Angeles
	5CL9	America/Los_Angeles
	5CN4	America/Los_Angeles
	5CO0	America/Denver
	5CO1	America/Denver
	5CO4	America/Denver
	5CO6	America/Denver
	5CO8	America/Denver
	5CT5	America/New_York
	5CT7	America/New_York
	5FA1	America/New_York
	5FD0	America/New_York
	5FD1	America/New_York
	5FD7	America/New_York
	5FL0	America/New_York
	5FL1	America/New_York
	5FL4	America/New_York
	5FL6	America/New_York
	5FL7	America/New_York
	5FL8	America/New_York
	5GA1	America/New_York
	5GA2	America/New_York
	5GA3	America/New_York
	5GA4	America/New_York
	5GA5	America/New_York
	5GA6	America/New_York
	5GA9	America/New_York
	5GE1	America/New_York
	5IG9	America/Indiana/Indianapolis
	5II1	America/Indiana/Indianapolis
	5II5	America/Chicago
	5II8	America/Kentucky/Louisville
	5II9	America/Indiana/Indianapolis
	5IL2	America/Chicago
	5IL5	America/Chicago
	5IL7	America/Chicago
	5IL8	America/Chicago
	5IN0	America/Indiana/Indianapolis
	5IN4	America/Chicago
	5IN9	America/Indiana/Indianapolis
	5IS4	America/Chicago
	5IS9	America/Chicago
	5KS2	America/Denver
	5KS3	America/Chicago
	5KS4	America/Denver
	5KS6	America/Chicago
	5KS8	America/Chicago
	5KY2	America/New_York
	5KY4	America/Chicago
	5KY5	America/Chicago
	5KY6	America/Chicago
	5KY8	America/New_York
	5LA1	America/Chicago
	5LA9	America/Chicago
	5LL0	America/Chicago
	5LL1	America/Chicago
	5LL2	America/Chicago
	5LL3	America/Chicago
	5LL5	America/Chicago
	5LL7	America/Chicago
	5LL8	America/Chicago
	5LS6	America/Chicago
	5LS9	America/Chicago
	5MA3	America/New_York
	5MD4	America/New_York
	5MD5	America/New_York
	5MI1	America/Detroit
	5MI2	America/Detroit
	5MI7	America/Detroit
	5MN1	America/Chicago
	5MN2	America/Chicago
	5MN5	America/Chicago
	5MN9	America/Chicago
	5MO6	America/Chicago
	5MO7	America/Chicago
	5MS3	America/Chicago
	5MS5	America/Chicago
	5MS6	America/Chicago
	5MS8	America/Chicago
	5MT5	America/Denver
	5MU5	America/Chicago
	5MU9	America/Chicago
	5NA0	America/Chicago
	5NC1	America/New_York
	5NC2	America/New_York
	5NC3	America/New_York
	5NC5	America/New_York
	5ND9	America/Chicago
	5NE2	America/Chicago
	5NE3	America/Chicago
	5NE4	America/Chicago
	5NJ2	America/New_York
	5NK1	America/New_York
	5NK6	America/New_York
	5NK9	America/New_York
	5NY1	America/New_York
	5NY4	America/New_York
	5NY5	America/New_York
	5OH6	America/New_York
	5OH9	America/New_York
	5OI5	America/New_York
	5OI8	America/New_York
	5OK0	America/Chicago
	5OK2	America/Chicago
	5OK4	America/Chicago
	5OK8	America/Chicago
	5OK9	America/Chicago
	5OL5	America/Chicago
	5OR0	America/Los_Angeles
	5OR3	America/Los_Angeles
	5OR4	America/Los_Angeles
	5OR5	America/Los_Angeles
	5OR8	America/Los_Angeles
	5OR9	America/Los_Angeles
	5PA0	America/New_York
	5PA1	America/New_York
	5PA2	America/New_York
	5PA4	America/New_York
	5PA6	America/New_York
	5PN7	America/New_York
	5PN8	America/New_York
	5TA0	America/Chicago
	5TA1	America/Chicago
	5TA3	America/Chicago
	5TA5	America/Chicago
	5TA8	America/Chicago
	5TA9	America/Chicago
	5TE0	America/Chicago
	5TE1	America/Chicago
	5TE2	America/Chicago
	5TE3	America/Chicago
	5TE4	America/Chicago
	5TE7	America/Chicago
	5TN2	America/New_York
	5TN4	America/New_York
	5TN9	America/Chicago
	5TS3	America/Chicago
	5TS7	America/Chicago
	5TS8	America/Chicago
	5TX0	America/Chicago
	5TX1	America/Chicago
	5TX2	America/Chicago
	5VA4	America/New_York
	5VA5	America/New_York
	5VG1	America/New_York
	5WA0	America/Los_Angeles
	5WA1	America/Los_Angeles
	5WA2	America/Los_Angeles
	5WA4	America/Los_Angeles
	5WA5	America/Los_Angeles
	5WA7	America/Los_Angeles
	5WA8	America/Los_Angeles
	5WI1	America/Chicago
	5WI2	America/Chicago
	5WI3	America/Chicago
	5WI4	America/Chicago
	5WI5	America/Chicago
	5WI6	America/Chicago
	5WI8	America/Chicago
	5WN2	America/Chicago
	5WN9	America/Chicago
	5XA0	America/Chicago
	5XA1	America/Chicago
	5XA6	America/Chicago
	5XA9	America/Chicago
	5XS5	America/Chicago
	5XS6	America/Chicago
	5XS8	America/Chicago
	60AR	America/Chicago
	60AS	America/Chicago
	60CL	America/Los_Angeles
	60GE	America/New_York
	60IA	America/Chicago
	60IL	America/Chicago
	60IS	America/Chicago
	60KS	America/Chicago
	60LA	America/Chicago
	60MI	America/Detroit
	60MN	America/Chicago
	60MU	America/Chicago
	60NC	America/New_York
	60OA	America/New_York
	60OI	America/New_York
	60OK	America/Chicago
	60OR	America/Los_Angeles
	60TE	America/Chicago
	60TT	America/Chicago
	60TX	America/Chicago
	60WN	America/Los_Angeles
	60XA	America/Chicago
	60XS	America/Chicago
	61AR	America/Chicago
	61GA	America/New_York
	61ID	America/Los_Angeles
	61IN	America/Indiana/Indianapolis
	61IS	America/Chicago
	61KS	America/Chicago
	61KY	America/New_York
	61MO	America/Chicago
	61NC	America/New_York
	61NJ	America/New_York
	61OH	America/New_York
	61OK	America/Chicago
	61OR	America/Los_Angeles
	61PN	America/New_York
	61PS	America/New_York
	61TA	America/Chicago
	61TE	America/Chicago
	61VA	America/New_York
	61WI	America/Chicago
	62AL	America/Chicago
	62AR	America/Chicago
	62AZ	America/Phoenix
	62CL	America/Los_Angeles
	62FL	America/New_York
	62GA	America/New_York
	62IL	America/Chicago
	62IN	America/Indiana/Indianapolis
	62KS	America/Chicago
	62KT	America/New_York
	62LA	America/Chicago
	62MA	America/New_York
	62MD	America/New_York
	62MN	America/Chicago
	62MO	America/Chicago
	62ND	America/Chicago
	62NR	America/New_York
	62OH	America/New_York
	62PA	America/New_York
	62TS	America/Chicago
	62TX	America/Chicago
	62VA	America/New_York
	62XA	America/Chicago
	62XS	America/Chicago
	63AK	America/Anchorage
	63AR	America/Chicago
	63CA	America/Los_Angeles
	63CL	America/Los_Angeles
	63CN	America/Los_Angeles
	63CO	America/Denver
	63FA	America/New_York
	63FD	America/New_York
	63GE	America/New_York
	63ID	America/Boise
	63II	America/Indiana/Indianapolis
	63IL	America/Chicago
	63IN	America/Indiana/Indianapolis
	63KS	America/Chicago
	63ME	America/New_York
	63MN	America/Chicago
	63MS	America/Chicago
	63MT	America/Denver
	63NC	America/New_York
	63NY	America/New_York
	63OH	America/New_York
	63TN	America/New_York
	63TS	America/Chicago
	63TX	America/Chicago
	63WA	America/Los_Angeles
	63WI	America/Chicago
	63XA	America/Chicago
	63XS	America/Chicago
	64AK	America/Anchorage
	64AR	America/Chicago
	64CL	America/Los_Angeles
	64CT	America/New_York
	64FA	America/New_York
	64GA	America/New_York
	64GE	America/New_York
	64IL	America/Chicago
	64KS	America/Chicago
	64KY	America/New_York
	64MO	America/Chicago
	64MS	America/Chicago
	64NC	America/New_York
	64ND	America/North_Dakota/New_Salem
	64OG	America/Los_Angeles
	64OR	America/Los_Angeles
	64TE	America/Chicago
	64TN	America/Chicago
	64XA	America/Chicago
	65AK	America/Anchorage
	65AR	America/Chicago
	65CL	America/Los_Angeles
	65CN	America/Los_Angeles
	65CO	America/Denver
	65MD	America/New_York
	65MN	America/Chicago
	65MO	America/Chicago
	65MS	America/Chicago
	65NK	America/New_York
	65NM	America/Denver
	65NY	America/New_York
	65OH	America/New_York
	65TE	America/Chicago
	65TN	America/New_York
	65TS	America/Chicago
	65TX	America/Denver
	65VA	America/New_York
	65WA	America/Los_Angeles
	65WI	America/Chicago
	65WN	America/Chicago
	65XA	America/Chicago
	66AR	America/Chicago
	66CA	America/Los_Angeles
	66FD	America/New_York
	66GA	America/New_York
	66ID	America/Los_Angeles
	66IL	America/Chicago
	66IN	America/Indiana/Indianapolis
	66KY	America/Chicago
	66LA	America/Chicago
	66MI	America/Detroit
	66MN	America/Chicago
	66MO	America/Chicago
	66NC	America/New_York
	66NE	America/Denver
	66OH	America/New_York
	66OI	America/New_York
	66OK	America/Chicago
	66SC	America/New_York
	66TE	America/Chicago
	66TN	America/Chicago
	66TX	America/Chicago
	66VT	America/New_York
	66WI	America/Chicago
	66XA	America/Chicago
	66XS	America/Chicago
	67AK	America/Anchorage
	67AR	America/Chicago
	67CA	America/Los_Angeles
	67CL	America/Los_Angeles
	67CO	America/Denver
	67FL	America/New_York
	67GA	America/New_York
	67IL	America/Chicago
	67KY	America/New_York
	67MD	America/New_York
	67MI	America/Detroit
	67MN	America/Chicago
	67MO	America/Chicago
	67MU	America/Chicago
	67ND	America/Chicago
	67NJ	America/New_York
	67OG	America/Los_Angeles
	67OK	America/Chicago
	67OR	America/Los_Angeles
	67PN	America/New_York
	67SC	America/New_York
	67TE	America/Chicago
	67TT	America/Chicago
	67TX	America/Chicago
	67WA	America/Los_Angeles
	67WI	America/Chicago
	67XA	America/Chicago
	68AL	America/Chicago
	68AR	America/Chicago
	68AZ	America/Phoenix
	68CA	America/Los_Angeles
	68CN	America/Los_Angeles
	68FD	America/New_York
	68ID	America/Los_Angeles
	68IL	America/Chicago
	68IN	America/Chicago
	68IS	America/Chicago
	68KS	America/Chicago
	68KY	America/Chicago
	68LS	America/Chicago
	68MN	America/Chicago
	68NC	America/New_York
	68NE	America/Chicago
	68NK	America/Toronto
	68NM	America/Denver
	68PA	America/New_York
	68PN	America/New_York
	68TA	America/Chicago
	68TE	America/Chicago
	68WA	America/Los_Angeles
	68XA	America/Chicago
	69CL	America/Los_Angeles
	69FD	America/Chicago
	69IL	America/Chicago
	69KS	America/Chicago
	69KY	America/Chicago
	69LL	America/Chicago
	69MN	America/Chicago
	69MT	America/Denver
	69MU	America/Chicago
	69MY	America/Chicago
	69NC	America/New_York
	69ND	America/Chicago
	69OI	America/New_York
	69OK	America/Chicago
	69OR	America/Los_Angeles
	69PA	America/New_York
	69TA	America/Chicago
	69TE	America/Chicago
	69TS	America/Chicago
	69TX	America/Chicago
	69XS	America/Chicago
	6AK1	America/Anchorage
	6AK2	America/Anchorage
	6AK3	America/Anchorage
	6AK5	America/Anchorage
	6AK7	America/Anchorage
	6AK8	America/Anchorage
	6AK9	America/Anchorage
	6AL0	America/Chicago
	6AL3	America/Chicago
	6AL5	America/Chicago
	6AL6	America/Chicago
	6AR0	America/Chicago
	6AR1	America/Chicago
	6AR5	America/Chicago
	6AR9	America/Chicago
	6AZ2	America/Phoenix
	6AZ8	America/Phoenix
	6CA1	America/Los_Angeles
	6CA5	America/Los_Angeles
	6CA6	America/Los_Angeles
	6CA8	America/Los_Angeles
	6CO1	America/Denver
	6CO2	America/Denver
	6CO5	America/Denver
	6CO6	America/Denver
	6CO7	America/Denver
	6FA0	America/New_York
	6FD0	America/New_York
	6FD2	America/New_York
	6FD5	America/New_York
	6FD6	America/New_York
	6FL3	America/New_York
	6FL4	America/New_York
	6FL8	America/New_York
	6FL9	America/New_York
	6GA0	America/New_York
	6GA1	America/New_York
	6GA4	America/New_York
	6GA5	America/New_York
	6GA8	America/New_York
	6GE2	America/New_York
	6GE4	America/New_York
	6IA6	America/Chicago
	6IA7	America/Chicago
	6ID1	America/Los_Angeles
	6II2	America/Indiana/Indianapolis
	6II7	America/Indiana/Indianapolis
	6II8	America/Indiana/Vincennes
	6IL2	America/Chicago
	6IL4	America/Chicago
	6IL5	America/Chicago
	6IL6	America/Chicago
	6IL7	America/Chicago
	6IL9	America/Chicago
	6IN2	America/Indiana/Indianapolis
	6IN3	America/Indiana/Indianapolis
	6IN4	America/Indiana/Indianapolis
	6IN6	America/Indiana/Indianapolis
	6IN8	America/Indiana/Indianapolis
	6IS0	America/Chicago
	6IS8	America/Chicago
	6KS2	America/Chicago
	6KS4	America/Denver
	6KS7	America/Chicago
	6KS8	America/Chicago
	6KY3	America/New_York
	6KY4	America/Chicago
	6KY6	America/New_York
	6LA1	America/Chicago
	6LA4	America/Chicago
	6LA5	America/Chicago
	6LA6	America/Chicago
	6LL4	America/Chicago
	6LL5	America/Chicago
	6LL6	America/Chicago
	6MA2	America/New_York
	6MD3	America/New_York
	6MD4	America/New_York
	6MD7	America/New_York
	6MD8	America/New_York
	6ME6	America/New_York
	6MI1	America/Detroit
	6MI3	America/Detroit
	6MI6	America/Detroit
	6MI7	America/Detroit
	6MN0	America/Chicago
	6MN7	America/Chicago
	6MN9	America/Chicago
	6MO0	America/Chicago
	6MO2	America/Chicago
	6MO3	America/Chicago
	6MO4	America/Chicago
	6MO7	America/Chicago
	6MS1	America/Chicago
	6MS6	America/Chicago
	6MU4	America/Chicago
	6MU5	America/Chicago
	6MU9	America/Chicago
	6NA5	America/North_Dakota/New_Salem
	6NA6	America/Chicago
	6NC0	America/New_York
	6NC1	America/New_York
	6NC2	America/New_York
	6NC3	America/New_York
	6NC4	America/New_York
	6NC5	America/New_York
	6NC7	America/New_York
	6NC8	America/New_York
	6NC9	America/New_York
	6ND2	America/Chicago
	6ND3	America/Chicago
	6ND6	America/Chicago
	6ND9	America/Chicago
	6NE0	America/Chicago
	6NE3	America/Chicago
	6NE7	America/Chicago
	6NE8	America/Denver
	6NK0	America/New_York
	6NR6	America/New_York
	6NY1	America/New_York
	6NY3	America/New_York
	6NY4	America/New_York
	6NY7	America/New_York
	6OG3	America/Los_Angeles
	6OH1	America/New_York
	6OH4	America/New_York
	6OH7	America/New_York
	6OH9	America/New_York
	6OK1	America/Chicago
	6OK2	America/Chicago
	6OK3	America/Chicago
	6OK7	America/Chicago
	6OK9	America/Chicago
	6OR1	America/Los_Angeles
	6OR2	America/Los_Angeles
	6OR4	America/Los_Angeles
	6OR6	America/Los_Angeles
	6OR7	America/Los_Angeles
	6OR8	America/Los_Angeles
	6PA3	America/New_York
	6PA4	America/New_York
	6PA5	America/New_York
	6PA8	America/New_York
	6PN9	America/New_York
	6PS3	America/New_York
	6PS8	America/New_York
	6SD4	America/Denver
	6TA0	America/Chicago
	6TA2	America/Chicago
	6TA8	America/Chicago
	6TA9	America/Chicago
	6TE0	America/Chicago
	6TE3	America/Chicago
	6TE4	America/Chicago
	6TE5	America/Chicago
	6TE6	America/Chicago
	6TE7	America/Chicago
	6TN1	America/Chicago
	6TN4	America/Chicago
	6TN5	America/Chicago
	6TN7	America/Chicago
	6TN9	America/Chicago
	6TS1	America/Chicago
	6TS2	America/Chicago
	6TS4	America/Chicago
	6TS8	America/Chicago
	6TX0	America/Chicago
	6TX1	America/Chicago
	6TX2	America/Chicago
	6TX4	America/Chicago
	6TX6	America/Chicago
	6TX7	America/Chicago
	6TX9	America/Chicago
	6VA2	America/New_York
	6VA4	America/New_York
	6VA9	America/New_York
	6WA2	America/Los_Angeles
	6WA4	America/Los_Angeles
	6WA5	America/Los_Angeles
	6WA6	America/Los_Angeles
	6WI0	America/Chicago
	6WI1	America/Chicago
	6WI2	America/Chicago
	6WI3	America/Chicago
	6WI4	America/Chicago
	6WI6	America/Chicago
	6WN5	America/Chicago
	6WN6	America/Chicago
	6XA0	America/Chicago
	6XA4	America/Chicago
	6XS2	America/Chicago
	6XS4	America/Chicago
	6XS7	America/Chicago
	6XS9	America/Chicago
	70AK	America/Anchorage
	70AR	America/Chicago
	70FA	America/New_York
	70II	America/Indiana/Indianapolis
	70IL	America/Chicago
	70IN	America/Indiana/Indianapolis
	70KS	America/Chicago
	70KY	America/New_York
	70LL	America/Chicago
	70MO	America/Chicago
	70NC	America/New_York
	70ND	America/Chicago
	70NJ	America/New_York
	70NR	America/New_York
	70OK	America/Chicago
	70PN	America/New_York
	70TA	America/Chicago
	70TE	America/Chicago
	70TN	America/Chicago
	70TT	America/Chihuahua
	70XA	America/Chicago
	70XS	America/Chicago
	71AK	America/Anchorage
	71AR	America/Chicago
	71CL	America/Los_Angeles
	71KS	America/Chicago
	71KY	America/New_York
	71LA	America/Chicago
	71LL	America/Chicago
	71ME	America/New_York
	71MI	America/Detroit
	71MO	America/Chicago
	71NC	America/New_York
	71OK	America/Chicago
	71OR	America/Los_Angeles
	71PN	America/New_York
	71TA	America/Chicago
	71TE	America/Chicago
	71TN	America/New_York
	71TS	America/Chicago
	71TX	America/Chicago
	71XA	America/Chicago
	71XS	America/Chicago
	72AR	America/Chicago
	72CL	America/Los_Angeles
	72FL	America/New_York
	72GA	America/New_York
	72IN	America/Indiana/Winamac
	72KS	America/Chicago
	72KY	America/New_York
	72LL	America/Chicago
	72ME	America/New_York
	72MI	America/Menominee
	72MO	America/Chicago
	72ND	America/Chicago
	72NM	America/Denver
	72OH	America/New_York
	72OR	America/Los_Angeles
	72TA	America/Chicago
	72TE	America/Chicago
	72TS	America/Chicago
	72XA	America/Chicago
	72XS	America/Chicago
	73AR	America/Chicago
	73AZ	America/Phoenix
	73CA	America/Los_Angeles
	73CL	America/Los_Angeles
	73CO	America/Denver
	73FD	America/New_York
	73IA	America/Chicago
	73IN	America/Indiana/Indianapolis
	73KY	America/New_York
	73MD	America/New_York
	73NY	America/New_York
	73OH	America/New_York
	73OI	America/New_York
	73OK	America/Chicago
	73OR	America/Los_Angeles
	73PA	America/New_York
	73PN	America/New_York
	73TA	America/Chicago
	73TE	America/Chicago
	73TS	America/Chicago
	73TX	America/Chicago
	73WA	America/Los_Angeles
	73WI	America/Chicago
	73WT	America/Los_Angeles
	73XA	America/Chicago
	73XS	America/Chicago
	74AK	America/Anchorage
	74AR	America/Chicago
	74AZ	America/Phoenix
	74CN	America/Los_Angeles
	74CO	America/Denver
	74FD	America/New_York
	74FL	America/New_York
	74GA	America/New_York
	74IL	America/Chicago
	74KS	America/Chicago
	74KY	America/Chicago
	74LA	America/Chicago
	74MU	America/Chicago
	74ND	America/Chicago
	74NK	America/New_York
	74NY	America/New_York
	74OK	America/Chicago
	74TE	America/Chicago
	74TN	America/New_York
	74TX	America/Chicago
	74XA	America/Chicago
	75AK	America/Anchorage
	75AR	America/Chicago
	75CO	America/Denver
	75DC	America/Los_Angeles
	75FA	America/New_York
	75FL	America/New_York
	75IN	America/Indiana/Indianapolis
	75KS	America/Chicago
	75KY	America/New_York
	75MI	America/Detroit
	75MN	America/Chicago
	75NC	America/New_York
	75NE	America/Chicago
	75NR	America/New_York
	75NY	America/New_York
	75OH	America/New_York
	75OI	America/New_York
	75PA	America/New_York
	75TA	America/Chicago
	75TE	America/Chicago
	75TS	America/Chicago
	75TX	America/Chicago
	75WA	America/Los_Angeles
	75WV	America/New_York
	75XA	America/Chicago
	75XS	America/Chicago
	76AK	America/Anchorage
	76AR	America/Chicago
	76CO	America/Denver
	76FD	America/New_York
	76GA	America/New_York
	76II	America/Indiana/Indianapolis
	76KS	America/Chicago
	76KY	America/New_York
	76LS	America/Chicago
	76MN	America/Chicago
	76NR	America/New_York
	76OK	America/Chicago
	76TA	America/Chicago
	76TE	America/Denver
	76WA	America/Los_Angeles
	76XA	America/Chicago
	77AK	America/Anchorage
	77AR	America/Chicago
	77CA	America/Los_Angeles
	77CL	America/Los_Angeles
	77GA	America/New_York
	77ID	America/Boise
	77KS	America/Chicago
	77KY	America/New_York
	77MI	America/Detroit
	77MN	America/Chicago
	77MT	America/Denver
	77NC	America/New_York
	77NV	America/Los_Angeles
	77PA	America/New_York
	77PN	America/New_York
	77TA	America/Chicago
	77TE	America/Chicago
	77TN	America/New_York
	77TS	America/Chicago
	77TX	America/Chicago
	77XA	America/Chicago
	77XS	America/Chicago
	78AA	America/Anchorage
	78AK	America/Anchorage
	78AR	America/Chicago
	78FD	America/New_York
	78FL	America/New_York
	78GA	America/New_York
	78II	America/Indiana/Indianapolis
	78KY	America/New_York
	78LA	America/Chicago
	78ME	America/New_York
	78MI	America/Detroit
	78MN	America/Chicago
	78MO	America/Chicago
	78MU	America/Chicago
	78NC	America/New_York
	78NY	America/New_York
	78OH	America/New_York
	78OR	America/Boise
	78TA	America/Chicago
	78TN	America/New_York
	78VA	America/New_York
	78XA	America/Chicago
	78XS	America/Chicago
	79AK	America/Anchorage
	79AR	America/Chicago
	79AZ	America/Phoenix
	79CL	America/Los_Angeles
	79FD	America/New_York
	79FL	America/New_York
	79GA	America/New_York
	79ID	America/Los_Angeles
	79II	America/Indiana/Indianapolis
	79IS	America/Chicago
	79KY	America/New_York
	79MI	America/Detroit
	79MN	America/Chicago
	79MO	America/Chicago
	79MS	America/Chicago
	79MT	America/Denver
	79MU	America/Chicago
	79NC	America/New_York
	79NR	America/New_York
	79OH	America/New_York
	79OK	America/Chicago
	79SC	America/New_York
	79TE	America/Chicago
	79TS	America/Chicago
	79TX	America/Chicago
	79VG	America/New_York
	79WA	America/Los_Angeles
	79WS	America/Chicago
	79WT	America/Los_Angeles
	79XA	America/Chicago
	79XS	America/Chicago
	7AK0	America/Anchorage
	7AK2	America/Juneau
	7AK3	America/Anchorage
	7AK4	America/Anchorage
	7AK5	America/Anchorage
	7AK6	America/Anchorage
	7AK8	America/Anchorage
	7AK9	America/Anchorage
	7AL2	America/Chicago
	7AL5	America/Chicago
	7AL7	America/Chicago
	7AL9	America/Chicago
	7AR0	America/Chicago
	7AR1	America/Chicago
	7AR2	America/Chicago
	7AR3	America/Chicago
	7AR6	America/Chicago
	7AR7	America/Chicago
	7AR8	America/Chicago
	7AR9	America/Chicago
	7AZ4	America/Phoenix
	7CA1	America/Los_Angeles
	7CA2	America/Los_Angeles
	7CL9	America/Los_Angeles
	7CO0	America/Denver
	7CO2	America/Denver
	7CO3	America/Denver
	7CO4	America/Denver
	7CO6	America/Denver
	7CO8	America/Denver
	7FA1	America/New_York
	7FA2	America/New_York
	7FA3	America/New_York
	7FA8	America/New_York
	7FD2	America/New_York
	7FD6	America/New_York
	7FD9	America/New_York
	7FL4	America/New_York
	7FL6	America/New_York
	7FL7	America/New_York
	7FL8	America/New_York
	7GA2	America/New_York
	7GA3	America/New_York
	7GA4	America/New_York
	7GA7	America/New_York
	7GA9	America/New_York
	7GE7	America/New_York
	7IA7	America/Chicago
	7IL0	America/Chicago
	7IL3	America/Chicago
	7IL7	America/Chicago
	7IL9	America/Chicago
	7IN2	America/Indiana/Indianapolis
	7IN3	America/Chicago
	7IN6	America/Indiana/Indianapolis
	7IN7	America/Indiana/Indianapolis
	7IN9	America/Indiana/Indianapolis
	7IS2	America/Chicago
	7IS3	America/Chicago
	7IS5	America/Chicago
	7IS7	America/Chicago
	7KS0	America/Chicago
	7KS2	America/Chicago
	7KS4	America/Chicago
	7KS6	America/Chicago
	7KS7	America/Chicago
	7KS8	America/Chicago
	7KS9	America/Chicago
	7KY3	America/New_York
	7KY4	America/Chicago
	7LA0	America/Chicago
	7LA1	America/Chicago
	7LA4	America/Chicago
	7LA9	America/Chicago
	7LL3	America/Chicago
	7LL7	America/Chicago
	7MD1	America/New_York
	7MD7	America/New_York
	7MD8	America/New_York
	7MD9	America/New_York
	7ME7	America/New_York
	7MI2	America/Detroit
	7MI3	America/Detroit
	7MI6	America/Detroit
	7MI7	America/Detroit
	7MI8	America/Detroit
	7MN3	America/Chicago
	7MN4	America/Chicago
	7MN6	America/Chicago
	7MN8	America/Chicago
	7MO1	America/Chicago
	7MO3	America/Chicago
	7MO5	America/Chicago
	7MO7	America/Chicago
	7MO8	America/Chicago
	7MS1	America/Chicago
	7MS3	America/Chicago
	7MS4	America/Chicago
	7MS7	America/Chicago
	7MY9	America/Chicago
	7NA4	America/Chicago
	7NA9	America/Chicago
	7NC1	America/New_York
	7NC3	America/New_York
	7NC5	America/New_York
	7NC7	America/New_York
	7NC9	America/New_York
	7ND1	America/Denver
	7ND8	America/Chicago
	7NE5	America/Denver
	7NE8	America/Chicago
	7NJ2	America/New_York
	7NJ9	America/New_York
	7NK0	America/New_York
	7NK4	America/New_York
	7NK6	America/New_York
	7NK7	America/New_York
	7NM1	America/Denver
	7NV8	America/Los_Angeles
	7NY1	America/New_York
	7NY6	America/New_York
	7NY8	America/New_York
	7OA7	America/New_York
	7OH1	America/New_York
	7OH2	America/New_York
	7OH3	America/New_York
	7OH5	America/New_York
	7OH7	America/New_York
	7OH8	America/New_York
	7OI5	America/New_York
	7OI9	America/New_York
	7OK1	America/Chicago
	7OK2	America/Chicago
	7OK4	America/Chicago
	7OK7	America/Chicago
	7OK8	America/Chicago
	7OR0	America/Los_Angeles
	7OR1	America/Los_Angeles
	7OR2	America/Los_Angeles
	7OR4	America/Los_Angeles
	7OR6	America/Los_Angeles
	7OR8	America/Los_Angeles
	7OR9	America/Los_Angeles
	7PA1	America/New_York
	7PA3	America/New_York
	7PA4	America/New_York
	7PA6	America/New_York
	7PN0	America/New_York
	7PN4	America/New_York
	7TA3	America/Chicago
	7TA4	America/Chicago
	7TA6	America/Chicago
	7TA7	America/Chicago
	7TE1	America/Chicago
	7TE2	America/Chicago
	7TE3	America/Chicago
	7TE4	America/Chicago
	7TE6	America/Chicago
	7TE7	America/Chicago
	7TE8	America/Chicago
	7TE9	America/Chicago
	7TN0	America/Chicago
	7TN1	America/Chicago
	7TN3	America/Chicago
	7TN4	America/Chicago
	7TN5	America/Chicago
	7TS2	America/Chicago
	7TS4	America/Chicago
	7TS9	America/Chicago
	7TX0	America/Chicago
	7TX4	America/Chicago
	7TX7	America/Chicago
	7TX8	America/Chicago
	7TX9	America/Chicago
	7VA5	America/New_York
	7VA9	America/New_York
	7VG0	America/New_York
	7WA0	America/Los_Angeles
	7WA3	America/Los_Angeles
	7WA4	America/Los_Angeles
	7WI0	America/Chicago
	7WI2	America/Chicago
	7WI4	America/Chicago
	7WI5	America/Chicago
	7WI6	America/Chicago
	7WI7	America/Chicago
	7WI8	America/Chicago
	7XA2	America/Chicago
	7XA4	America/Chicago
	7XS0	America/Chicago
	7XS5	America/Chicago
	7XS7	America/Chicago
	80AL	America/Chicago
	80AR	America/Chicago
	80CA	America/Los_Angeles
	80CO	America/Denver
	80FD	America/New_York
	80GA	America/New_York
	80IL	America/Chicago
	80KS	America/Chicago
	80KY	America/Chicago
	80LA	America/Chicago
	80MO	America/Chicago
	80ND	America/Chicago
	80NY	America/New_York
	80OH	America/New_York
	80OK	America/Chicago
	80OR	America/Los_Angeles
	80PN	America/New_York
	80SD	America/Chicago
	80TN	America/New_York
	80TS	America/Chicago
	80VA	America/New_York
	80WI	America/Chicago
	80XA	America/Chicago
	81AK	America/Anchorage
	81AR	America/Chicago
	81CA	America/Los_Angeles
	81CO	America/Denver
	81GA	America/New_York
	81IL	America/Chicago
	81KS	America/Chicago
	81LL	America/Chicago
	81ME	America/New_York
	81MN	America/Chicago
	81NC	America/New_York
	81ND	America/Chicago
	81OH	America/New_York
	81TE	America/Chicago
	81TN	America/New_York
	81TS	America/Chicago
	81VA	America/New_York
	81XA	America/Chicago
	82AR	America/Chicago
	82AZ	America/Phoenix
	82GA	America/New_York
	82IS	America/Chicago
	82KS	America/Chicago
	82KY	America/Kentucky/Louisville
	82LS	America/Chicago
	82ME	America/New_York
	82NC	America/New_York
	82NE	America/Denver
	82NM	America/Denver
	82NR	America/New_York
	82TA	America/Chicago
	82TE	America/Chicago
	82TS	America/Chicago
	82VA	America/New_York
	82WI	America/Chicago
	82WN	America/Los_Angeles
	82XS	America/Chicago
	83AK	America/Anchorage
	83FD	America/New_York
	83FL	America/New_York
	83GA	America/New_York
	83IL	America/Chicago
	83IN	America/Indiana/Indianapolis
	83IS	America/Chicago
	83KS	America/Chicago
	83LL	America/Chicago
	83MS	America/Chicago
	83NR	America/New_York
	83OH	America/New_York
	83OK	America/Chicago
	83TN	America/Chicago
	83TS	America/Chicago
	83TX	America/Chicago
	83XA	America/Chicago
	84AL	America/Chicago
	84IL	America/Chicago
	84KS	America/Chicago
	84KY	America/New_York
	84ME	America/New_York
	84NC	America/New_York
	84NY	America/New_York
	84OK	America/Chicago
	84OR	America/Los_Angeles
	84TA	America/Chicago
	84TE	America/Chicago
	84TN	America/New_York
	84TX	America/Chicago
	84WA	America/Los_Angeles
	84WY	America/Denver
	84XS	America/Chicago
	85FA	America/New_York
	85FL	America/Chicago
	85GA	America/New_York
	85IL	America/Chicago
	85KS	America/Chicago
	85KY	America/New_York
	85MI	America/Detroit
	85MN	America/Chicago
	85NE	America/Chicago
	85NK	America/New_York
	85NY	America/New_York
	85OK	America/Chicago
	85OR	America/Los_Angeles
	85TE	America/Chicago
	85TN	America/New_York
	85TX	America/Chicago
	85WI	America/Chicago
	85XA	America/Chicago
	85XS	America/Chicago
	86CL	America/Los_Angeles
	86CO	America/Denver
	86FD	America/New_York
	86GA	America/New_York
	86IL	America/Chicago
	86IS	America/Chicago
	86KS	America/Chicago
	86LA	America/Chicago
	86MI	America/Detroit
	86MT	America/Denver
	86NC	America/New_York
	86NE	America/Chicago
	86OA	America/New_York
	86OH	America/New_York
	86PN	America/New_York
	86TE	America/Chicago
	86TN	America/New_York
	86TX	America/Chicago
	86WA	America/Los_Angeles
	86WI	America/Chicago
	86XS	America/Chicago
	87AK	America/Anchorage
	87CD	America/Denver
	87FL	America/New_York
	87IL	America/Chicago
	87KS	America/Chicago
	87MN	America/Chicago
	87MO	America/Chicago
	87MS	America/Chicago
	87NC	America/New_York
	87NR	America/New_York
	87OI	America/New_York
	87OR	America/Los_Angeles
	87PA	America/New_York
	87TE	America/Chicago
	87TN	America/Chicago
	87TX	America/Chicago
	87VA	America/New_York
	87WI	America/Chicago
	87WS	America/Chicago
	87XS	America/Chicago
	88AK	America/Anchorage
	88AZ	America/Chicago
	88CO	America/Denver
	88GA	America/New_York
	88IL	America/Chicago
	88IN	America/Indiana/Indianapolis
	88IS	America/Chicago
	88LL	America/Chicago
	88MD	America/New_York
	88MI	America/Detroit
	88MS	America/Chicago
	88NC	America/New_York
	88ND	America/Chicago
	88NV	America/Los_Angeles
	88NY	America/New_York
	88OK	America/Chicago
	88OR	America/Los_Angeles
	88PA	America/New_York
	88PS	America/New_York
	88TA	America/Chicago
	88TE	America/Chicago
	88TN	America/Chicago
	88TT	America/Chicago
	88VA	America/New_York
	88VT	America/New_York
	88WI	America/Chicago
	88WS	America/Chicago
	88XA	America/Chicago
	88XS	America/Chicago
	89AK	America/Anchorage
	89CA	America/Los_Angeles
	89IN	America/Indiana/Indianapolis
	89ME	America/New_York
	89MO	America/Chicago
	89NC	America/New_York
	89ND	America/Chicago
	89NE	America/Chicago
	89NJ	America/New_York
	89NR	America/New_York
	89OI	America/New_York
	89OK	America/Chicago
	89OR	America/Los_Angeles
	89VA	America/New_York
	89WI	America/Chicago
	89XA	America/Chicago
	8AK1	America/Anchorage
	8AK2	America/Anchorage
	8AK3	America/Anchorage
	8AK5	America/Anchorage
	8AK6	America/Anchorage
	8AK8	America/Anchorage
	8AK9	America/Anchorage
	8AL2	America/Chicago
	8AL3	America/Chicago
	8AL7	America/Chicago
	8AL8	America/Chicago
	8AN6	America/Los_Angeles
	8AR1	America/Chicago
	8AZ5	America/Phoenix
	8CA0	America/Los_Angeles
	8CA8	America/Los_Angeles
	8CD4	America/Denver
	8CL1	America/Los_Angeles
	8CL6	America/Los_Angeles
	8CO5	America/Denver
	8CO7	America/Denver
	8CO8	America/Denver
	8CO9	America/Denver
	8FA1	America/New_York
	8FA4	America/New_York
	8FA8	America/New_York
	8FD3	America/Chicago
	8FD5	America/New_York
	8FL0	America/New_York
	8FL1	America/New_York
	8FL2	America/New_York
	8FL3	America/New_York
	8FL6	America/Chicago
	8FL9	America/Chicago
	8GA1	America/New_York
	8GA3	America/New_York
	8GA5	America/New_York
	8GA6	America/New_York
	8GA8	America/New_York
	8GA9	America/New_York
	8IA8	America/Chicago
	8ID8	America/Boise
	8II2	America/Indiana/Indianapolis
	8II5	America/Indiana/Indianapolis
	8IL0	America/Chicago
	8IL2	America/Chicago
	8IL3	America/Chicago
	8IL5	America/Chicago
	8IL7	America/Chicago
	8IN2	America/Indiana/Indianapolis
	8IN7	America/Indiana/Indianapolis
	8IN9	America/Indiana/Indianapolis
	8IS2	America/Indiana/Indianapolis
	8KS0	America/Chicago
	8KS1	America/Chicago
	8KS3	America/Chicago
	8KS4	America/Chicago
	8KS5	America/Chicago
	8KS7	America/Chicago
	8KS8	America/Chicago
	8KT8	America/New_York
	8KY3	America/New_York
	8KY6	America/New_York
	8MA4	America/New_York
	8MD0	America/New_York
	8MD4	America/New_York
	8MD5	America/New_York
	8MD6	America/New_York
	8MD7	America/New_York
	8MI3	America/Detroit
	8MI7	America/Detroit
	8MI9	America/Detroit
	8MN2	America/Chicago
	8MN3	America/Chicago
	8MN4	America/Chicago
	8MN6	America/Chicago
	8MO1	America/Chicago
	8MO3	America/Chicago
	8MO4	America/Chicago
	8MO7	America/Chicago
	8MS1	America/Chicago
	8MS2	America/Chicago
	8MT4	America/Denver
	8MY9	America/Chicago
	8NA0	America/Chicago
	8NA9	America/Chicago
	8NC1	America/New_York
	8NC2	America/New_York
	8NC4	America/New_York
	8NC6	America/New_York
	8NC7	America/New_York
	8NC8	America/New_York
	8NC9	America/New_York
	8ND0	America/Chicago
	8ND4	America/Chicago
	8ND5	America/Chicago
	8ND6	America/Chicago
	8ND7	America/Chicago
	8NE3	America/Denver
	8NE4	America/Chicago
	8NE5	America/Chicago
	8NE6	America/Chicago
	8NE9	America/Chicago
	8NK4	America/New_York
	8NK6	America/New_York
	8NY3	America/New_York
	8NY5	America/New_York
	8NY7	America/New_York
	8NY8	America/New_York
	8OA6	America/New_York
	8OA7	America/New_York
	8OH4	America/New_York
	8OH5	America/New_York
	8OI3	America/New_York
	8OI5	America/New_York
	8OI9	America/New_York
	8OK0	America/Chicago
	8OK1	America/Chicago
	8OK2	America/Chicago
	8OK4	America/Chicago
	8OK6	America/Chicago
	8OK7	America/Chicago
	8OL1	America/Chicago
	8OR2	America/Los_Angeles
	8OR3	America/Los_Angeles
	8OR5	America/Los_Angeles
	8OR6	America/Los_Angeles
	8OR7	America/Los_Angeles
	8PA0	America/New_York
	8PA1	America/New_York
	8PA3	America/New_York
	8PA4	America/New_York
	8PA8	America/New_York
	8PN2	America/New_York
	8PN3	America/New_York
	8TA0	America/Chicago
	8TA1	America/Chicago
	8TA3	America/Chicago
	8TA5	America/Chicago
	8TA8	America/Chicago
	8TE0	America/Chicago
	8TE1	America/Chicago
	8TE2	America/Chicago
	8TE4	America/Chicago
	8TE8	America/Chicago
	8TN1	America/Chicago
	8TN2	America/Chicago
	8TN3	America/New_York
	8TN4	America/New_York
	8TN5	America/Chicago
	8TN6	America/Chicago
	8TN7	America/Chicago
	8TS0	America/Chicago
	8TS2	America/Chicago
	8TS3	America/Chicago
	8TS7	America/Chicago
	8TS8	America/Chicago
	8TX0	America/Chicago
	8TX6	America/Chicago
	8VA1	America/New_York
	8VA4	America/New_York
	8VA6	America/New_York
	8VA9	America/New_York
	8VG4	America/New_York
	8WA0	America/Los_Angeles
	8WA6	America/Los_Angeles
	8WA7	America/Los_Angeles
	8WI0	America/Chicago
	8WI1	America/Chicago
	8WI2	America/Chicago
	8WI3	America/Chicago
	8WI5	America/Chicago
	8WI6	America/Chicago
	8WN8	America/Chicago
	8WV3	America/New_York
	8WV8	America/New_York
	8WY6	America/Denver
	8XA6	America/Chicago
	8XA7	America/Chicago
	8XS0	America/Chicago
	8XS2	America/Chicago
	8XS3	America/Chicago
	8XS9	America/Chicago
	90AR	America/Chicago
	90CA	America/Los_Angeles
	90CL	America/Los_Angeles
	90FD	America/New_York
	90FL	America/New_York
	90IA	America/Chicago
	90IL	America/Chicago
	90IN	America/Indiana/Indianapolis
	90KS	America/Chicago
	90LA	America/Chicago
	90ME	America/New_York
	90MN	America/Chicago
	90MS	America/Chicago
	90NY	America/New_York
	90OI	America/New_York
	90OK	America/Chicago
	90PA	America/New_York
	90TS	America/Chicago
	90TT	America/Chicago
	90TX	America/Chicago
	90VA	America/New_York
	90WI	America/Chicago
	90XA	America/Chicago
	91AS	America/Chicago
	91GA	America/New_York
	91IL	America/Chicago
	91IN	America/Indiana/Indianapolis
	91KS	America/Chicago
	91LA	America/Chicago
	91LS	America/Chicago
	91NE	America/Chicago
	91NY	America/New_York
	91OH	America/New_York
	91OK	America/Chicago
	91TA	America/Chicago
	91TE	America/Chicago
	91TN	America/Chicago
	91TS	America/Chicago
	91TX	America/Chicago
	91VA	America/New_York
	91WA	America/Los_Angeles
	91WI	America/Chicago
	91WT	America/Los_Angeles
	91XA	America/Chicago
	91XS	America/Chicago
	92CA	America/Los_Angeles
	92CL	America/Los_Angeles
	92CO	America/Denver
	92GE	America/New_York
	92IL	America/Chicago
	92IN	America/Indiana/Indianapolis
	92KY	America/New_York
	92ME	America/New_York
	92MN	America/Chicago
	92MT	America/Denver
	92MU	America/Chicago
	92NJ	America/New_York
	92NY	America/New_York
	92OK	America/Chicago
	92PA	America/New_York
	92PN	America/New_York
	92SC	America/New_York
	92TA	America/Chicago
	92TE	America/Chicago
	92TN	America/Chicago
	92VA	America/New_York
	92WI	America/Chicago
	92XA	America/Chicago
	92XS	America/Chicago
	93AK	America/Anchorage
	93AZ	America/Phoenix
	93CO	America/Denver
	93FA	America/Chicago
	93IA	America/Chicago
	93IL	America/Chicago
	93KS	America/Chicago
	93MD	America/New_York
	93MN	America/Chicago
	93MO	America/Chicago
	93MS	America/Chicago
	93MT	America/Denver
	93NR	America/New_York
	93OK	America/Chicago
	93TE	America/Chicago
	93TN	America/New_York
	93XA	America/Chicago
	93XS	America/Chicago
	94AR	America/Chicago
	94FA	America/Chicago
	94FL	America/New_York
	94IL	America/Chicago
	94IS	America/Chicago
	94KS	America/Chicago
	94KY	America/Chicago
	94MD	America/New_York
	94NC	America/New_York
	94NY	America/New_York
	94OR	America/Los_Angeles
	94TA	America/Chicago
	94TN	America/Chicago
	94TS	America/Chicago
	94TT	America/Chicago
	94TX	America/Chicago
	94WA	America/Los_Angeles
	94WI	America/Chicago
	94XS	America/Chicago
	95AK	America/Anchorage
	95CO	America/Denver
	95FA	America/New_York
	95FD	America/New_York
	95GA	America/New_York
	95ID	America/Los_Angeles
	95IL	America/Chicago
	95IS	America/Chicago
	95KS	America/Chicago
	95MI	America/Detroit
	95MO	America/Chicago
	95NE	America/Chicago
	95NY	America/New_York
	95OK	America/Chicago
	95OR	America/Los_Angeles
	95SC	America/New_York
	95TA	America/Chicago
	95TN	America/Chicago
	95TS	America/Chicago
	95TX	America/Chicago
	95VA	America/New_York
	95WA	America/Los_Angeles
	95WI	America/Chicago
	96AL	America/Chicago
	96CO	America/Denver
	96FA	America/New_York
	96FL	America/New_York
	96GA	America/New_York
	96ID	America/Los_Angeles
	96IL	America/Chicago
	96KS	America/Chicago
	96KY	America/Chicago
	96MT	America/Denver
	96MU	America/Chicago
	96NE	America/Chicago
	96OK	America/Chicago
	96OR	America/Los_Angeles
	96TE	America/Chicago
	96TN	America/New_York
	96TS	America/Chicago
	96TX	America/Chicago
	96VE	America/Los_Angeles
	96WA	America/Los_Angeles
	96WY	America/Denver
	96XA	America/Chicago
	97AK	America/Anchorage
	97CA	America/Los_Angeles
	97FL	America/New_York
	97GA	America/New_York
	97IA	America/Chicago
	97KS	America/Chicago
	97MT	America/Denver
	97OG	America/Boise
	97OR	America/Los_Angeles
	97TN	America/New_York
	97TS	America/Chicago
	97TX	America/Chicago
	97VA	America/New_York
	97WA	America/Los_Angeles
	97WI	America/Chicago
	97XS	America/Chicago
	98AA	America/Anchorage
	98AK	America/Anchorage
	98GA	America/New_York
	98KS	America/Chicago
	98LL	America/Chicago
	98LS	America/Chicago
	98MN	America/Chicago
	98MO	America/Chicago
	98MT	America/Denver
	98NY	America/New_York
	98OH	America/New_York
	98OK	America/Chicago
	98OR	America/Los_Angeles
	98SC	America/New_York
	98TE	America/Los_Angeles
	98TN	America/New_York
	98TS	America/Chicago
	98XA	America/Chicago
	99AK	America/Anchorage
	99CL	America/Los_Angeles
	99CO	America/Denver
	99IA	America/Chicago
	99II	America/Indiana/Indianapolis
	99KS	America/Chicago
	99KY	America/New_York
	99LA	America/Chicago
	99MS	America/Chicago
	99MT	America/Denver
	99OR	America/Los_Angeles
	99TA	America/Chicago
	99TE	America/Chicago
	99TT	America/Chicago
	99TX	America/Chicago
	99UT	America/Denver
	99WI	America/Chicago
	99WY	America/Denver
	99XA	America/Chicago
	99XS	America/Chicago
	9AA1	America/Anchorage
	9AA9	America/Juneau
	9AK0	America/Anchorage
	9AK2	America/Anchorage
	9AK3	America/Anchorage
	9AK4	America/Anchorage
	9AK5	America/Anchorage
	9AK6	America/Anchorage
	9AK7	America/Anchorage
	9AK8	America/Anchorage
	9AK9	America/Anchorage
	9AL6	America/Chicago
	9AR1	America/Chicago
	9AR4	America/Chicago
	9AR9	America/Chicago
	9AZ2	America/Phoenix
	9CA6	America/Los_Angeles
	9CA7	America/Los_Angeles
	9CL0	America/Los_Angeles
	9CL2	America/Los_Angeles
	9CL3	America/Los_Angeles
	9CL7	America/Los_Angeles
	9CL9	America/Los_Angeles
	9CO2	America/Denver
	9CO3	America/Denver
	9CO5	America/Denver
	9CO6	America/Denver
	9CO7	America/Denver
	9CO8	America/Denver
	9CO9	America/Denver
	9FD5	America/New_York
	9FD9	America/New_York
	9FL0	America/New_York
	9FL1	America/New_York
	9FL2	America/New_York
	9FL5	America/New_York
	9FL7	America/New_York
	9FL8	America/New_York
	9GA0	America/New_York
	9GA1	America/New_York
	9GA3	America/New_York
	9GA5	America/New_York
	9GA6	America/New_York
	9GA8	America/New_York
	9GA9	America/New_York
	9GE7	America/New_York
	9ID0	America/Boise
	9ID6	America/Los_Angeles
	9II4	America/Indiana/Indianapolis
	9II8	America/Indiana/Indianapolis
	9IL0	America/Chicago
	9IL2	America/Chicago
	9IL4	America/Chicago
	9IL6	America/Chicago
	9IL7	America/Chicago
	9IN4	America/Indiana/Vincennes
	9IN7	America/Indiana/Indianapolis
	9IS0	America/Chicago
	9IS2	America/Chicago
	9KS3	America/Chicago
	9KS4	America/Chicago
	9KS6	America/Chicago
	9KS8	America/Chicago
	9KY4	America/New_York
	9KY9	America/New_York
	9LA6	America/Chicago
	9LA9	America/Chicago
	9LL2	America/Chicago
	9LL5	America/Chicago
	9LS1	America/Chicago
	9LS5	America/Chicago
	9MD9	America/New_York
	9MI2	America/Detroit
	9MI4	America/Detroit
	9MI5	America/Detroit
	9MN1	America/Chicago
	9MN3	America/Chicago
	9MN5	America/Chicago
	9MN6	America/Chicago
	9MO3	America/Chicago
	9MO4	America/Chicago
	9MO5	America/Chicago
	9MO6	America/Chicago
	9MS9	America/Chicago
	9MT0	America/Denver
	9MT9	America/Denver
	9MY7	America/Chicago
	9NA4	America/Chicago
	9NC2	America/New_York
	9NC3	America/New_York
	9NC7	America/New_York
	9NC8	America/New_York
	9NC9	America/New_York
	9ND2	America/Chicago
	9ND8	America/Chicago
	9NE1	America/Denver
	9NE3	America/Denver
	9NE4	America/Chicago
	9NE6	America/Chicago
	9NE8	America/Chicago
	9NJ5	America/New_York
	9NJ6	America/New_York
	9NJ8	America/New_York
	9NK4	America/New_York
	9NM9	America/Denver
	9NR0	America/New_York
	9NR4	America/New_York
	9NR7	America/New_York
	9NR8	America/New_York
	9NY6	America/New_York
	9NY7	America/New_York
	9OA5	America/New_York
	9OH1	America/New_York
	9OH2	America/New_York
	9OH7	America/New_York
	9OH8	America/New_York
	9OI3	America/New_York
	9OI5	America/New_York
	9OK3	America/Chicago
	9OK4	America/Chicago
	9OK5	America/Chicago
	9OK8	America/Chicago
	9OK9	America/Chicago
	9OR0	America/Los_Angeles
	9OR1	America/Los_Angeles
	9OR4	America/Los_Angeles
	9OR8	America/Los_Angeles
	9PA2	America/New_York
	9PA3	America/New_York
	9PA7	America/New_York
	9PN8	America/New_York
	9PS2	America/New_York
	9PS8	America/New_York
	9SD8	America/Chicago
	9TA1	America/Chicago
	9TA3	America/Chicago
	9TE0	America/Chicago
	9TE2	America/Chicago
	9TE4	America/Chicago
	9TE5	America/Chicago
	9TE6	America/Chicago
	9TE7	America/Chicago
	9TN1	America/Chicago
	9TN4	America/Chicago
	9TN5	America/Chicago
	9TN7	America/Chicago
	9TN9	America/Chicago
	9TS3	America/Chicago
	9TX1	America/Chicago
	9TX3	America/Chicago
	9TX4	America/Chicago
	9TX5	America/Chicago
	9TX6	America/Chicago
	9TX7	America/Chicago
	9VA0	America/New_York
	9VA1	America/New_York
	9VA4	America/New_York
	9VA6	America/New_York
	9VG9	America/New_York
	9WA4	America/Los_Angeles
	9WA7	America/Los_Angeles
	9WI1	America/Chicago
	9WI2	America/Chicago
	9WI3	America/Chicago
	9WI4	America/Chicago
	9WI5	America/Chicago
	9WI6	America/Chicago
	9WI8	America/Chicago
	9WN1	America/Chicago
	9WN2	America/Chicago
	9WN5	America/Chicago
	9WN6	America/Chicago
	9WS2	America/Chicago
	9XA4	America/Chicago
	9XS1	America/Chicago
	9XS4	America/Chicago
	9XS6	America/Chicago
	9XS9	America/Chicago
	AA00	America/Anchorage
	AA05	America/Anchorage
	AA06	America/Anchorage
	AA09	America/Anchorage
	AA10	America/Anchorage
	AA16	America/Anchorage
	AA22	America/Anchorage
	AA25	America/Anchorage
	AA30	America/Anchorage
	AA33	America/Anchorage
	AA76	America/Anchorage
	AAXX	Antarctica/Rothera
	AK00	America/Anchorage
	AK01	America/Anchorage
	AK02	America/Anchorage
	AK05	America/Anchorage
	AK06	America/Anchorage
	AK07	America/Anchorage
	AK08	America/Anchorage
	AK09	America/Anchorage
	AK10	America/Anchorage
	AK11	America/Anchorage
	AK12	America/Anchorage
	AK14	America/Anchorage
	AK16	America/Anchorage
	AK17	America/Anchorage
	AK19	America/Anchorage
	AK20	America/Anchorage
	AK21	America/Anchorage
	AK22	America/Anchorage
	AK24	America/Anchorage
	AK25	America/Anchorage
	AK27	America/Anchorage
	AK28	America/Anchorage
	AK29	America/Anchorage
	AK30	America/Anchorage
	AK31	America/Anchorage
	AK36	America/Anchorage
	AK39	America/Anchorage
	AK40	America/Anchorage
	AK41	America/Anchorage
	AK44	America/Anchorage
	AK45	America/Nome
	AK46	America/Anchorage
	AK47	America/Anchorage
	AK50	America/Anchorage
	AK51	America/Anchorage
	AK52	America/Anchorage
	AK53	America/Anchorage
	AK54	America/Anchorage
	AK55	America/Anchorage
	AK59	America/Anchorage
	AK60	America/Anchorage
	AK61	America/Anchorage
	AK63	America/Anchorage
	AK64	America/Anchorage
	AK65	America/Anchorage
	AK66	America/Anchorage
	AK67	America/Anchorage
	AK68	America/Anchorage
	AK69	America/Anchorage
	AK72	America/Anchorage
	AK73	America/Anchorage
	AK74	America/Nome
	AK76	America/Yakutat
	AK77	America/Anchorage
	AK80	America/Anchorage
	AK83	America/Anchorage
	AK84	America/Anchorage
	AK85	America/Anchorage
	AK86	America/Anchorage
	AK88	America/Anchorage
	AK89	America/Anchorage
	AK90	America/Anchorage
	AK92	America/Anchorage
	AK93	America/Anchorage
	AK95	America/Anchorage
	AK96	America/Anchorage
	AK98	America/Nome
	AK99	America/Anchorage
	AL03	America/Chicago
	AL04	America/Chicago
	AL05	America/Chicago
	AL08	America/Chicago
	AL09	America/Chicago
	AL10	America/Chicago
	AL16	America/Chicago
	AL17	America/Chicago
	AL18	America/Chicago
	AL27	America/Chicago
	AL29	America/Chicago
	AL30	America/Chicago
	AL32	America/Chicago
	AL33	America/Chicago
	AL34	America/Chicago
	AL35	America/Chicago
	AL41	America/Chicago
	AL43	America/Chicago
	AL44	America/Chicago
	AL47	America/Chicago
	AL51	America/Chicago
	AL55	America/Chicago
	AL60	America/Chicago
	AL61	America/Chicago
	AL62	America/Chicago
	AL69	America/Chicago
	AL71	America/Chicago
	AL74	America/Chicago
	AL76	America/Chicago
	AL77	America/Chicago
	AL84	America/Chicago
	AL88	America/Chicago
	AL89	America/Chicago
	AL92	America/Chicago
	AL93	America/Chicago
	AL94	America/Chicago
	AL99	America/Chicago
	AN01	America/Phoenix
	AN03	America/Anchorage
	AN04	America/Anchorage
	AN05	America/Anchorage
	AN37	America/Chicago
	AR03	America/Chicago
	AR05	America/Chicago
	AR06	America/Chicago
	AR09	America/Chicago
	AR10	America/Chicago
	AR11	America/Chicago
	AR12	America/Chicago
	AR13	America/Chicago
	AR17	America/Chicago
	AR22	America/Chicago
	AR27	America/Chicago
	AR34	America/Chicago
	AR43	America/Chicago
	AR44	America/Chicago
	AR46	America/Chicago
	AR79	America/Chicago
	AR88	America/Chicago
	AR89	America/Chicago
	AR91	America/Chicago
	AS04	America/Chicago
	AS11	America/Chicago
	AS31	America/Chicago
	AS91	America/Chicago
	AYBW	Pacific/Port_Moresby
	AYDS	Pacific/Port_Moresby
	AYGB	Pacific/Port_Moresby
	AYGW	Pacific/Port_Moresby
	AYHA	Pacific/Port_Moresby
	AYMK	Pacific/Port_Moresby
	AYPU	Pacific/Port_Moresby
	AYPW	Pacific/Port_Moresby
	AYST	Pacific/Port_Moresby
	AZ01	America/Phoenix
	AZ03	America/Phoenix
	AZ04	America/Phoenix
	AZ05	America/Phoenix
	AZ06	America/Phoenix
	AZ09	America/Phoenix
	AZ13	America/Phoenix
	AZ14	America/Phoenix
	AZ17	America/Phoenix
	AZ19	America/Phoenix
	AZ21	America/Phoenix
	AZ25	America/Phoenix
	AZ26	America/Phoenix
	AZ27	America/Phoenix
	AZ28	America/Phoenix
	AZ31	America/Phoenix
	AZ32	America/Phoenix
	AZ34	America/Phoenix
	AZ40	America/Phoenix
	AZ43	America/Phoenix
	AZ45	America/Phoenix
	AZ46	America/Phoenix
	AZ49	America/Phoenix
	AZ50	America/Phoenix
	AZ57	America/Phoenix
	AZ60	America/Phoenix
	AZ61	America/Phoenix
	AZ63	America/Phoenix
	AZ64	America/Phoenix
	AZ66	America/Phoenix
	AZ71	America/Phoenix
	AZ72	America/Phoenix
	AZ78	America/Phoenix
	AZ82	America/Phoenix
	AZ85	America/Phoenix
	AZ88	America/Phoenix
	AZ90	America/Phoenix
	AZ97	America/Phoenix
	BGDH	America/Danmarkshavn
	BGMI	America/Nuuk
	BGMV	America/Scoresbysund
	BGQO	America/Nuuk
	BGSG	America/Nuuk
	BIAE	Atlantic/Reykjavik
	BIAL	Atlantic/Reykjavik
	BIBA	Atlantic/Reykjavik
	BIBI	Atlantic/Reykjavik
	BIBR	Atlantic/Reykjavik
	BIDA	Atlantic/Reykjavik
	BIEH	Atlantic/Reykjavik
	BIFF	Atlantic/Reykjavik
	BIFL	Atlantic/Reykjavik
	BIFZ	Atlantic/Reykjavik
	BIGE	Atlantic/Reykjavik
	BIGH	Atlantic/Reykjavik
	BIGS	Atlantic/Reykjavik
	BIHE	Atlantic/Reykjavik
	BIHI	Atlantic/Reykjavik
	BIHL	Atlantic/Reykjavik
	BIHR	Atlantic/Reykjavik
	BIHS	Atlantic/Reykjavik
	BIHX	Atlantic/Reykjavik
	BIHY	Atlantic/Reykjavik
	BIHZ	Atlantic/Reykjavik
	BIKA	Atlantic/Reykjavik
	BIKE	Atlantic/Reykjavik
	BIKJ	Atlantic/Reykjavik
	BIKL	Atlantic/Reykjavik
	BIMK	Atlantic/Reykjavik
	BIMM	Atlantic/Reykjavik
	BIMN	Atlantic/Reykjavik
	BIMS	Atlantic/Reykjavik
	BIND	Atlantic/Reykjavik
	BIRS	Atlantic/Reykjavik
	BISA	Atlantic/Reykjavik
	BISF	Atlantic/Reykjavik
	BISG	Atlantic/Reykjavik
	BISH	Atlantic/Reykjavik
	BISK	Atlantic/Reykjavik
	BISN	Atlantic/Reykjavik
	BISP	Atlantic/Reykjavik
	BISR	Atlantic/Reykjavik
	BISS	Atlantic/Reykjavik
	BISV	Atlantic/Reykjavik
	BITM	Atlantic/Reykjavik
	BITO	Atlantic/Reykjavik
	BIVA	Atlantic/Reykjavik
	BIVH	Atlantic/Reykjavik
	BIVI	Atlantic/Reykjavik
	CA03	America/Los_Angeles
	CA04	America/Los_Angeles
	CA05	America/Los_Angeles
	CA06	America/Los_Angeles
	CA07	America/Los_Angeles
	CA09	America/Los_Angeles
	CA11	America/Los_Angeles
	CA18	America/Los_Angeles
	CA20	America/Los_Angeles
	CA21	America/Los_Angeles
	CA32	America/Los_Angeles
	CA34	America/Los_Angeles
	CA39	America/Los_Angeles
	CA41	America/Los_Angeles
	CA42	America/Los_Angeles
	CA44	America/Los_Angeles
	CA49	America/Los_Angeles
	CA51	America/Los_Angeles
	CA60	America/Los_Angeles
	CA62	America/Los_Angeles
	CA66	America/Los_Angeles
	CA67	America/Los_Angeles
	CA70	America/Los_Angeles
	CA73	America/Los_Angeles
	CA74	America/Los_Angeles
	CA76	America/Los_Angeles
	CA88	America/Los_Angeles
	CA89	America/Los_Angeles
	CA90	America/Los_Angeles
	CA97	America/Los_Angeles
	CAA2	America/Toronto
	CAA8	America/Edmonton
	CAE4	America/Vancouver
	CAF4	America/Vancouver
	CAG2	America/Regina
	CAG3	America/Vancouver
	CAH4	America/Vancouver
	CAJ2	America/Whitehorse
	CAJ7	America/Edmonton
	CAJ9	America/Vancouver
	CAK3	America/Vancouver
	CAM4	America/Edmonton
	CAM5	America/Vancouver
	CAP6	America/Vancouver
	CAQ4	America/Vancouver
	CAQ5	America/Vancouver
	CAR2	America/Dawson_Creek
	CAR5	America/Toronto
	CAS3	America/Vancouver
	CAT1	America/Toronto
	CAT5	America/Vancouver
	CAU3	America/Vancouver
	CAU4	America/Vancouver
	CAV3	America/Vancouver
	CAV4	America/Vancouver
	CAV6	America/Winnipeg
	CAV9	America/Winnipeg
	CAW3	America/Vancouver
	CAX2	America/Regina
	CAX5	America/Vancouver
	CAY2	America/Vancouver
	CAZ5	America/Vancouver
	CBA8	America/Vancouver
	CBA9	America/Vancouver
	CBB7	America/Vancouver
	CBB9	America/Vancouver
	CBC2	America/Yellowknife
	CBD6	America/Yellowknife
	CBE2	America/Edmonton
	CBF2	America/Toronto
	CBF9	America/Vancouver
	CBG2	America/Vancouver
	CBH2	America/Fort_Nelson
	CBH4	America/Yellowknife
	CBJ4	America/Vancouver
	CBK6	America/Vancouver
	CBK7	America/Fort_Nelson
	CBL3	America/Fort_Nelson
	CBL6	America/Edmonton
	CBL9	America/Vancouver
	CBM6	America/Vancouver
	CBN9	America/Vancouver
	CBQ2	America/Vancouver
	CBQ7	America/Vancouver
	CBQ8	America/Vancouver
	CBR2	America/Vancouver
	CBR4	America/Vancouver
	CBS4	America/Vancouver
	CBS7	America/Regina
	CBT3	America/Vancouver
	CBT6	America/Vancouver
	CBU2	America/Vancouver
	CBW2	America/Vancouver
	CBW3	America/Vancouver
	CBW6	America/Toronto
	CBW8	America/Vancouver
	CBX5	America/Yellowknife
	CBX7	America/Dawson_Creek
	CBZ9	America/Vancouver
	CCA3	America/Halifax
	CCA7	America/Halifax
	CCC2	America/St_Johns
	CCD2	America/St_Johns
	CCD3	America/Moncton
	CCE2	America/Halifax
	CCE3	America/Moncton
	CCF4	America/Halifax
	CCF6	America/Edmonton
	CCF9	America/Moncton
	CCG3	America/Moncton
	CCG4	America/Moncton
	CCH2	America/Moncton
	CCI9	America/Vancouver
	CCJ3	America/Moncton
	CCK3	America/Moncton
	CCK5	America/Toronto
	CCL2	America/Regina
	CCL3	America/Edmonton
	CCM3	America/Moncton
	CCM4	America/St_Johns
	CCN2	America/Moncton
	CCP2	America/St_Johns
	CCP3	America/Toronto
	CCP6	America/Toronto
	CCQ3	America/Halifax
	CCR3	America/Halifax
	CCS3	America/Moncton
	CCS4	America/Moncton
	CCS5	America/Moncton
	CCS6	America/Vancouver
	CCT2	America/Toronto
	CCV4	America/St_Johns
	CCW3	America/Halifax
	CCW4	America/Halifax
	CCX3	America/Moncton
	CCY3	America/Moncton
	CCY4	America/Halifax
	CCZ3	America/St_Johns
	CCZ4	America/Halifax
	CCZ5	America/Halifax
	CD01	America/Denver
	CD02	America/Denver
	CD03	America/Denver
	CD05	America/Denver
	CD09	America/Denver
	CD10	America/Denver
	CD13	America/Denver
	CD14	America/Denver
	CD15	America/Denver
	CD20	America/Denver
	CD23	America/Denver
	CD28	America/Denver
	CD32	America/Denver
	CD39	America/Denver
	CD45	America/Denver
	CD48	America/Denver
	CD69	America/Denver
	CDA3	America/Halifax
	CDA4	America/Moncton
	CDA5	America/St_Johns
	CDA6	America/Halifax
	CDC3	America/Dawson_Creek
	CDC4	America/Moncton
	CDD3	America/Toronto
	CDF3	America/Toronto
	CDG3	America/Toronto
	CDH1	America/Toronto
	CDH3	America/Halifax
	CDJ4	America/Moncton
	CDJ5	America/Edmonton
	CDO2	America/Edmonton
	CDT5	America/Moncton
	CDU6	America/Moncton
	CDU9	America/Toronto
	CDV2	America/Moncton
	CDW2	America/Halifax
	CDY3	America/St_Johns
	CDY6	America/Halifax
	CEA3	America/Edmonton
	CEA5	America/Edmonton
	CEA6	America/Edmonton
	CEC3	America/Edmonton
	CED3	America/Edmonton
	CED4	America/Edmonton
	CED5	America/Edmonton
	CED6	America/Edmonton
	CEE4	America/Edmonton
	CEE5	America/Edmonton
	CEE6	America/Edmonton
	CEE8	America/Edmonton
	CEF2	America/Toronto
	CEF3	America/Edmonton
	CEF4	America/Edmonton
	CEF6	America/Edmonton
	CEG2	America/Edmonton
	CEG3	America/Edmonton
	CEG4	America/Edmonton
	CEG5	America/Edmonton
	CEG8	America/Winnipeg
	CEH2	America/Edmonton
	CEH3	America/Edmonton
	CEH4	America/Edmonton
	CEH5	America/Edmonton
	CEH6	America/Edmonton
	CEJ3	America/Edmonton
	CEJ4	America/Edmonton
	CEJ6	America/Edmonton
	CEK2	America/Whitehorse
	CEK6	America/Edmonton
	CEL3	America/Toronto
	CEL4	America/Edmonton
	CEL5	America/Edmonton
	CEL6	America/Edmonton
	CEL8	America/Toronto
	CEM4	America/Edmonton
	CEM5	America/Edmonton
	CEN2	America/Edmonton
	CEN3	America/Edmonton
	CEN4	America/Edmonton
	CEN5	America/Edmonton
	CEN6	America/Edmonton
	CEP3	America/Edmonton
	CEP4	America/Edmonton
	CEP5	America/Edmonton
	CEP6	America/Edmonton
	CEQ3	America/Edmonton
	CEQ4	America/Edmonton
	CER2	America/Edmonton
	CES2	America/Toronto
	CES4	America/Edmonton
	CET2	America/Edmonton
	CET4	America/Yellowknife
	CET9	America/Yellowknife
	CEU2	America/Edmonton
	CEU9	America/Yellowknife
	CEV2	America/Edmonton
	CEV3	America/Edmonton
	CEV5	America/Edmonton
	CEV7	America/Edmonton
	CEV9	America/Yellowknife
	CEW3	America/Edmonton
	CEW5	America/Edmonton
	CEX3	America/Edmonton
	CEX4	America/Whitehorse
	CEX9	America/Edmonton
	CEY3	America/Edmonton
	CEZ2	America/Whitehorse
	CEZ3	America/Edmonton
	CEZ4	America/Edmonton
	CFA4	America/Whitehorse
	CFA5	America/Edmonton
	CFA7	America/Yellowknife
	CFB3	America/Edmonton
	CFB4	America/Edmonton
	CFB5	America/Edmonton
	CFB6	America/Edmonton
	CFB7	America/Edmonton
	CFC6	America/Edmonton
	CFC7	America/Edmonton
	CFD4	America/Edmonton
	CFD5	America/Edmonton
	CFD9	America/Edmonton
	CFF2	America/Edmonton
	CFF3	America/Edmonton
	CFF9	America/Edmonton
	CFG3	America/Edmonton
	CFG4	America/Edmonton
	CFG5	America/Edmonton
	CFG7	America/Edmonton
	CFH4	America/Halifax
	CFH8	America/Edmonton
	CFK2	America/Edmonton
	CFK3	America/Vancouver
	CFK4	America/Edmonton
	CFK6	America/Edmonton
	CFL2	America/Edmonton
	CFL9	America/Edmonton
	CFM2	America/Edmonton
	CFM5	America/Edmonton
	CFM6	America/Edmonton
	CFM7	America/Edmonton
	CFM8	America/Edmonton
	CFN5	America/Edmonton
	CFN7	America/Edmonton
	CFP4	America/Whitehorse
	CFP5	America/Edmonton
	CFP6	America/Whitehorse
	CFP7	America/Edmonton
	CFP8	America/Whitehorse
	CFQ3	America/Edmonton
	CFQ4	America/Edmonton
	CFQ5	America/Whitehorse
	CFQ6	America/Whitehorse
	CFQ7	America/Edmonton
	CFR2	America/Edmonton
	CFR5	America/Toronto
	CFR7	America/Edmonton
	CFS4	America/Whitehorse
	CFS5	America/Edmonton
	CFS6	America/Edmonton
	CFS7	America/Whitehorse
	CFS8	America/Edmonton
	CFT2	America/Edmonton
	CFT3	America/Whitehorse
	CFT5	America/Whitehorse
	CFT8	America/Edmonton
	CFT9	America/Edmonton
	CFU3	America/Edmonton
	CFU4	America/Edmonton
	CFU8	America/Edmonton
	CFV2	America/Edmonton
	CFV3	America/Edmonton
	CFV6	America/Edmonton
	CFW2	America/Edmonton
	CFW4	America/Edmonton
	CFW5	America/Yellowknife
	CFX2	America/Edmonton
	CFX3	America/Edmonton
	CFX4	America/Edmonton
	CFX6	America/Edmonton
	CFX8	America/Edmonton
	CFY2	America/Edmonton
	CFY4	America/Edmonton
	CFY5	America/Whitehorse
	CFY6	America/Edmonton
	CFZ3	America/Edmonton
	CFZ5	America/Edmonton
	CGB2	America/Edmonton
	CGF2	America/Edmonton
	CGK2	America/Yellowknife
	CGL2	America/Toronto
	CGL4	America/Edmonton
	CGR3	America/Cambridge_Bay
	CGS2	America/Cambridge_Bay
	CGV2	America/Toronto
	CGV5	America/Toronto
	CGV6	America/Toronto
	CHC5	America/Rankin_Inlet
	CHF2	America/Toronto
	CHG2	America/St_Johns
	CHM2	America/Regina
	CHS3	America/Toronto
	CJA3	America/Winnipeg
	CJA5	America/Winnipeg
	CJA7	America/Regina
	CJB2	America/Winnipeg
	CJB3	America/Winnipeg
	CJB5	America/Regina
	CJB6	America/Winnipeg
	CJB8	America/Regina
	CJC2	America/Regina
	CJC3	America/Regina
	CJC4	America/Regina
	CJC5	America/Regina
	CJC6	America/Regina
	CJC8	America/Winnipeg
	CJD2	America/Regina
	CJD3	America/Regina
	CJD5	America/Regina
	CJE2	America/Regina
	CJE3	America/Regina
	CJE4	America/Winnipeg
	CJE5	America/Regina
	CJE6	America/Regina
	CJE7	America/Winnipeg
	CJF3	America/Regina
	CJF5	America/Regina
	CJF8	America/Regina
	CJG2	America/Regina
	CJG4	America/Winnipeg
	CJH2	America/Winnipeg
	CJH3	America/Edmonton
	CJH4	America/Regina
	CJH8	America/Regina
	CJJ2	America/Winnipeg
	CJJ3	America/Edmonton
	CJJ4	America/Winnipeg
	CJJ5	America/Regina
	CJJ8	America/Regina
	CJK2	America/Winnipeg
	CJK3	America/Regina
	CJK4	America/Regina
	CJK5	America/Regina
	CJK9	America/Regina
	CJL4	America/Regina
	CJL5	America/Winnipeg
	CJL6	America/Winnipeg
	CJL9	America/Regina
	CJM2	America/Regina
	CJM4	America/Regina
	CJM5	America/Regina
	CJM6	America/Regina
	CJN2	America/Regina
	CJN4	America/Regina
	CJN5	America/Regina
	CJN7	America/Winnipeg
	CJP2	America/Regina
	CJP6	America/Regina
	CJP7	America/Winnipeg
	CJP9	America/Regina
	CJQ2	America/Regina
	CJQ3	America/Regina
	CJQ4	America/Regina
	CJQ5	America/Winnipeg
	CJQ6	America/Iqaluit
	CJQ9	America/Winnipeg
	CJR2	America/Regina
	CJR3	America/Winnipeg
	CJR4	America/Regina
	CJR5	America/Winnipeg
	CJR7	America/Regina
	CJR8	America/Winnipeg
	CJR9	America/Regina
	CJS2	America/Regina
	CJS4	America/Regina
	CJS5	America/Winnipeg
	CJS7	America/Winnipeg
	CJT2	America/Winnipeg
	CJT4	America/Regina
	CJT5	America/Winnipeg
	CJT8	America/Winnipeg
	CJT9	America/Regina
	CJU3	America/Winnipeg
	CJU4	America/Regina
	CJU5	America/Winnipeg
	CJU6	America/Winnipeg
	CJU7	America/Regina
	CJV2	America/Edmonton
	CJV4	America/Regina
	CJV5	America/Winnipeg
	CJV8	America/Winnipeg
	CJV9	America/Regina
	CJW2	America/Regina
	CJW3	America/Regina
	CJW4	America/Regina
	CJW5	America/Winnipeg
	CJW7	America/Regina
	CJX4	America/Regina
	CJX5	America/Winnipeg
	CJY4	America/Regina
	CJY5	America/Winnipeg
	CJZ2	America/Winnipeg
	CJZ3	America/Regina
	CJZ4	America/Regina
	CKA4	America/Winnipeg
	CKA8	America/Winnipeg
	CKA9	America/Regina
	CKB2	America/Regina
	CKB7	America/Winnipeg
	CKB8	America/Winnipeg
	CKC6	America/Regina
	CKC7	America/Regina
	CKC8	America/Winnipeg
	CKC9	America/Regina
	CKD2	America/Regina
	CKD5	America/Regina
	CKD7	America/Winnipeg
	CKD8	America/Toronto
	CKD9	America/Winnipeg
	CKE2	America/Regina
	CKE8	America/Regina
	CKF2	America/Regina
	CKF4	America/Regina
	CKF6	America/Winnipeg
	CKF9	America/Winnipeg
	CKG2	America/Winnipeg
	CKG5	America/Winnipeg
	CKG8	America/Toronto
	CKH2	America/Regina
	CKH3	America/Regina
	CKH7	America/Regina
	CKH8	America/Regina
	CKJ2	America/Winnipeg
	CKJ4	America/Regina
	CKJ7	America/Winnipeg
	CKJ8	America/Winnipeg
	CKJ9	America/Regina
	CKK2	America/Regina
	CKK3	America/Regina
	CKK4	America/Regina
	CKK5	America/Regina
	CKK7	America/Winnipeg
	CKL2	America/Winnipeg
	CKL5	America/Winnipeg
	CKL6	America/Regina
	CKL9	America/Regina
	CKM2	America/Winnipeg
	CKM4	America/Regina
	CKM6	America/Winnipeg
	CKM8	America/Winnipeg
	CKN5	America/Regina
	CKN8	America/Regina
	CKP2	America/Regina
	CKQ2	America/Regina
	CKQ5	America/Regina
	CKQ6	America/Winnipeg
	CKQ7	America/Winnipeg
	CKQ8	America/Regina
	CKQ9	America/Winnipeg
	CKR3	America/Winnipeg
	CKR4	America/Winnipeg
	CKR7	America/Winnipeg
	CKR9	America/Regina
	CKS3	America/Regina
	CKS6	America/Regina
	CKS7	America/Regina
	CKS8	America/Regina
	CKS9	America/Toronto
	CKT5	America/Winnipeg
	CKT7	America/Regina
	CKU2	America/Winnipeg
	CKU4	America/Regina
	CKU5	America/Regina
	CKU6	America/Regina
	CKU7	America/Regina
	CKV2	America/Regina
	CKV6	America/Regina
	CKV7	America/Regina
	CKW6	America/Regina
	CKX2	America/Winnipeg
	CKX4	America/Winnipeg
	CKX5	America/Regina
	CKX8	America/Regina
	CKY2	America/Regina
	CKY8	America/Edmonton
	CKZ2	America/Regina
	CKZ3	America/Winnipeg
	CKZ6	America/Winnipeg
	CKZ7	America/Winnipeg
	CL01	America/Los_Angeles
	CL04	America/Los_Angeles
	CL23	America/Los_Angeles
	CL25	America/Los_Angeles
	CL29	America/Los_Angeles
	CL33	America/Los_Angeles
	CL44	America/Los_Angeles
	CL46	America/Los_Angeles
	CL56	America/Los_Angeles
	CL74	America/Los_Angeles
	CL77	America/Los_Angeles
	CL84	America/Los_Angeles
	CLA2	America/Toronto
	CLA4	America/Toronto
	CLA5	America/Edmonton
	CLA6	America/Toronto
	CLB2	America/Toronto
	CLC2	America/Toronto
	CLE4	America/Halifax
	CLG3	America/Edmonton
	CLG7	America/Edmonton
	CLJ3	America/Edmonton
	CLK3	America/Toronto
	CLM2	America/Toronto
	CLN4	America/Edmonton
	CLS3	America/Edmonton
	CLV2	America/Toronto
	CLW2	America/Regina
	CLW3	America/Toronto
	CMA2	America/Toronto
	CMB2	America/Rankin_Inlet
	CMF2	America/Edmonton
	CMF3	America/Edmonton
	CML2	America/Vancouver
	CMN4	America/Whitehorse
	CMN5	America/Toronto
	CMN6	America/Edmonton
	CMW3	America/Toronto
	CN13	America/Los_Angeles
	CN15	America/Los_Angeles
	CN19	America/Los_Angeles
	CN22	America/Los_Angeles
	CN23	America/Los_Angeles
	CN29	America/Los_Angeles
	CN37	America/Los_Angeles
	CN38	America/Los_Angeles
	CN42	America/Los_Angeles
	CN44	America/Los_Angeles
	CN63	America/Los_Angeles
	CN64	America/Los_Angeles
	CN66	America/Los_Angeles
	CN86	America/Los_Angeles
	CN95	America/Los_Angeles
	CN98	America/Los_Angeles
	CN99	America/Los_Angeles
	CNA2	America/Toronto
	CNA3	America/Toronto
	CNA4	America/Toronto
	CNA9	America/Toronto
	CNC3	America/Toronto
	CNC4	America/Toronto
	CND4	America/Toronto
	CNE4	America/Toronto
	CNE9	America/Toronto
	CNF3	America/Toronto
	CNF4	America/Toronto
	CNF8	America/Toronto
	CNF9	America/Toronto
	CNJ3	America/Toronto
	CNJ4	America/Toronto
	CNL2	America/Edmonton
	CNL4	America/Toronto
	CNL7	America/Toronto
	CNL8	America/Toronto
	CNL9	America/Winnipeg
	CNM2	America/Toronto
	CNN3	America/Toronto
	CNN8	America/Toronto
	CNP3	America/Toronto
	CNP6	America/Edmonton
	CNP7	America/Toronto
	CNP8	America/Toronto
	CNQ3	America/Toronto
	CNR4	America/Toronto
	CNR6	America/Toronto
	CNR9	America/Toronto
	CNS4	America/Toronto
	CNS6	America/Toronto
	CNS8	America/Toronto
	CNT6	America/Toronto
	CNT7	America/Toronto
	CNU4	America/Toronto
	CNU8	America/Toronto
	CNV4	America/Toronto
	CNV8	America/Toronto
	CNV9	America/Toronto
	CNW2	America/Toronto
	CNW3	America/Toronto
	CNX3	America/Toronto
	CNX8	America/Toronto
	CNY3	America/Toronto
	CNY4	America/Toronto
	CNZ4	America/Toronto
	CNZ8	America/Toronto
	CO00	America/Denver
	CO02	America/Denver
	CO03	America/Denver
	CO04	America/Denver
	CO06	America/Denver
	CO07	America/Denver
	CO08	America/Chicago
	CO10	America/Denver
	CO11	America/Denver
	CO12	America/Denver
	CO14	America/Denver
	CO15	America/Denver
	CO17	America/Denver
	CO18	America/Denver
	CO20	America/Denver
	CO22	America/Denver
	CO23	America/Denver
	CO25	America/Denver
	CO26	America/Denver
	CO27	America/Denver
	CO28	America/Denver
	CO29	America/Denver
	CO32	America/Denver
	CO33	America/Denver
	CO38	America/Denver
	CO39	America/Denver
	CO41	America/Denver
	CO42	America/Denver
	CO43	America/Denver
	CO47	America/Denver
	CO48	America/Denver
	CO49	America/Denver
	CO52	America/Denver
	CO53	America/Denver
	CO55	America/Denver
	CO56	America/Denver
	CO59	America/Denver
	CO60	America/Denver
	CO61	America/Denver
	CO65	America/Denver
	CO66	America/Denver
	CO67	America/Denver
	CO70	America/Denver
	CO76	America/Denver
	CO80	America/Denver
	CO82	America/Denver
	CO83	America/Denver
	CO84	America/Denver
	CO89	America/Denver
	CO90	America/Denver
	CO92	America/Denver
	CO93	America/Denver
	CO94	America/Denver
	CO95	America/Denver
	CO96	America/Denver
	CO97	America/Denver
	CO99	America/Denver
	COB4	America/Toronto
	COL2	America/Toronto
	CPA4	America/Toronto
	CPB5	America/Regina
	CPB8	America/Edmonton
	CPB9	America/Toronto
	CPC3	America/Toronto
	CPC6	America/Toronto
	CPD2	America/Toronto
	CPD4	America/Toronto
	CPD8	America/Toronto
	CPE3	America/Toronto
	CPE4	America/Toronto
	CPE5	America/Toronto
	CPE6	America/Toronto
	CPF4	America/Toronto
	CPF6	America/Toronto
	CPF7	America/Toronto
	CPG4	America/Toronto
	CPG5	America/Toronto
	CPG6	America/Toronto
	CPG7	America/Toronto
	CPH2	America/Toronto
	CPH3	America/Toronto
	CPH9	America/Toronto
	CPJ5	America/Toronto
	CPK2	America/Toronto
	CPK9	America/Toronto
	CPL3	America/Toronto
	CPL4	America/Toronto
	CPL5	America/Toronto
	CPM3	America/Toronto
	CPM5	America/Toronto
	CPM7	America/Toronto
	CPN2	America/Toronto
	CPN5	America/Toronto
	CPP6	America/Toronto
	CPQ4	America/Toronto
	CPR2	America/Toronto
	CPR3	America/Toronto
	CPR5	America/Toronto
	CPR7	America/Toronto
	CPR9	America/Toronto
	CPS2	America/Toronto
	CPS4	America/Toronto
	CPS5	America/Toronto
	CPS7	America/Toronto
	CPT2	America/Toronto
	CPT3	America/Toronto
	CPU3	America/Toronto
	CPU6	America/Toronto
	CPV2	America/Toronto
	CPV3	America/Toronto
	CPV4	America/Toronto
	CPV8	America/Winnipeg
	CPY9	America/Toronto
	CPZ3	America/Toronto
	CRB2	America/Toronto
	CRB4	America/Toronto
	CRB5	America/Glace_Bay
	CRD4	America/Edmonton
	CRD5	America/Edmonton
	CRE2	America/Yellowknife
	CRE3	America/Toronto
	CRF3	America/Edmonton
	CRF4	America/Edmonton
	CRJ2	America/Toronto
	CRL2	America/Toronto
	CRL4	America/Edmonton
	CRL7	America/Regina
	CRM2	America/Winnipeg
	CRML	America/Toronto
	CRP2	America/Winnipeg
	CRS3	America/Edmonton
	CRS7	America/Toronto
	CRT2	America/Toronto
	CSA2	America/Toronto
	CSB3	America/Toronto
	CSB5	America/Moncton
	CSC3	America/Toronto
	CSC5	America/Toronto
	CSC9	America/Toronto
	CSD3	America/Toronto
	CSD4	America/Toronto
	CSE3	America/Toronto
	CSE4	America/Toronto
	CSE5	America/Toronto
	CSF3	America/Toronto
	CSF7	America/Toronto
	CSG3	America/Toronto
	CSG5	America/Toronto
	CSH2	America/Toronto
	CSH5	America/Toronto
	CSJ2	America/Toronto
	CSJ4	America/Toronto
	CSJ5	America/Toronto
	CSK3	America/Toronto
	CSK4	America/Toronto
	CSK5	America/Toronto
	CSK8	America/Vancouver
	CSL3	America/Toronto
	CSL5	America/Toronto
	CSL7	America/Regina
	CSL9	America/Toronto
	CSM3	America/Toronto
	CSM4	America/Toronto
	CSM5	America/Toronto
	CSN3	America/Toronto
	CSN5	America/Toronto
	CSN7	America/Toronto
	CSP3	America/Edmonton
	CSP5	America/Toronto
	CSP6	America/Toronto
	CSQ2	America/Vancouver
	CSQ3	America/Toronto
	CSR3	America/Toronto
	CSR8	America/Toronto
	CSS3	America/Toronto
	CSS4	America/Toronto
	CST3	America/Toronto
	CST7	America/Toronto
	CSU3	America/Toronto
	CSU4	America/Toronto
	CSU5	America/Toronto
	CSU7	America/Toronto
	CSV8	America/Toronto
	CSX3	America/Toronto
	CSX5	America/Toronto
	CSX7	America/Toronto
	CSY3	America/Toronto
	CSY4	America/Toronto
	CSZ3	America/Toronto
	CSZ4	America/Toronto
	CT01	America/New_York
	CT07	America/New_York
	CT09	America/New_York
	CT11	America/New_York
	CT13	America/New_York
	CT14	America/New_York
	CT15	America/New_York
	CT19	America/New_York
	CT20	America/New_York
	CT21	America/New_York
	CT24	America/New_York
	CT29	America/New_York
	CT39	America/New_York
	CT42	America/New_York
	CT43	America/New_York
	CT48	America/New_York
	CT52	America/New_York
	CT59	America/New_York
	CT74	America/New_York
	CT80	America/New_York
	CT85	America/New_York
	CT96	America/New_York
	CTA3	America/Toronto
	CTA4	America/Toronto
	CTE5	America/Toronto
	CTF3	America/Toronto
	CTF4	America/Toronto
	CTG3	America/Toronto
	CTH2	America/Yellowknife
	CTH3	America/Toronto
	CTK2	America/Toronto
	CTK6	America/Blanc-Sablon
	CTK7	America/Toronto
	CTN6	America/Winnipeg
	CTQ2	America/Toronto
	CTQ6	America/Toronto
	CTR6	America/Toronto
	CTT5	America/Blanc-Sablon
	CTY4	America/Edmonton
	CTY5	America/Toronto
	CVB2	America/Goose_Bay
	CVF2	America/Toronto
	CVS2	America/Edmonton
	CWC1	America/Regina
	CWF2	America/Toronto
	CWJC	America/Rankin_Inlet
	CYAU	America/Halifax
	CYAV	America/Winnipeg
	CYAW	America/Halifax
	CYAX	America/Winnipeg
	CYBP	America/Edmonton
	CYBU	America/Regina
	CYBW	America/Edmonton
	CYCP	America/Vancouver
	CYDC	America/Vancouver
	CYEA	America/Edmonton
	CYEE	America/Toronto
	CYES	America/Moncton
	CYFD	America/Toronto
	CYGD	America/Toronto
	CYGE	America/Edmonton
	CYHS	America/Toronto
	CYJM	America/Vancouver
	CYJP	America/Yellowknife
	CYJQ	America/Vancouver
	CYKZ	America/Toronto
	CYLI	America/Vancouver
	CYMY	America/Winnipeg
	CYPP	America/Toronto
	CYPS	America/Vancouver
	CYPT	America/Toronto
	CYPU	America/Vancouver
	CYRC	America/Toronto
	CYRP	America/Toronto
	CYSA	America/Toronto
	CYSG	America/Toronto
	CYSQ	America/Vancouver
	CYSW	America/Edmonton
	CYSZ	America/Toronto
	CYTB	America/Toronto
	CYTN	America/Halifax
	CYVD	America/Winnipeg
	CYWM	America/Edmonton
	CYWV	America/Edmonton
	CYYO	America/Regina
	CYZD	America/Toronto
	CYZY	America/Vancouver
	CZBA	America/Toronto
	CZNL	America/Vancouver
	CZVL	America/Edmonton
	DA10	Africa/Algiers
	DA11	Africa/Algiers
	DA12	Africa/Algiers
	DA13	Africa/Algiers
	DA14	Africa/Algiers
	DA15	Africa/Algiers
	DA16	Africa/Algiers
	DAAB	Africa/Algiers
	DAAK	Africa/Algiers
	DAAM	Africa/Algiers
	DAAN	Africa/Algiers
	DAAQ	Africa/Algiers
	DAAW	Africa/Algiers
	DAAZ	Africa/Algiers
	DABO	Africa/Algiers
	DAFI	Africa/Algiers
	DALH	Australia/Adelaide
	DAOC	Africa/Algiers
	DAOE	Africa/Algiers
	DBBC	Africa/Porto-Novo
	DBBO	Africa/Porto-Novo
	DBBR	Africa/Porto-Novo
	DE00	America/New_York
	DE09	America/New_York
	DE14	America/New_York
	DE15	America/New_York
	DE17	America/New_York
	DE20	America/New_York
	DE21	America/New_York
	DE23	America/New_York
	DE25	America/New_York
	DE32	America/New_York
	DE34	America/New_York
	DFCB	Africa/Ouagadougou
	DFCD	Africa/Ouagadougou
	DFCE	Africa/Ouagadougou
	DFCG	Africa/Ouagadougou
	DFCI	Africa/Ouagadougou
	DFCK	Africa/Ouagadougou
	DFCM	Africa/Ouagadougou
	DFCR	Africa/Ouagadougou
	DFCS	Africa/Ouagadougou
	DFCT	Africa/Ouagadougou
	DFCU	Africa/Ouagadougou
	DFCY	Africa/Ouagadougou
	DFEC	Africa/Ouagadougou
	DFEK	Africa/Ouagadougou
	DFEO	Africa/Ouagadougou
	DFEY	Africa/Ouagadougou
	DFOA	Africa/Ouagadougou
	DFOF	Africa/Ouagadougou
	DFOH	Africa/Ouagadougou
	DFOL	Africa/Ouagadougou
	DFOR	Africa/Ouagadougou
	DFOS	Africa/Ouagadougou
	DGLN	Africa/Accra
	DGLY	Africa/Accra
	DIBC	Africa/Abidjan
	DIDB	Africa/Abidjan
	DN50	Africa/Lagos
	DN51	Africa/Lagos
	DN53	Africa/Lagos
	DN54	Africa/Lagos
	DN55	Africa/Lagos
	DN56	Africa/Lagos
	DNAK	Africa/Lagos
	DNBI	Africa/Lagos
	DNGU	Africa/Lagos
	DNOS	Africa/Lagos
	DRRA	Africa/Niamey
	DRRB	Africa/Niamey
	DRRC	Africa/Niamey
	DRRD	Africa/Niamey
	DRRE	Africa/Niamey
	DRRG	Africa/Niamey
	DRRI	Africa/Niamey
	DRRL	Africa/Niamey
	DRRP	Africa/Niamey
	DRRU	Africa/Niamey
	DRZD	Africa/Niamey
	DRZF	Africa/Niamey
	DRZG	Africa/Niamey
	DRZI	Africa/Niamey
	DRZM	Africa/Niamey
	DRZN	Africa/Niamey
	DRZT	Africa/Niamey
	DT70	Africa/Tunis
	DTTB	Africa/Tunis
	DTTD	Africa/Tunis
	DTTI	Africa/Tunis
	DXAK	Africa/Lome
	DXDP	Africa/Lome
	DXKP	Africa/Lome
	DXMG	Africa/Lome
	DXSK	Africa/Lome
	EBAM	Europe/Brussels
	EBAR	Europe/Brussels
	EBAV	Europe/Brussels
	EBBE	Europe/Brussels
	EBBG	Europe/Brussels
	EBBL	Europe/Brussels
	EBBN	Europe/Brussels
	EBBO	Europe/Brussels
	EBBT	Europe/Brussels
	EBBW	Europe/Brussels
	EBBX	Europe/Brussels
	EBBY	Europe/Brussels
	EBBZ	Europe/Brussels
	EBCF	Europe/Brussels
	EBCR	Europe/Brussels
	EBCS	Europe/Brussels
	EBCV	Europe/Brussels
	EBDT	Europe/Brussels
	EBFN	Europe/Brussels
	EBFS	Europe/Brussels
	EBGB	Europe/Brussels
	EBGG	Europe/Brussels
	EBHE	Europe/Brussels
	EBHN	Europe/Brussels
	EBIS	Europe/Brussels
	EBKH	Europe/Brussels
	EBLB	Europe/Brussels
	EBLE	Europe/Brussels
	EBLI	Europe/Brussels
	EBLN	Europe/Brussels
	EBMB	Europe/Brussels
	EBMG	Europe/Brussels
	EBML	Europe/Brussels
	EBMO	Europe/Brussels
	EBNE	Europe/Brussels
	EBNM	Europe/Brussels
	EBNO	Europe/Brussels
	EBOR	Europe/Brussels
	EBSG	Europe/Brussels
	EBSH	Europe/Brussels
	EBSL	Europe/Brussels
	EBSP	Europe/Brussels
	EBST	Europe/Brussels
	EBSU	Europe/Brussels
	EBTN	Europe/Brussels
	EBTX	Europe/Brussels
	EBTY	Europe/Brussels
	EBUL	Europe/Brussels
	EBWE	Europe/Brussels
	EBZH	Europe/Brussels
	EBZU	Europe/Brussels
	EBZW	Europe/Brussels
	EDAB	Europe/Berlin
	EDAD	Europe/Berlin
	EDAE	Europe/Berlin
	EDAG	Europe/Berlin
	EDAI	Europe/Berlin
	EDAJ	Europe/Berlin
	EDAK	Europe/Berlin
	EDAM	Europe/Berlin
	EDAN	Europe/Berlin
	EDAO	Europe/Berlin
	EDAP	Europe/Berlin
	EDAR	Europe/Berlin
	EDAS	Europe/Berlin
	EDAT	Europe/Berlin
	EDAV	Europe/Berlin
	EDAW	Europe/Berlin
	EDAY	Europe/Berlin
	EDAZ	Europe/Berlin
	EDBA	Europe/Berlin
	EDBD	Europe/Berlin
	EDBE	Europe/Berlin
	EDBF	Europe/Berlin
	EDBG	Europe/Berlin
	EDBI	Europe/Berlin
	EDBJ	Europe/Berlin
	EDBK	Europe/Berlin
	EDBL	Europe/Berlin
	EDBM	Europe/Berlin
	EDBO	Europe/Berlin
	EDBP	Europe/Berlin
	EDBQ	Europe/Berlin
	EDBR	Europe/Berlin
	EDBS	Europe/Berlin
	EDBT	Europe/Berlin
	EDBU	Europe/Berlin
	EDBV	Europe/Berlin
	EDBW	Europe/Berlin
	EDBX	Europe/Berlin
	EDBY	Europe/Berlin
	EDBZ	Europe/Berlin
	EDCA	Europe/Berlin
	EDCB	Europe/Berlin
	EDCE	Europe/Berlin
	EDCF	Europe/Berlin
	EDCH	Europe/Berlin
	EDCI	Europe/Berlin
	EDCJ	Europe/Berlin
	EDCL	Europe/Berlin
	EDCM	Europe/Berlin
	EDCN	Europe/Berlin
	EDCO	Europe/Berlin
	EDCQ	Europe/Berlin
	EDCR	Europe/Berlin
	EDCS	Europe/Berlin
	EDCT	Europe/Berlin
	EDCU	Europe/Berlin
	EDCV	Europe/Berlin
	EDCW	Europe/Berlin
	EDCX	Europe/Berlin
	EDCY	Europe/Berlin
	EDEB	Europe/Berlin
	EDEF	Europe/Berlin
	EDEG	Europe/Berlin
	EDEH	Europe/Berlin
	EDEL	Europe/Berlin
	EDEM	Europe/Berlin
	EDEP	Europe/Berlin
	EDEQ	Europe/Berlin
	EDER	Europe/Berlin
	EDEW	Europe/Berlin
	EDFA	Europe/Berlin
	EDFB	Europe/Berlin
	EDFC	Europe/Berlin
	EDFD	Europe/Berlin
	EDFE	Europe/Berlin
	EDFG	Europe/Berlin
	EDFI	Europe/Berlin
	EDFJ	Europe/Berlin
	EDFK	Europe/Berlin
	EDFL	Europe/Berlin
	EDFN	Europe/Berlin
	EDFO	Europe/Berlin
	EDFP	Europe/Berlin
	EDFQ	Europe/Berlin
	EDFR	Europe/Berlin
	EDFS	Europe/Berlin
	EDFT	Europe/Berlin
	EDFU	Europe/Berlin
	EDFV	Europe/Berlin
	EDFW	Europe/Berlin
	EDFX	Europe/Berlin
	EDFY	Europe/Berlin
	EDFZ	Europe/Berlin
	EDGA	Europe/Berlin
	EDGB	Europe/Berlin
	EDGF	Europe/Berlin
	EDGH	Europe/Berlin
	EDGI	Europe/Berlin
	EDGJ	Europe/Berlin
	EDGK	Europe/Berlin
	EDGL	Europe/Berlin
	EDGM	Europe/Berlin
	EDGP	Europe/Berlin
	EDGQ	Europe/Berlin
	EDGR	Europe/Berlin
	EDGT	Europe/Berlin
	EDGU	Europe/Berlin
	EDGW	Europe/Berlin
	EDGX	Europe/Berlin
	EDGZ	Europe/Berlin
	EDHB	Europe/Berlin
	EDHC	Europe/Berlin
	EDHE	Europe/Berlin
	EDHF	Europe/Berlin
	EDHG	Europe/Berlin
	EDHM	Europe/Berlin
	EDHO	Europe/Berlin
	EDHP	Europe/Berlin
	EDHS	Europe/Berlin
	EDHU	Europe/Berlin
	EDHW	Europe/Berlin
	EDKD	Europe/Berlin
	EDKF	Europe/Berlin
	EDKH	Europe/Berlin
	EDKI	Europe/Berlin
	EDKL	Europe/Berlin
	EDKM	Europe/Berlin
	EDKN	Europe/Berlin
	EDKO	Europe/Berlin
	EDKP	Europe/Berlin
	EDKR	Europe/Berlin
	EDKU	Europe/Berlin
	EDKV	Europe/Berlin
	EDKW	Europe/Berlin
	EDKZ	Europe/Berlin
	EDLA	Europe/Berlin
	EDLB	Europe/Berlin
	EDLC	Europe/Berlin
	EDLD	Europe/Berlin
	EDLF	Europe/Berlin
	EDLG	Europe/Berlin
	EDLH	Europe/Berlin
	EDLJ	Europe/Berlin
	EDLK	Europe/Berlin
	EDLM	Europe/Berlin
	EDLO	Europe/Berlin
	EDLR	Europe/Berlin
	EDLS	Europe/Berlin
	EDLT	Europe/Berlin
	EDLU	Europe/Berlin
	EDLX	Europe/Berlin
	EDLY	Europe/Berlin
	EDLZ	Europe/Berlin
	EDMB	Europe/Berlin
	EDMC	Europe/Berlin
	EDMD	Europe/Berlin
	EDME	Europe/Berlin
	EDMF	Europe/Berlin
	EDMG	Europe/Berlin
	EDMH	Europe/Berlin
	EDMI	Europe/Berlin
	EDMJ	Europe/Berlin
	EDMK	Europe/Berlin
	EDML	Europe/Berlin
	EDMN	Europe/Berlin
	EDMP	Europe/Berlin
	EDMQ	Europe/Berlin
	EDMT	Europe/Berlin
	EDMU	Europe/Berlin
	EDMV	Europe/Berlin
	EDMW	Europe/Berlin
	EDMY	Europe/Berlin
	EDNA	Europe/Berlin
	EDNB	Europe/Berlin
	EDNC	Europe/Berlin
	EDND	Europe/Berlin
	EDNE	Europe/Berlin
	EDNF	Europe/Berlin
	EDNG	Europe/Berlin
	EDNH	Europe/Berlin
	EDNI	Europe/Berlin
	EDNJ	Europe/Berlin
	EDNK	Europe/Berlin
	EDNL	Europe/Berlin
	EDNM	Europe/Berlin
	EDNO	Europe/Berlin
	EDNP	Europe/Berlin
	EDNQ	Europe/Berlin
	EDNR	Europe/Berlin
	EDNS	Europe/Berlin
	EDNT	Europe/Berlin
	EDNU	Europe/Berlin
	EDNV	Europe/Berlin
	EDNW	Europe/Berlin
	EDNX	Europe/Berlin
	EDNZ	Europe/Berlin
	EDOA	Europe/Berlin
	EDOB	Europe/Berlin
	EDOC	Europe/Berlin
	EDOD	Europe/Berlin
	EDOE	Europe/Berlin
	EDOF	Europe/Berlin
	EDOG	Europe/Berlin
	EDOH	Europe/Berlin
	EDOI	Europe/Berlin
	EDOJ	Europe/Berlin
	EDOK	Europe/Berlin
	EDOL	Europe/Berlin
	EDOM	Europe/Berlin
	EDON	Europe/Berlin
	EDOQ	Europe/Berlin
	EDOR	Europe/Berlin
	EDOS	Europe/Berlin
	EDOT	Europe/Berlin
	EDOU	Europe/Berlin
	EDOV	Europe/Berlin
	EDOW	Europe/Berlin
	EDOX	Europe/Berlin
	EDOZ	Europe/Berlin
	EDPA	Europe/Berlin
	EDPB	Europe/Berlin
	EDPC	Europe/Berlin
	EDPD	Europe/Berlin
	EDPE	Europe/Berlin
	EDPF	Europe/Berlin
	EDPG	Europe/Berlin
	EDPH	Europe/Berlin
	EDPJ	Europe/Berlin
	EDPK	Europe/Berlin
	EDPM	Europe/Berlin
	EDPO	Europe/Berlin
	EDPQ	Europe/Berlin
	EDPS	Europe/Berlin
	EDPT	Europe/Berlin
	EDPU	Europe/Berlin
	EDPW	Europe/Berlin
	EDPY	Europe/Berlin
	EDQB	Europe/Berlin
	EDQC	Europe/Berlin
	EDQF	Europe/Berlin
	EDQG	Europe/Berlin
	EDQH	Europe/Berlin
	EDQI	Europe/Berlin
	EDQK	Europe/Berlin
	EDQL	Europe/Berlin
	EDQN	Europe/Berlin
	EDQO	Europe/Berlin
	EDQP	Europe/Berlin
	EDQR	Europe/Berlin
	EDQS	Europe/Berlin
	EDQT	Europe/Berlin
	EDQW	Europe/Berlin
	EDQX	Europe/Berlin
	EDQY	Europe/Berlin
	EDQZ	Europe/Berlin
	EDRA	Europe/Berlin
	EDRD	Europe/Berlin
	EDRF	Europe/Berlin
	EDRG	Europe/Berlin
	EDRH	Europe/Berlin
	EDRI	Europe/Berlin
	EDRJ	Europe/Berlin
	EDRK	Europe/Berlin
	EDRL	Europe/Berlin
	EDRM	Europe/Berlin
	EDRN	Europe/Berlin
	EDRO	Europe/Berlin
	EDRP	Europe/Berlin
	EDRS	Europe/Berlin
	EDRT	Europe/Berlin
	EDRV	Europe/Berlin
	EDRW	Europe/Berlin
	EDRY	Europe/Berlin
	EDRZ	Europe/Berlin
	EDSA	Europe/Berlin
	EDSD	Europe/Berlin
	EDSG	Europe/Berlin
	EDSH	Europe/Berlin
	EDSI	Europe/Berlin
	EDSK	Europe/Berlin
	EDSL	Europe/Berlin
	EDSN	Europe/Berlin
	EDSW	Europe/Berlin
	EDSZ	Europe/Berlin
	EDTB	Europe/Berlin
	EDTC	Europe/Berlin
	EDTD	Europe/Berlin
	EDTF	Europe/Berlin
	EDTG	Europe/Berlin
	EDTH	Europe/Berlin
	EDTK	Europe/Berlin
	EDTM	Europe/Berlin
	EDTN	Europe/Berlin
	EDTO	Europe/Berlin
	EDTP	Europe/Berlin
	EDTQ	Europe/Berlin
	EDTR	Europe/Berlin
	EDTS	Europe/Berlin
	EDTU	Europe/Berlin
	EDTW	Europe/Berlin
	EDTX	Europe/Berlin
	EDTY	Europe/Berlin
	EDTZ	Europe/Berlin
	EDUA	Europe/Berlin
	EDUB	Europe/Berlin
	EDUC	Europe/Berlin
	EDUF	Europe/Berlin
	EDUO	Europe/Berlin
	EDUS	Europe/Berlin
	EDUW	Europe/Berlin
	EDUY	Europe/Berlin
	EDUZ	Europe/Berlin
	EDVA	Europe/Berlin
	EDVC	Europe/Berlin
	EDVF	Europe/Berlin
	EDVG	Europe/Berlin
	EDVH	Europe/Berlin
	EDVI	Europe/Berlin
	EDVJ	Europe/Berlin
	EDVL	Europe/Berlin
	EDVM	Europe/Berlin
	EDVN	Europe/Berlin
	EDVR	Europe/Berlin
	EDVS	Europe/Berlin
	EDVU	Europe/Berlin
	EDVW	Europe/Berlin
	EDVY	Europe/Berlin
	EDWA	Europe/Berlin
	EDWB	Europe/Berlin
	EDWC	Europe/Berlin
	EDWF	Europe/Berlin
	EDWH	Europe/Berlin
	EDWK	Europe/Berlin
	EDWM	Europe/Berlin
	EDWN	Europe/Berlin
	EDWO	Europe/Berlin
	EDWP	Europe/Berlin
	EDWQ	Europe/Berlin
	EDWV	Europe/Berlin
	EDWX	Europe/Berlin
	EDXA	Europe/Berlin
	EDXC	Europe/Berlin
	EDXD	Europe/Berlin
	EDXE	Europe/Berlin
	EDXG	Europe/Berlin
	EDXI	Europe/Berlin
	EDXK	Europe/Berlin
	EDXL	Europe/Berlin
	EDXM	Europe/Berlin
	EDXN	Europe/Berlin
	EDXP	Europe/Berlin
	EDXQ	Europe/Berlin
	EDXR	Europe/Berlin
	EDXS	Europe/Berlin
	EDXT	Europe/Berlin
	EDXU	Europe/Berlin
	EDXZ	Europe/Berlin
	EEEI	Europe/Tallinn
	EEJI	Europe/Tallinn
	EEKU	Europe/Tallinn
	EENA	Europe/Tallinn
	EENI	Europe/Tallinn
	EERA	Europe/Tallinn
	EERI	Europe/Tallinn
	EERU	Europe/Tallinn
	EETA	Europe/Tallinn
	EEVI	Europe/Tallinn
	EFAA	Europe/Helsinki
	EFAH	Europe/Helsinki
	EFAL	Europe/Helsinki
	EFEU	Europe/Helsinki
	EFFO	Europe/Helsinki
	EFGE	Europe/Helsinki
	EFHI	Europe/Helsinki
	EFHJ	Europe/Helsinki
	EFHL	Europe/Helsinki
	EFHM	Europe/Helsinki
	EFHN	Europe/Helsinki
	EFHP	Europe/Helsinki
	EFII	Europe/Helsinki
	EFIK	Europe/Helsinki
	EFIM	Europe/Helsinki
	EFJM	Europe/Helsinki
	EFJP	Europe/Helsinki
	EFKG	Europe/Mariehamn
	EFKH	Europe/Helsinki
	EFKM	Europe/Helsinki
	EFKN	Europe/Helsinki
	EFKO	Europe/Helsinki
	EFKR	Europe/Helsinki
	EFKV	Europe/Helsinki
	EFKY	Europe/Helsinki
	EFLA	Europe/Helsinki
	EFLL	Europe/Helsinki
	EFLN	Europe/Helsinki
	EFME	Europe/Helsinki
	EFMN	Europe/Helsinki
	EFMP	Europe/Helsinki
	EFNS	Europe/Helsinki
	EFNU	Europe/Helsinki
	EFOP	Europe/Helsinki
	EFPA	Europe/Helsinki
	EFPH	Europe/Helsinki
	EFPI	Europe/Helsinki
	EFPK	Europe/Helsinki
	EFPN	Europe/Helsinki
	EFPU	Europe/Helsinki
	EFPY	Europe/Helsinki
	EFRA	Europe/Helsinki
	EFRH	Europe/Helsinki
	EFRN	Europe/Helsinki
	EFRU	Europe/Helsinki
	EFRV	Europe/Helsinki
	EFRY	Europe/Helsinki
	EFSE	Europe/Helsinki
	EFSJ	Europe/Helsinki
	EFSU	Europe/Helsinki
	EFTO	Europe/Helsinki
	EFTS	Europe/Helsinki
	EFVI	Europe/Helsinki
	EFVL	Europe/Helsinki
	EFVP	Europe/Helsinki
	EFVT	Europe/Helsinki
	EFVU	Europe/Helsinki
	EFWB	Europe/Helsinki
	EG02	Europe/London
	EG03	Europe/London
	EG10	Europe/London
	EG11	Europe/London
	EG12	Europe/London
	EG18	Europe/London
	EG19	Europe/London
	EG34	Europe/London
	EG3L	Europe/London
	EG64	Europe/London
	EG73	Europe/London
	EGAD	Europe/London
	EGAH	Antarctica/Rothera
	EGAL	Europe/London
	EGAR	Antarctica/Rothera
	EGBD	Europe/London
	EGBF	Europe/London
	EGBG	Europe/London
	EGBL	Europe/London
	EGBM	Europe/London
	EGBO	Europe/London
	EGBR	Europe/London
	EGBS	Europe/London
	EGBT	Europe/London
	EGBW	Europe/London
	EGCB	Europe/London
	EGCF	Europe/London
	EGCJ	Europe/London
	EGCK	Europe/London
	EGCL	Europe/London
	EGCO	Europe/London
	EGCP	Europe/London
	EGCR	Europe/London
	EGCS	Europe/London
	EGCT	Europe/London
	EGCV	Europe/London
	EGCW	Europe/London
	EGDC	Europe/London
	EGDD	Europe/London
	EGDM	Europe/London
	EGDN	Europe/London
	EGDO	Europe/London
	EGDR	Europe/London
	EGDT	Europe/London
	EGDV	Europe/London
	EGDW	Europe/London
	EGDX	Europe/London
	EGFA	Europe/London
	EGFP	Europe/London
	EGHA	Europe/London
	EGHB	Europe/London
	EGHF	Europe/London
	EGHG	Europe/London
	EGHL	Europe/London
	EGHN	Europe/London
	EGHO	Europe/London
	EGHP	Europe/London
	EGHS	Europe/London
	EGHU	Europe/London
	EGHY	Europe/London
	EGKE	Europe/London
	EGKH	Europe/London
	EGKL	Europe/London
	EGKR	Europe/London
	EGLA	Europe/London
	EGLD	Europe/London
	EGLG	Europe/London
	EGLJ	Europe/London
	EGLM	Europe/London
	EGLP	Europe/London
	EGLS	Europe/London
	EGMA	Europe/London
	EGMF	Europe/London
	EGMH	Europe/London
	EGMJ	Europe/London
	EGML	Europe/London
	EGNA	Europe/London
	EGNB	Europe/London
	EGND	Europe/London
	EGNE	Europe/London
	EGNF	Europe/London
	EGNG	Europe/London
	EGNI	Europe/London
	EGNW	Europe/London
	EGNY	Europe/London
	EGOD	Europe/London
	EGOE	Europe/London
	EGOM	Europe/London
	EGOQ	Europe/London
	EGOS	Europe/London
	EGOV	Europe/London
	EGOW	Europe/London
	EGOY	Europe/London
	EGPG	Europe/London
	EGPJ	Europe/London
	EGPY	Europe/London
	EGSA	Europe/London
	EGSF	Europe/London
	EGSG	Europe/London
	EGSI	Europe/London
	EGSJ	Europe/London
	EGSL	Europe/London
	EGSM	Europe/London
	EGSN	Europe/London
	EGSO	Europe/London
	EGSP	Europe/London
	EGSQ	Europe/London
	EGSR	Europe/London
	EGST	Europe/London
	EGSU	Europe/London
	EGSV	Europe/London
	EGSW	Europe/London
	EGSX	Europe/London
	EGTA	Europe/London
	EGTC	Europe/London
	EGTD	Europe/London
	EGTF	Europe/London
	EGTH	Europe/London
	EGTN	Europe/London
	EGTP	Europe/London
	EGTR	Europe/London
	EGTU	Europe/London
	EGTW	Europe/London
	EGUD	Europe/London
	EGUK	Europe/London
	EGUO	Europe/London
	EGUP	Europe/London
	EGUW	Europe/London
	EGVP	Europe/London
	EGVT	Europe/London
	EGWC	Europe/London
	EGWE	Europe/London
	EGWN	Europe/London
	EGXD	Europe/London
	EGXE	Europe/London
	EGXG	Europe/London
	EGXT	Europe/London
	EGXV	Europe/London
	EGXY	Europe/London
	EGXZ	Europe/London
	EGYD	Europe/London
	EGYE	Europe/London
	EGYK	Europe/London
	EHAL	Europe/Amsterdam
	EHBD	Europe/Amsterdam
	EHDL	Europe/Amsterdam
	EHDP	Europe/Amsterdam
	EHDR	Europe/Amsterdam
	EHDS	Europe/Amsterdam
	EHHO	Europe/Amsterdam
	EHHV	Europe/Amsterdam
	EHMZ	Europe/Amsterdam
	EHOW	Europe/Amsterdam
	EHSE	Europe/Amsterdam
	EHST	Europe/Amsterdam
	EHTE	Europe/Amsterdam
	EHTL	Europe/Amsterdam
	EHTX	Europe/Amsterdam
	EIAB	Europe/Dublin
	EIBA	Europe/Dublin
	EIBB	Europe/Dublin
	EIBR	Europe/Dublin
	EICB	Europe/Dublin
	EICD	Europe/Dublin
	EICL	Europe/Dublin
	EICM	Europe/Dublin
	EICN	Europe/Dublin
	EICS	Europe/Dublin
	EIER	Europe/Dublin
	EIGN	Europe/Dublin
	EIHN	Europe/Dublin
	EIKH	Europe/Dublin
	EIKI	Europe/Dublin
	EILT	Europe/Dublin
	EIME	Europe/Dublin
	EIMG	Europe/Dublin
	EIMH	Europe/Dublin
	EIMY	Europe/Dublin
	EINC	Europe/Dublin
	EIPT	Europe/Dublin
	EIRT	Europe/Dublin
	EISP	Europe/Dublin
	EITM	Europe/Dublin
	EITT	Europe/Dublin
	EIWT	Europe/Dublin
	EKAE	Europe/Copenhagen
	EKAT	Europe/Copenhagen
	EKAV	Europe/Copenhagen
	EKEL	Europe/Copenhagen
	EKFM	Europe/Copenhagen
	EKFU	Europe/Copenhagen
	EKGH	Europe/Copenhagen
	EKGR	Europe/Copenhagen
	EKHG	Europe/Copenhagen
	EKHK	Europe/Copenhagen
	EKHO	Europe/Copenhagen
	EKHS	Europe/Copenhagen
	EKHV	Europe/Copenhagen
	EKKL	Europe/Copenhagen
	EKKO	Europe/Copenhagen
	EKLV	Europe/Copenhagen
	EKMN	Europe/Copenhagen
	EKNM	Europe/Copenhagen
	EKNS	Europe/Copenhagen
	EKPB	Europe/Copenhagen
	EKRA	Europe/Copenhagen
	EKRD	Europe/Copenhagen
	EKRS	Europe/Copenhagen
	EKSA	Europe/Copenhagen
	EKSD	Europe/Copenhagen
	EKSS	Europe/Copenhagen
	EKST	Europe/Copenhagen
	EKTD	Europe/Copenhagen
	EKVA	Europe/Copenhagen
	EKVB	Europe/Copenhagen
	EKVD	Europe/Copenhagen
	EKVH	Europe/Copenhagen
	ELNT	Europe/Luxembourg
	ELUS	Europe/Luxembourg
	ENAE	Europe/Oslo
	ENAS	Arctic/Longyearbyen
	ENBM	Europe/Oslo
	ENDI	Europe/Oslo
	ENDO	Europe/Oslo
	ENEG	Europe/Oslo
	ENFA	Europe/Oslo
	ENFG	Europe/Oslo
	ENFY	Europe/Oslo
	ENGK	Europe/Oslo
	ENGN	Europe/Oslo
	ENGS	Europe/Oslo
	ENHN	Europe/Oslo
	ENHS	Europe/Oslo
	ENHT	Europe/Oslo
	ENJA	Arctic/Longyearbyen
	ENJB	Europe/Oslo
	ENKA	Europe/Oslo
	ENKJ	Europe/Oslo
	ENLI	Europe/Oslo
	ENLU	Europe/Oslo
	ENNK	Europe/Oslo
	ENOP	Europe/Oslo
	ENRG	Europe/Oslo
	ENRI	Europe/Oslo
	ENRK	Europe/Oslo
	ENRV	Europe/Oslo
	ENRY	Europe/Oslo
	ENSI	Europe/Oslo
	ENSN	Europe/Oslo
	ENSU	Europe/Oslo
	ENTS	Europe/Oslo
	ENTY	Europe/Oslo
	ENUL	Europe/Oslo
	ENVE	Europe/Oslo
	EPAR	Europe/Warsaw
	EPBA	Europe/Warsaw
	EPBC	Europe/Warsaw
	EPBD	Europe/Warsaw
	EPBK	Europe/Warsaw
	EPBS	Europe/Warsaw
	EPCE	Europe/Warsaw
	EPDA	Europe/Warsaw
	EPDE	Europe/Warsaw
	EPDR	Europe/Warsaw
	EPEK	Europe/Warsaw
	EPEL	Europe/Warsaw
	EPGI	Europe/Warsaw
	EPGL	Europe/Warsaw
	EPGM	Europe/Warsaw
	EPGO	Europe/Warsaw
	EPIN	Europe/Warsaw
	EPIR	Europe/Warsaw
	EPIW	Europe/Warsaw
	EPJA	Europe/Warsaw
	EPJG	Europe/Warsaw
	EPJS	Europe/Warsaw
	EPKA	Europe/Warsaw
	EPKB	Europe/Warsaw
	EPKE	Europe/Warsaw
	EPKM	Europe/Warsaw
	EPKN	Europe/Warsaw
	EPKP	Europe/Warsaw
	EPKR	Europe/Warsaw
	EPKS	Europe/Warsaw
	EPKW	Europe/Warsaw
	EPKZ	Europe/Warsaw
	EPLE	Europe/Warsaw
	EPLK	Europe/Warsaw
	EPLN	Europe/Warsaw
	EPLR	Europe/Warsaw
	EPLS	Europe/Warsaw
	EPLU	Europe/Warsaw
	EPLY	Europe/Warsaw
	EPMB	Europe/Warsaw
	EPMI	Europe/Warsaw
	EPMJ	Europe/Warsaw
	EPML	Europe/Warsaw
	EPMM	Europe/Warsaw
	EPMR	Europe/Warsaw
	EPNL	Europe/Warsaw
	EPNM	Europe/Warsaw
	EPNT	Europe/Warsaw
	EPOD	Europe/Warsaw
	EPOK	Europe/Warsaw
	EPOM	Europe/Warsaw
	EPOP	Europe/Warsaw
	EPPB	Europe/Warsaw
	EPPC	Europe/Warsaw
	EPPI	Europe/Warsaw
	EPPK	Europe/Warsaw
	EPPL	Europe/Warsaw
	EPPR	Europe/Warsaw
	EPPT	Europe/Warsaw
	EPPW	Europe/Warsaw
	EPRG	Europe/Warsaw
	EPRJ	Europe/Warsaw
	EPRP	Europe/Warsaw
	EPRU	Europe/Warsaw
	EPSD	Europe/Warsaw
	EPSN	Europe/Warsaw
	EPSO	Europe/Warsaw
	EPSR	Europe/Warsaw
	EPST	Europe/Warsaw
	EPSU	Europe/Warsaw
	EPSW	Europe/Warsaw
	EPTM	Europe/Warsaw
	EPTO	Europe/Warsaw
	EPWC	Europe/Warsaw
	EPWK	Europe/Warsaw
	EPWS	Europe/Warsaw
	EPWT	Europe/Warsaw
	EPZA	Europe/Warsaw
	EPZN	Europe/Warsaw
	EPZP	Europe/Warsaw
	EPZR	Europe/Warsaw
	ESCF	Europe/Stockholm
	ESCM	Europe/Stockholm
	ESFA	Europe/Stockholm
	ESFH	Europe/Stockholm
	ESFM	Europe/Stockholm
	ESFQ	Europe/Stockholm
	ESFR	Europe/Stockholm
	ESFS	Europe/Stockholm
	ESGA	Europe/Stockholm
	ESGC	Europe/Stockholm
	ESGD	Europe/Stockholm
	ESGE	Europe/Stockholm
	ESGF	Europe/Stockholm
	ESGH	Europe/Stockholm
	ESGI	Europe/Stockholm
	ESGK	Europe/Stockholm
	ESGM	Europe/Stockholm
	ESGN	Europe/Stockholm
	ESGO	Europe/Stockholm
	ESGS	Europe/Stockholm
	ESGU	Europe/Stockholm
	ESGV	Europe/Stockholm
	ESGY	Europe/Stockholm
	ESIA	Europe/Stockholm
	ESIB	Europe/Stockholm
	ESKA	Europe/Stockholm
	ESKC	Europe/Stockholm
	ESKD	Europe/Stockholm
	ESKG	Europe/Stockholm
	ESKH	Europe/Stockholm
	ESKO	Europe/Stockholm
	ESKT	Europe/Stockholm
	ESKU	Europe/Stockholm
	ESKV	Europe/Stockholm
	ESKX	Europe/Stockholm
	ESMA	Europe/Stockholm
	ESMB	Europe/Stockholm
	ESMC	Europe/Stockholm
	ESME	Europe/Stockholm
	ESMF	Europe/Stockholm
	ESMG	Europe/Stockholm
	ESMH	Europe/Stockholm
	ESMI	Europe/Stockholm
	ESMJ	Europe/Stockholm
	ESML	Europe/Stockholm
	ESMP	Europe/Stockholm
	ESMU	Europe/Stockholm
	ESMV	Europe/Stockholm
	ESMY	Europe/Stockholm
	ESMZ	Europe/Stockholm
	ESNA	Europe/Stockholm
	ESNB	Europe/Stockholm
	ESNC	Europe/Stockholm
	ESNE	Europe/Stockholm
	ESNF	Europe/Stockholm
	ESNI	Europe/Stockholm
	ESNJ	Europe/Stockholm
	ESNM	Europe/Stockholm
	ESNP	Europe/Stockholm
	ESNR	Europe/Stockholm
	ESNT	Europe/Stockholm
	ESOL	Europe/Stockholm
	ESPE	Europe/Stockholm
	ESPG	Europe/Stockholm
	ESPJ	Europe/Stockholm
	ESQO	Europe/Stockholm
	ESSC	Europe/Stockholm
	ESSE	Europe/Stockholm
	ESSG	Europe/Stockholm
	ESSH	Europe/Stockholm
	ESSI	Europe/Stockholm
	ESSM	Europe/Stockholm
	ESSN	Europe/Stockholm
	ESSX	Europe/Stockholm
	ESSZ	Europe/Stockholm
	ESTF	Europe/Stockholm
	ESTG	Europe/Stockholm
	ESTL	Europe/Stockholm
	ESTT	Europe/Stockholm
	ESUA	Europe/Stockholm
	ESUB	Europe/Stockholm
	ESUF	Europe/Stockholm
	ESUG	Europe/Stockholm
	ESUH	Europe/Stockholm
	ESUI	Europe/Stockholm
	ESUJ	Europe/Stockholm
	ESUK	Europe/Stockholm
	ESUL	Europe/Stockholm
	ESUM	Europe/Stockholm
	ESUO	Europe/Stockholm
	ESUR	Europe/Stockholm
	ESUS	Europe/Stockholm
	ESUV	Europe/Stockholm
	ESUY	Europe/Stockholm
	ESVA	Europe/Stockholm
	ESVB	Europe/Stockholm
	ESVG	Europe/Stockholm
	ESVH	Europe/Stockholm
	ESVK	Europe/Stockholm
	ESVM	Europe/Stockholm
	ESVQ	Europe/Stockholm
	ESVS	Europe/Stockholm
	ETEK	Europe/Berlin
	ETHA	Europe/Berlin
	ETHB	Europe/Berlin
	ETHC	Europe/Berlin
	ETHE	Europe/Berlin
	ETHL	Europe/Berlin
	ETHM	Europe/Berlin
	ETHN	Europe/Berlin
	ETHR	Europe/Berlin
	ETHS	Europe/Berlin
	ETHT	Europe/Berlin
	ETIC	Europe/Berlin
	ETID	Europe/Berlin
	ETIH	Europe/Berlin
	ETME	Europe/Berlin
	ETMN	Europe/Berlin
	ETNA	Europe/Berlin
	ETND	Europe/Berlin
	ETNJ	Europe/Berlin
	ETNN	Europe/Berlin
	ETNT	Europe/Berlin
	ETNW	Europe/Berlin
	ETOI	Europe/Berlin
	ETOR	Europe/Berlin
	ETSA	Europe/Berlin
	ETSB	Europe/Berlin
	ETSE	Europe/Berlin
	ETSH	Europe/Berlin
	ETSL	Europe/Berlin
	ETSN	Europe/Berlin
	ETWM	Europe/Berlin
	EVAD	Europe/Riga
	EVCA	Europe/Riga
	EVDA	Europe/Riga
	EVEA	Europe/Riga
	EVFA	Europe/Riga
	EVGA	Europe/Riga
	EVJA	Europe/Riga
	EVKA	Europe/Riga
	EVPA	Europe/Riga
	EVRC	Europe/Riga
	EVRS	Europe/Riga
	EVTA	Europe/Riga
	EVTE	Europe/Riga
	EYAL	Europe/Vilnius
	EYBI	Europe/Vilnius
	EYDR	Europe/Vilnius
	EYJB	Europe/Vilnius
	EYKD	Europe/Vilnius
	EYKG	Europe/Vilnius
	EYKL	Europe/Vilnius
	EYKR	Europe/Vilnius
	EYKS	Europe/Vilnius
	EYKT	Europe/Vilnius
	EYLN	Europe/Vilnius
	EYMA	Europe/Vilnius
	EYMM	Europe/Vilnius
	EYMO	Europe/Vilnius
	EYNA	Europe/Vilnius
	EYND	Europe/Vilnius
	EYPI	Europe/Vilnius
	EYPN	Europe/Vilnius
	EYPR	Europe/Vilnius
	EYRD	Europe/Vilnius
	EYRK	Europe/Vilnius
	EYRO	Europe/Vilnius
	EYRU	Europe/Vilnius
	EYSE	Europe/Vilnius
	EYSI	Europe/Vilnius
	EYTL	Europe/Vilnius
	EYUT	Europe/Vilnius
	EYVK	Europe/Vilnius
	EYVP	Europe/Vilnius
	EYZA	Europe/Vilnius
	FA02	America/New_York
	FA08	America/New_York
	FA09	America/New_York
	FA11	America/New_York
	FA18	America/New_York
	FA24	America/New_York
	FA25	America/New_York
	FA26	America/New_York
	FA29	America/New_York
	FA30	America/New_York
	FA35	America/New_York
	FA36	America/New_York
	FA37	America/New_York
	FA38	America/New_York
	FA40	America/New_York
	FA42	America/New_York
	FA43	America/New_York
	FA49	America/New_York
	FA50	America/New_York
	FA51	America/New_York
	FA54	America/New_York
	FA55	America/New_York
	FA60	America/New_York
	FA62	America/New_York
	FA63	America/New_York
	FA69	America/New_York
	FA71	America/New_York
	FA74	America/New_York
	FA81	America/New_York
	FA83	America/New_York
	FA86	America/New_York
	FA88	America/New_York
	FA89	America/New_York
	FA93	America/New_York
	FA99	America/Los_Angeles
	FAAD	Africa/Johannesburg
	FAAE	Africa/Johannesburg
	FAAF	Africa/Johannesburg
	FAAK	Africa/Johannesburg
	FAAM	Africa/Johannesburg
	FAAN	Africa/Johannesburg
	FAAP	Africa/Johannesburg
	FAAS	Africa/Johannesburg
	FABA	Africa/Johannesburg
	FABB	Africa/Johannesburg
	FABD	Africa/Johannesburg
	FABF	Africa/Johannesburg
	FABG	Africa/Johannesburg
	FABH	Africa/Johannesburg
	FABK	Africa/Johannesburg
	FABM	Africa/Johannesburg
	FABO	Africa/Johannesburg
	FABP	Africa/Johannesburg
	FABR	Africa/Johannesburg
	FABS	Africa/Johannesburg
	FABT	Africa/Johannesburg
	FABU	Africa/Johannesburg
	FABV	Africa/Johannesburg
	FABW	Africa/Johannesburg
	FABX	Africa/Johannesburg
	FABZ	Africa/Johannesburg
	FACA	Africa/Johannesburg
	FACB	Africa/Johannesburg
	FACE	Africa/Johannesburg
	FACF	Africa/Johannesburg
	FACH	Africa/Johannesburg
	FACI	Africa/Johannesburg
	FACK	Africa/Johannesburg
	FACL	Africa/Johannesburg
	FACN	Africa/Johannesburg
	FACO	Africa/Johannesburg
	FACR	Africa/Johannesburg
	FACV	Africa/Johannesburg
	FACW	Africa/Johannesburg
	FACX	Africa/Johannesburg
	FACY	Africa/Johannesburg
	FADA	Africa/Johannesburg
	FADB	Africa/Johannesburg
	FADD	Africa/Johannesburg
	FADE	Africa/Johannesburg
	FADG	Africa/Johannesburg
	FADH	Africa/Johannesburg
	FADL	Africa/Johannesburg
	FADM	Africa/Johannesburg
	FADN	Africa/Johannesburg
	FADO	Africa/Johannesburg
	FADP	Africa/Johannesburg
	FADR	Africa/Johannesburg
	FADS	Africa/Johannesburg
	FADU	Africa/Johannesburg
	FADV	Africa/Johannesburg
	FADX	Africa/Johannesburg
	FADY	Africa/Johannesburg
	FADZ	Africa/Johannesburg
	FAEC	Africa/Johannesburg
	FAED	Africa/Johannesburg
	FAEG	Africa/Johannesburg
	FAEO	Africa/Johannesburg
	FAES	Africa/Johannesburg
	FAET	Africa/Johannesburg
	FAFF	Africa/Johannesburg
	FAFG	Africa/Johannesburg
	FAFK	Africa/Johannesburg
	FAFO	Africa/Johannesburg
	FAFR	Africa/Johannesburg
	FAFU	Africa/Johannesburg
	FAFW	Africa/Johannesburg
	FAGA	Africa/Johannesburg
	FAGH	Africa/Johannesburg
	FAGJ	Africa/Johannesburg
	FAGL	Africa/Johannesburg
	FAGO	Africa/Johannesburg
	FAGR	Africa/Johannesburg
	FAGS	Africa/Johannesburg
	FAGT	Africa/Johannesburg
	FAGV	Africa/Johannesburg
	FAGW	Africa/Johannesburg
	FAGY	Africa/Johannesburg
	FAHA	Africa/Johannesburg
	FAHB	Africa/Johannesburg
	FAHC	Africa/Johannesburg
	FAHD	Africa/Johannesburg
	FAHE	Africa/Johannesburg
	FAHF	Africa/Johannesburg
	FAHG	Africa/Johannesburg
	FAHH	Africa/Johannesburg
	FAHI	Africa/Johannesburg
	FAHJ	Africa/Johannesburg
	FAHK	Africa/Johannesburg
	FAHO	Africa/Johannesburg
	FAHP	Africa/Johannesburg
	FAHT	Africa/Johannesburg
	FAHU	Africa/Johannesburg
	FAHV	Africa/Johannesburg
	FAIA	Africa/Johannesburg
	FAID	Africa/Johannesburg
	FAIO	Africa/Johannesburg
	FAIS	Africa/Johannesburg
	FAIV	Africa/Johannesburg
	FAIW	Africa/Johannesburg
	FAJF	Africa/Johannesburg
	FAJP	Africa/Johannesburg
	FAJV	Africa/Johannesburg
	FAKA	Africa/Johannesburg
	FAKB	Africa/Johannesburg
	FAKE	Africa/Johannesburg
	FAKF	Africa/Johannesburg
	FAKG	Africa/Johannesburg
	FAKH	Africa/Johannesburg
	FAKI	Africa/Johannesburg
	FAKK	Africa/Johannesburg
	FAKL	Africa/Johannesburg
	FAKO	Africa/Johannesburg
	FAKR	Africa/Johannesburg
	FAKS	Africa/Johannesburg
	FAKT	Africa/Johannesburg
	FAKV	Africa/Johannesburg
	FAKW	Africa/Johannesburg
	FAKX	Africa/Johannesburg
	FALB	Africa/Johannesburg
	FALF	Africa/Johannesburg
	FALH	Africa/Johannesburg
	FALI	Africa/Johannesburg
	FALK	Africa/Johannesburg
	FALL	Africa/Johannesburg
	FALM	Africa/Johannesburg
	FALQ	Africa/Johannesburg
	FALR	Africa/Johannesburg
	FALS	Africa/Johannesburg
	FAMA	Africa/Johannesburg
	FAMB	Africa/Johannesburg
	FAMC	Africa/Johannesburg
	FAMF	Africa/Johannesburg
	FAMI	Africa/Johannesburg
	FAMJ	Africa/Johannesburg
	FAMK	Africa/Johannesburg
	FAML	Africa/Johannesburg
	FAMP	Africa/Johannesburg
	FAMQ	Africa/Johannesburg
	FAMS	Africa/Johannesburg
	FAMT	Africa/Johannesburg
	FAMV	Africa/Johannesburg
	FAMX	Africa/Johannesburg
	FAMY	Africa/Johannesburg
	FAMZ	Africa/Johannesburg
	FANA	Africa/Johannesburg
	FANH	Africa/Johannesburg
	FANL	Africa/Johannesburg
	FANV	Africa/Johannesburg
	FANY	Africa/Johannesburg
	FAOD	Africa/Johannesburg
	FAOF	Africa/Johannesburg
	FAOI	Africa/Johannesburg
	FAOL	Africa/Johannesburg
	FAON	Africa/Johannesburg
	FAOT	Africa/Johannesburg
	FAOY	Africa/Johannesburg
	FAPC	Africa/Johannesburg
	FAPD	Africa/Johannesburg
	FAPF	Africa/Johannesburg
	FAPG	Africa/Johannesburg
	FAPI	Africa/Johannesburg
	FAPL	Africa/Johannesburg
	FAPO	Africa/Johannesburg
	FAPQ	Africa/Johannesburg
	FAPT	Africa/Johannesburg
	FAPU	Africa/Johannesburg
	FAPV	Africa/Johannesburg
	FAPW	Africa/Johannesburg
	FAPX	Africa/Johannesburg
	FAPY	Africa/Johannesburg
	FAPZ	Africa/Johannesburg
	FAQF	Africa/Johannesburg
	FAQR	Africa/Johannesburg
	FARA	Africa/Johannesburg
	FARD	Africa/Johannesburg
	FARG	Africa/Johannesburg
	FARM	Africa/Johannesburg
	FARO	Africa/Johannesburg
	FARZ	Africa/Johannesburg
	FASA	Africa/Johannesburg
	FASD	Africa/Johannesburg
	FASG	Africa/Johannesburg
	FASH	Africa/Johannesburg
	FASI	Africa/Johannesburg
	FASJ	Africa/Johannesburg
	FASK	Africa/Johannesburg
	FASL	Africa/Johannesburg
	FASM	Africa/Johannesburg
	FASN	Africa/Johannesburg
	FASR	Africa/Johannesburg
	FAST	Africa/Johannesburg
	FASU	Africa/Johannesburg
	FASW	Africa/Johannesburg
	FASX	Africa/Johannesburg
	FASY	Africa/Johannesburg
	FATA	Africa/Johannesburg
	FATB	Africa/Johannesburg
	FATF	Africa/Johannesburg
	FATI	Africa/Johannesburg
	FATK	Africa/Johannesburg
	FATM	Africa/Johannesburg
	FATP	Africa/Johannesburg
	FATR	Africa/Johannesburg
	FATT	Africa/Johannesburg
	FATW	Africa/Johannesburg
	FAUB	Africa/Johannesburg
	FAUC	Africa/Johannesburg
	FAUG	Africa/Johannesburg
	FAUH	Africa/Johannesburg
	FAUR	Africa/Johannesburg
	FAVA	Africa/Johannesburg
	FAVD	Africa/Johannesburg
	FAVE	Africa/Johannesburg
	FAVF	Africa/Johannesburg
	FAVI	Africa/Johannesburg
	FAVM	Africa/Johannesburg
	FAVP	Africa/Johannesburg
	FAVS	Africa/Johannesburg
	FAVU	Africa/Johannesburg
	FAVV	Africa/Johannesburg
	FAVW	Africa/Johannesburg
	FAWA	Africa/Johannesburg
	FAWC	Africa/Johannesburg
	FAWD	Africa/Johannesburg
	FAWI	Africa/Johannesburg
	FAWL	Africa/Johannesburg
	FAWN	Africa/Johannesburg
	FAWO	Africa/Johannesburg
	FAWP	Africa/Johannesburg
	FAWR	Africa/Johannesburg
	FAWS	Africa/Johannesburg
	FAWT	Africa/Johannesburg
	FAYP	Africa/Johannesburg
	FAZA	Africa/Johannesburg
	FAZP	Africa/Johannesburg
	FAZQ	Africa/Johannesburg
	FAZR	Africa/Johannesburg
	FBCO	Africa/Gaborone
	FBGM	Africa/Gaborone
	FBKG	Africa/Gaborone
	FBKY	Africa/Gaborone
	FBMG	Africa/Gaborone
	FBML	Africa/Gaborone
	FBMM	Africa/Gaborone
	FBNN	Africa/Gaborone
	FBNT	Africa/Gaborone
	FBNW	Africa/Gaborone
	FBOK	Africa/Gaborone
	FBPY	Africa/Gaborone
	FBRK	Africa/Gaborone
	FBSR	Africa/Gaborone
	FBTE	Africa/Gaborone
	FBTP	Africa/Gaborone
	FBXB	Africa/Gaborone
	FBXG	Africa/Gaborone
	FCBA	Africa/Brazzaville
	FCBP	Africa/Brazzaville
	FCBT	Africa/Brazzaville
	FCBU	Africa/Brazzaville
	FCMA	Africa/Brazzaville
	FCMB	Africa/Brazzaville
	FCMD	Africa/Brazzaville
	FCMF	Africa/Brazzaville
	FCMG	Africa/Brazzaville
	FCMI	Africa/Brazzaville
	FCMK	Africa/Brazzaville
	FCML	Africa/Brazzaville
	FCMN	Africa/Brazzaville
	FCMO	Africa/Brazzaville
	FCMR	Africa/Brazzaville
	FCMS	Africa/Brazzaville
	FCMY	Africa/Brazzaville
	FCMZ	Africa/Brazzaville
	FCPB	Africa/Brazzaville
	FCPE	Africa/Brazzaville
	FCPG	Africa/Brazzaville
	FCPI	Africa/Brazzaville
	FCPK	Africa/Brazzaville
	FCPN	Africa/Brazzaville
	FCPO	Africa/Brazzaville
	FCPY	Africa/Brazzaville
	FD02	America/New_York
	FD03	America/Chicago
	FD04	America/New_York
	FD08	America/New_York
	FD09	America/New_York
	FD10	America/New_York
	FD14	America/New_York
	FD15	America/New_York
	FD16	America/New_York
	FD20	America/New_York
	FD22	America/New_York
	FD23	America/New_York
	FD24	America/New_York
	FD25	America/New_York
	FD26	America/New_York
	FD27	America/New_York
	FD29	America/New_York
	FD30	America/New_York
	FD31	America/New_York
	FD33	America/New_York
	FD35	America/New_York
	FD37	America/New_York
	FD38	America/New_York
	FD39	America/New_York
	FD42	America/New_York
	FD44	America/New_York
	FD49	America/New_York
	FD50	America/New_York
	FD51	America/New_York
	FD53	America/New_York
	FD55	America/New_York
	FD57	America/New_York
	FD59	America/New_York
	FD61	America/New_York
	FD63	America/New_York
	FD70	America/New_York
	FD71	America/New_York
	FD72	America/New_York
	FD77	America/New_York
	FD81	America/New_York
	FD83	America/New_York
	FD86	America/New_York
	FD88	America/New_York
	FD89	America/Chicago
	FD90	America/New_York
	FD92	America/New_York
	FD93	America/Chicago
	FD94	America/New_York
	FD95	America/New_York
	FDBM	Africa/Mbabane
	FDBS	Africa/Mbabane
	FDBT	Africa/Mbabane
	FDGL	Africa/Johannesburg
	FDKB	Africa/Mbabane
	FDMH	Africa/Mbabane
	FDNG	Africa/Mbabane
	FDNH	Africa/Mbabane
	FDNS	Africa/Mbabane
	FDSM	Africa/Mbabane
	FDST	Africa/Mbabane
	FDTM	Africa/Johannesburg
	FDTS	Africa/Mbabane
	FDUB	Africa/Mbabane
	FEFA	Africa/Bangui
	FEFB	Africa/Bangui
	FEFD	Africa/Bangui
	FEFE	Africa/Bangui
	FEFK	Africa/Bangui
	FEFP	Africa/Bangui
	FEFQ	Africa/Bangui
	FEFU	Africa/Bangui
	FEGB	Africa/Bangui
	FEGC	Africa/Bangui
	FEGD	Africa/Bangui
	FEGG	Africa/Bangui
	FEGI	Africa/Bangui
	FJDG	Indian/Chagos
	FKAB	Africa/Douala
	FKAF	Africa/Douala
	FKAG	Africa/Douala
	FKAO	Africa/Douala
	FKKE	Africa/Douala
	FKKT	Africa/Douala
	FL01	America/New_York
	FL02	America/New_York
	FL03	America/New_York
	FL07	America/New_York
	FL08	America/New_York
	FL09	America/New_York
	FL10	America/New_York
	FL11	America/New_York
	FL12	America/New_York
	FL13	America/New_York
	FL16	America/New_York
	FL17	America/Chicago
	FL18	America/New_York
	FL19	America/New_York
	FL27	America/New_York
	FL28	America/New_York
	FL29	America/New_York
	FL31	America/New_York
	FL33	America/New_York
	FL34	America/Chicago
	FL35	America/New_York
	FL36	America/New_York
	FL37	America/New_York
	FL40	America/New_York
	FL41	America/New_York
	FL43	America/New_York
	FL50	America/New_York
	FL52	America/New_York
	FL54	America/New_York
	FL58	America/New_York
	FL59	America/New_York
	FL60	America/New_York
	FL62	America/New_York
	FL66	America/New_York
	FL67	America/New_York
	FL74	America/New_York
	FL75	America/New_York
	FL77	America/New_York
	FL78	America/New_York
	FL80	America/New_York
	FL81	America/Chicago
	FL82	America/New_York
	FL84	America/New_York
	FL86	America/New_York
	FL88	America/New_York
	FL90	America/New_York
	FL95	America/New_York
	FL97	America/New_York
	FL99	America/New_York
	FLAT	Africa/Lusaka
	FLCC	Africa/Lusaka
	FLCH	Africa/Lusaka
	FLCS	Africa/Lusaka
	FLEA	Africa/Lusaka
	FLEB	Africa/Lusaka
	FLEC	Africa/Lusaka
	FLED	Africa/Lusaka
	FLEE	Africa/Lusaka
	FLEF	Africa/Lusaka
	FLEG	Africa/Lubumbashi
	FLEH	Africa/Lusaka
	FLIK	Africa/Lusaka
	FLKB	Africa/Lusaka
	FLKG	Africa/Lusaka
	FLKJ	Africa/Lusaka
	FLKU	Africa/Lusaka
	FLKW	Africa/Lusaka
	FLKZ	Africa/Lusaka
	FLLA	Africa/Lusaka
	FLLC	Africa/Lusaka
	FLLD	Africa/Lusaka
	FLLG	Africa/Lusaka
	FLLO	Africa/Lusaka
	FLMB	Africa/Lusaka
	FLMK	Africa/Lusaka
	FLML	Africa/Lusaka
	FLMO	Africa/Lusaka
	FLMP	Africa/Lusaka
	FLMU	Africa/Lusaka
	FLMW	Africa/Lusaka
	FLMZ	Africa/Lusaka
	FLND	Africa/Lusaka
	FLNL	Africa/Lusaka
	FLNY	Africa/Lusaka
	FLPA	Africa/Lusaka
	FLPE	Africa/Lusaka
	FLPK	Africa/Lusaka
	FLPO	Africa/Lusaka
	FLRO	Africa/Lusaka
	FLRU	Africa/Lusaka
	FLSE	Africa/Lusaka
	FLSH	Africa/Lusaka
	FLSJ	Africa/Lusaka
	FLWA	Africa/Lusaka
	FLWB	Africa/Lusaka
	FLWC	Africa/Lusaka
	FLWD	Africa/Lusaka
	FLWE	Africa/Lusaka
	FLWF	Africa/Lusaka
	FLWG	Africa/Lusaka
	FLWW	Africa/Lusaka
	FLYA	Africa/Lusaka
	FM43	Indian/Antananarivo
	FMFZ	Indian/Antananarivo
	FMMA	Indian/Antananarivo
	FMMC	Indian/Antananarivo
	FMMJ	Indian/Antananarivo
	FMMP	Indian/Antananarivo
	FMNF	Indian/Antananarivo
	FMNP	Indian/Antananarivo
	FMNZ	Indian/Antananarivo
	FMSA	Indian/Antananarivo
	FMSE	Indian/Antananarivo
	FN17	Africa/Luanda
	FN18	Africa/Luanda
	FN19	Africa/Luanda
	FNCB	Africa/Luanda
	FNCC	Africa/Luanda
	FNCM	Africa/Luanda
	FNCX	Africa/Luanda
	FNDB	Africa/Luanda
	FNMQ	Africa/Luanda
	FNPB	Africa/Luanda
	FNTO	Africa/Luanda
	FOOC	Africa/Libreville
	FOOM	Africa/Libreville
	FOOS	Africa/Libreville
	FQ49	Africa/Maputo
	FQBI	Africa/Maputo
	FQFU	Africa/Maputo
	FQMR	Africa/Maputo
	FQSG	Africa/Maputo
	FQUG	Africa/Maputo
	FSAL	Indian/Mahe
	FSAS	Indian/Mahe
	FSDA	Indian/Mahe
	FSFA	Indian/Mahe
	FSMA	Indian/Mahe
	FSPL	Indian/Mahe
	FSSC	Indian/Mahe
	FSSR	Indian/Mahe
	FTTE	Africa/Ndjamena
	FTTF	Africa/Ndjamena
	FTTG	Africa/Ndjamena
	FTTR	Africa/Ndjamena
	FTTZ	Africa/Ndjamena
	FV76	Africa/Harare
	FV77	Africa/Harare
	FVAB	Africa/Harare
	FVAE	Africa/Harare
	FVBB	Africa/Harare
	FVBI	Africa/Harare
	FVBL	Africa/Harare
	FVBM	Africa/Harare
	FVBO	Africa/Harare
	FVCC	Africa/Harare
	FVCD	Africa/Harare
	FVCE	Africa/Harare
	FVCM	Africa/Harare
	FVCN	Africa/Harare
	FVCP	Africa/Harare
	FVCR	Africa/Harare
	FVCV	Africa/Harare
	FVDA	Africa/Harare
	FVDE	Africa/Harare
	FVDU	Africa/Harare
	FVED	Africa/Harare
	FVFG	Africa/Harare
	FVFI	Africa/Harare
	FVGD	Africa/Harare
	FVGO	Africa/Harare
	FVGR	Africa/Harare
	FVGT	Africa/Harare
	FVGW	Africa/Harare
	FVHP	Africa/Harare
	FVHY	Africa/Harare
	FVIN	Africa/Harare
	FVIT	Africa/Harare
	FVKK	Africa/Harare
	FVKW	Africa/Harare
	FVKZ	Africa/Harare
	FVLA	Africa/Harare
	FVLG	Africa/Harare
	FVLU	Africa/Harare
	FVMA	Africa/Harare
	FVMB	Africa/Harare
	FVMD	Africa/Harare
	FVMF	Africa/Harare
	FVMK	Africa/Harare
	FVMN	Africa/Harare
	FVMS	Africa/Harare
	FVMT	Africa/Harare
	FVMW	Africa/Harare
	FVNY	Africa/Harare
	FVOT	Africa/Harare
	FVPL	Africa/Harare
	FVRA	Africa/Harare
	FVRE	Africa/Harare
	FVRT	Africa/Harare
	FVRU	Africa/Harare
	FVSC	Africa/Harare
	FVSE	Africa/Harare
	FVSH	Africa/Harare
	FVSN	Africa/Harare
	FVSV	Africa/Harare
	FVSX	Africa/Harare
	FVSY	Africa/Harare
	FVTA	Africa/Harare
	FVTD	Africa/Harare
	FVTE	Africa/Harare
	FVTJ	Africa/Harare
	FVTS	Africa/Harare
	FVTU	Africa/Harare
	FVWD	Africa/Harare
	FVYT	Africa/Harare
	FVZC	Africa/Harare
	FVZK	Africa/Harare
	FWBG	Africa/Blantyre
	FWCB	Africa/Blantyre
	FWCS	Africa/Blantyre
	FWCT	Africa/Blantyre
	FWDW	Africa/Blantyre
	FWDZ	Africa/Blantyre
	FWKB	Africa/Blantyre
	FWKK	Africa/Blantyre
	FWLE	Africa/Blantyre
	FWLP	Africa/Blantyre
	FWMC	Africa/Blantyre
	FWMG	Africa/Blantyre
	FWMZ	Africa/Blantyre
	FWNB	Africa/Blantyre
	FWSJ	Africa/Blantyre
	FWSU	Africa/Blantyre
	FWTK	Africa/Blantyre
	FWZA	Africa/Blantyre
	FXBB	Africa/Maseru
	FXKA	Africa/Maseru
	FXKB	Africa/Maseru
	FXLT	Africa/Maseru
	FXMH	Africa/Maseru
	FXML	Africa/Maseru
	FXMN	Africa/Maseru
	FXMP	Africa/Maseru
	FXMS	Africa/Maseru
	FXMT	Africa/Maseru
	FXMU	Africa/Maseru
	FXMV	Africa/Maseru
	FXNH	Africa/Maseru
	FXSE	Africa/Maseru
	FXST	Africa/Maseru
	FXTB	Africa/Maseru
	FYAB	Africa/Windhoek
	FYAM	Africa/Windhoek
	FYAS	Africa/Windhoek
	FYAV	Africa/Windhoek
	FYBC	Africa/Windhoek
	FYBJ	Africa/Windhoek
	FYEK	Africa/Windhoek
	FYEN	Africa/Windhoek
	FYGC	Africa/Windhoek
	FYGK	Africa/Windhoek
	FYGL	Africa/Windhoek
	FYGV	Africa/Windhoek
	FYHH	Africa/Windhoek
	FYHS	Africa/Windhoek
	FYIA	Africa/Windhoek
	FYKA	Africa/Windhoek
	FYKD	Africa/Windhoek
	FYKE	Africa/Windhoek
	FYKJ	Africa/Windhoek
	FYMB	Africa/Windhoek
	FYMH	Africa/Windhoek
	FYML	Africa/Windhoek
	FYOJ	Africa/Windhoek
	FYOM	Africa/Windhoek
	FYON	Africa/Windhoek
	FYOU	Africa/Windhoek
	FYPO	Africa/Windhoek
	FYRC	Africa/Windhoek
	FYRP	Africa/Windhoek
	FYRR	Africa/Windhoek
	FYSL	Africa/Windhoek
	FYSN	Africa/Windhoek
	FYSO	Africa/Windhoek
	FYSP	Africa/Windhoek
	FYST	Africa/Windhoek
	FYTK	Africa/Windhoek
	FYUS	Africa/Windhoek
	FYWD	Africa/Windhoek
	FYWI	Africa/Windhoek
	FYXX	Africa/Windhoek
	FZAD	Africa/Kinshasa
	FZAE	Africa/Kinshasa
	FZAF	Africa/Kinshasa
	FZAH	Africa/Kinshasa
	FZAI	Africa/Kinshasa
	FZAN	Africa/Kinshasa
	FZAP	Africa/Kinshasa
	FZAS	Africa/Kinshasa
	FZAU	Africa/Kinshasa
	FZAW	Africa/Kinshasa
	FZAX	Africa/Kinshasa
	FZAY	Africa/Kinshasa
	FZBB	Africa/Kinshasa
	FZBC	Africa/Kinshasa
	FZBD	Africa/Kinshasa
	FZBE	Africa/Kinshasa
	FZBF	Africa/Kinshasa
	FZBG	Africa/Kinshasa
	FZBH	Africa/Kinshasa
	FZBJ	Africa/Kinshasa
	FZBK	Africa/Kinshasa
	FZBL	Africa/Kinshasa
	FZBN	Africa/Kinshasa
	FZBP	Africa/Kinshasa
	FZBQ	Africa/Kinshasa
	FZBS	Africa/Kinshasa
	FZBU	Africa/Kinshasa
	FZBV	Africa/Kinshasa
	FZBW	Africa/Kinshasa
	FZCD	Africa/Kinshasa
	FZCF	Africa/Kinshasa
	FZCI	Africa/Lubumbashi
	FZCK	Africa/Kinshasa
	FZCL	Africa/Kinshasa
	FZCM	Africa/Kinshasa
	FZCO	Africa/Kinshasa
	FZCP	Africa/Kinshasa
	FZCR	Africa/Kinshasa
	FZCS	Africa/Kinshasa
	FZCT	Africa/Kinshasa
	FZCU	Africa/Kinshasa
	FZCW	Africa/Kinshasa
	FZCX	Africa/Kinshasa
	FZCY	Africa/Kinshasa
	FZDA	Africa/Kinshasa
	FZDB	Africa/Kinshasa
	FZDD	Africa/Kinshasa
	FZDE	Africa/Kinshasa
	FZDF	Africa/Kinshasa
	FZDG	Africa/Lubumbashi
	FZDH	Africa/Kinshasa
	FZDJ	Africa/Lubumbashi
	FZDK	Africa/Kinshasa
	FZDL	Africa/Kinshasa
	FZDM	Africa/Kinshasa
	FZDN	Africa/Luanda
	FZDO	Africa/Kinshasa
	FZDP	Africa/Kinshasa
	FZDQ	Africa/Kinshasa
	FZDR	Africa/Kinshasa
	FZDS	Africa/Kinshasa
	FZDT	Africa/Kinshasa
	FZDU	Africa/Kinshasa
	FZDY	Africa/Kinshasa
	FZEB	Africa/Kinshasa
	FZEI	Africa/Kinshasa
	FZEM	Africa/Kinshasa
	FZEO	Africa/Kinshasa
	FZEP	Africa/Kinshasa
	FZER	Africa/Kinshasa
	FZES	Africa/Kinshasa
	FZFB	Africa/Kinshasa
	FZFC	Africa/Kinshasa
	FZFE	Africa/Kinshasa
	FZFF	Africa/Kinshasa
	FZFG	Africa/Kinshasa
	FZFH	Africa/Lubumbashi
	FZFJ	Africa/Kinshasa
	FZFL	Africa/Kinshasa
	FZFN	Africa/Kinshasa
	FZFQ	Africa/Kinshasa
	FZFR	Africa/Lubumbashi
	FZFS	Africa/Kinshasa
	FZFT	Africa/Kinshasa
	FZFV	Africa/Kinshasa
	FZFW	Africa/Kinshasa
	FZGB	Africa/Kinshasa
	FZGC	Africa/Lubumbashi
	FZGE	Africa/Kinshasa
	FZGF	Africa/Kinshasa
	FZGG	Africa/Kinshasa
	FZGH	Africa/Kinshasa
	FZGI	Africa/Kinshasa
	FZGT	Africa/Kinshasa
	FZGX	Africa/Kinshasa
	FZGY	Africa/Kinshasa
	FZIA	Africa/Lubumbashi
	FZIG	Africa/Lubumbashi
	FZIK	Africa/Lubumbashi
	FZIZ	Africa/Lubumbashi
	FZJB	Africa/Lubumbashi
	FZJC	Africa/Lubumbashi
	FZJD	Africa/Lubumbashi
	FZJF	Africa/Lubumbashi
	FZJI	Africa/Lubumbashi
	FZJK	Africa/Lubumbashi
	FZJN	Africa/Lubumbashi
	FZJR	Africa/Lubumbashi
	FZKB	Africa/Lubumbashi
	FZKC	Africa/Lubumbashi
	FZKF	Africa/Lubumbashi
	FZKI	Africa/Lubumbashi
	FZKN	Africa/Lubumbashi
	FZKO	Africa/Lubumbashi
	FZMC	Africa/Lubumbashi
	FZMD	Africa/Lubumbashi
	FZMK	Africa/Lubumbashi
	FZMP	Africa/Lubumbashi
	FZMW	Africa/Lubumbashi
	FZNB	Africa/Lubumbashi
	FZNC	Africa/Lubumbashi
	FZNF	Africa/Lubumbashi
	FZNI	Africa/Lubumbashi
	FZNK	Africa/Lubumbashi
	FZNQ	Africa/Lubumbashi
	FZNR	Africa/Lubumbashi
	FZOB	Africa/Lubumbashi
	FZOC	Africa/Lubumbashi
	FZOE	Africa/Lubumbashi
	FZOF	Africa/Lubumbashi
	FZOG	Africa/Lubumbashi
	FZOH	Africa/Lubumbashi
	FZOJ	Africa/Lubumbashi
	FZOO	Africa/Lubumbashi
	FZOQ	Africa/Lubumbashi
	FZOR	Africa/Lubumbashi
	FZOS	Africa/Lubumbashi
	FZOT	Africa/Lubumbashi
	FZPB	Africa/Lubumbashi
	FZPC	Africa/Lubumbashi
	FZQD	Africa/Lubumbashi
	FZQF	Africa/Lubumbashi
	FZQH	Africa/Lubumbashi
	FZQI	Africa/Lubumbashi
	FZQJ	Africa/Lubumbashi
	FZQN	Africa/Lubumbashi
	FZQP	Africa/Lubumbashi
	FZQU	Africa/Lubumbashi
	FZQV	Africa/Lubumbashi
	FZRC	Africa/Lubumbashi
	FZRD	Africa/Lubumbashi
	FZRE	Africa/Lubumbashi
	FZRG	Africa/Lubumbashi
	FZRJ	Africa/Lubumbashi
	FZRK	Africa/Lubumbashi
	FZRL	Africa/Lubumbashi
	FZRN	Africa/Lubumbashi
	FZRO	Africa/Lubumbashi
	FZSA	Africa/Lubumbashi
	FZSC	Africa/Lubumbashi
	FZSD	Africa/Lubumbashi
	FZSE	Africa/Lubumbashi
	FZSI	Africa/Lubumbashi
	FZSJ	Africa/Lubumbashi
	FZTL	Africa/Lubumbashi
	FZTS	Africa/Lubumbashi
	FZUE	Africa/Lubumbashi
	FZUF	Africa/Lubumbashi
	FZUH	Africa/Lubumbashi
	FZUI	Africa/Lubumbashi
	FZUJ	Africa/Lubumbashi
	FZUL	Africa/Lubumbashi
	FZUM	Africa/Lubumbashi
	FZUN	Africa/Lubumbashi
	FZUO	Africa/Lubumbashi
	FZUP	Africa/Lubumbashi
	FZUR	Africa/Lubumbashi
	FZUS	Africa/Lubumbashi
	FZUT	Africa/Lubumbashi
	FZUU	Africa/Lubumbashi
	FZUV	Africa/Lubumbashi
	FZVC	Africa/Lubumbashi
	FZVD	Africa/Lubumbashi
	FZVE	Africa/Lubumbashi
	FZVF	Africa/Lubumbashi
	FZVG	Africa/Lubumbashi
	FZVH	Africa/Lubumbashi
	FZVJ	Africa/Lubumbashi
	FZVK	Africa/Lubumbashi
	FZVL	Africa/Lubumbashi
	FZVN	Africa/Lubumbashi
	FZVO	Africa/Lubumbashi
	FZVP	Africa/Lubumbashi
	FZVT	Africa/Lubumbashi
	FZVU	Africa/Lubumbashi
	FZWB	Africa/Lubumbashi
	FZWE	Africa/Lubumbashi
	FZWF	Africa/Lubumbashi
	FZWI	Africa/Lubumbashi
	FZWL	Africa/Lubumbashi
	FZWR	Africa/Lubumbashi
	FZWS	Africa/Lubumbashi
	GA00	America/New_York
	GA01	America/New_York
	GA03	America/New_York
	GA04	America/New_York
	GA06	America/New_York
	GA10	America/New_York
	GA14	America/New_York
	GA16	America/New_York
	GA18	America/New_York
	GA19	America/New_York
	GA1A	Africa/Bamako
	GA20	America/New_York
	GA21	America/New_York
	GA22	America/New_York
	GA23	America/New_York
	GA29	America/New_York
	GA30	America/New_York
	GA31	America/New_York
	GA35	America/New_York
	GA36	America/New_York
	GA39	America/New_York
	GA42	America/New_York
	GA43	America/New_York
	GA44	America/New_York
	GA45	America/New_York
	GA46	America/New_York
	GA47	America/New_York
	GA49	America/New_York
	GA50	America/New_York
	GA53	America/New_York
	GA61	America/New_York
	GA62	America/New_York
	GA65	America/New_York
	GA67	America/New_York
	GA68	America/New_York
	GA72	America/New_York
	GA73	America/New_York
	GA74	America/New_York
	GA75	America/New_York
	GA76	America/New_York
	GA77	America/New_York
	GA80	America/New_York
	GA81	America/New_York
	GA83	America/New_York
	GA86	America/New_York
	GA87	America/New_York
	GA89	America/New_York
	GA90	America/New_York
	GA92	America/New_York
	GA94	America/New_York
	GA95	America/New_York
	GA98	America/New_York
	GA99	America/New_York
	GAAO	Africa/Bamako
	GABD	Africa/Bamako
	GABF	Africa/Bamako
	GABG	Africa/Bamako
	GABR	Africa/Bamako
	GADA	Africa/Bamako
	GADZ	Africa/Bamako
	GAFD	Africa/Bamako
	GAKL	Africa/Bamako
	GAKM	Africa/Bamako
	GAKN	Africa/Bamako
	GAKT	Africa/Bamako
	GAMA	Africa/Bamako
	GAMK	Africa/Bamako
	GANF	Africa/Bamako
	GASO	Africa/Bamako
	GATS	Africa/Bamako
	GCLB	Atlantic/Canary
	GE01	America/New_York
	GE04	America/New_York
	GE05	America/New_York
	GE11	America/New_York
	GE12	America/New_York
	GE20	America/New_York
	GE21	America/New_York
	GE26	America/New_York
	GE27	America/New_York
	GE30	America/New_York
	GE33	America/New_York
	GE35	America/New_York
	GE53	America/New_York
	GE56	America/New_York
	GE61	America/New_York
	GE72	America/New_York
	GE99	America/New_York
	GFTO	Africa/Freetown
	GG64	Africa/Bissau
	GGBF	Africa/Bissau
	GGCF	Africa/Bissau
	GLCM	Africa/Monrovia
	GLCP	Africa/Monrovia
	GLLB	Africa/Monrovia
	GMAA	Africa/Casablanca
	GMFA	Africa/Casablanca
	GMFI	Africa/Casablanca
	GMFN	Africa/Casablanca
	GMFU	Africa/Casablanca
	GMFZ	Africa/Casablanca
	GMMJ	Africa/Casablanca
	GMMO	Africa/Casablanca
	GMMS	Africa/Casablanca
	GMMT	Africa/Casablanca
	GMSL	Africa/Casablanca
	GO66	Africa/Dakar
	GQNM	Africa/Nouakchott
	GQPT	Africa/Nouakchott
	GUGO	Africa/Conakry
	GUKR	Africa/Conakry
	GUSA	Africa/Conakry
	HAAD	Africa/Addis_Ababa
	HAAL	Africa/Addis_Ababa
	HADO	Africa/Addis_Ababa
	HAGH	Africa/Addis_Ababa
	HAHM	Africa/Addis_Ababa
	HASD	Africa/Addis_Ababa
	HASH	Africa/Addis_Ababa
	HCMN	Africa/Mogadishu
	HDAG	Africa/Djibouti
	HDCH	Africa/Djibouti
	HDDK	Africa/Djibouti
	HDHE	Africa/Djibouti
	HE15	Africa/Cairo
	HE16	Africa/Cairo
	HE26	Africa/Cairo
	HE45	Africa/Cairo
	HEAX	Africa/Cairo
	HEAZ	Africa/Cairo
	HEBS	Africa/Cairo
	HECW	Africa/Cairo
	HEEM	Africa/Cairo
	HEGO	Africa/Cairo
	HEGR	Africa/Cairo
	HEGS	Africa/Cairo
	HEOC	Africa/Cairo
	HI23	Pacific/Honolulu
	HI33	Pacific/Honolulu
	HI49	Pacific/Honolulu
	HKBR	Africa/Nairobi
	HKEM	Africa/Nairobi
	HKEW	Africa/Nairobi
	HKGT	Africa/Nairobi
	HKHB	Africa/Nairobi
	HKIS	Africa/Nairobi
	HKKB	Africa/Nairobi
	HKKS	Africa/Nairobi
	HKKU	Africa/Nairobi
	HKLG	Africa/Nairobi
	HKMI	Africa/Nairobi
	HKMM	Africa/Nairobi
	HKNO	Africa/Nairobi
	HKNV	Africa/Nairobi
	HKRE	Africa/Nairobi
	HKVO	Africa/Nairobi
	HKWE	Africa/Nairobi
	HL50	Africa/Tripoli
	HL54	Africa/Tripoli
	HL56	Africa/Tripoli
	HL57	Africa/Tripoli
	HL58	Africa/Tripoli
	HL59	Africa/Tripoli
	HL62	Africa/Tripoli
	HL64	Africa/Tripoli
	HL66	Africa/Tripoli
	HL69	Africa/Tripoli
	HL70	Africa/Tripoli
	HL71	Africa/Tripoli
	HL72	Africa/Tripoli
	HL78	Africa/Tripoli
	HL79	Africa/Tripoli
	HL80	Africa/Tripoli
	HL81	Africa/Tripoli
	HL82	Africa/Tripoli
	HL83	Africa/Tripoli
	HL84	Africa/Tripoli
	HLAM	Africa/Tripoli
	HLBD	Africa/Tripoli
	HLFL	Africa/Tripoli
	HLGL	Africa/Tripoli
	HLNF	Africa/Tripoli
	HLRA	Africa/Tripoli
	HLSA	Africa/Tripoli
	HLSD	Africa/Tripoli
	HLWA	Africa/Tripoli
	HLZA	Africa/Tripoli
	HLZG	Africa/Tripoli
	HLZU	Africa/Tripoli
	HRYN	Africa/Kigali
	HRYO	Africa/Kigali
	HSAK	Africa/Juba
	HSAW	Africa/Juba
	HSBR	Africa/Juba
	HSBT	Africa/Juba
	HSCG	Africa/Khartoum
	HSDL	Africa/Khartoum
	HSGO	Africa/Khartoum
	HSHG	Africa/Khartoum
	HSKJ	Africa/Juba
	HSKP	Africa/Juba
	HSMD	Africa/Juba
	HSMN	Africa/Khartoum
	HSND	Africa/Khartoum
	HSNM	Africa/Juba
	HSPA	Africa/Juba
	HSPI	Africa/Juba
	HSRJ	Africa/Juba
	HSRN	Africa/Juba
	HSSP	Africa/Khartoum
	HSTO	Africa/Juba
	HSTR	Africa/Juba
	HSTU	Africa/Juba
	HSYA	Africa/Juba
	HSYE	Africa/Juba
	HSYL	Africa/Juba
	HTAG	Africa/Dar_es_Salaam
	HTBB	Africa/Dar_es_Salaam
	HTBS	Africa/Dar_es_Salaam
	HTCH	Africa/Dar_es_Salaam
	HTIY	Africa/Dar_es_Salaam
	HTKB	Africa/Dar_es_Salaam
	HTKD	Africa/Dar_es_Salaam
	HTKL	Africa/Dar_es_Salaam
	HTKO	Africa/Dar_es_Salaam
	HTKS	Africa/Dar_es_Salaam
	HTKT	Africa/Dar_es_Salaam
	HTLD	Africa/Dar_es_Salaam
	HTLL	Africa/Dar_es_Salaam
	HTMF	Africa/Dar_es_Salaam
	HTMG	Africa/Dar_es_Salaam
	HTMK	Africa/Dar_es_Salaam
	HTML	Africa/Dar_es_Salaam
	HTMO	Africa/Dar_es_Salaam
	HTMP	Africa/Dar_es_Salaam
	HTMS	Africa/Dar_es_Salaam
	HTMX	Africa/Dar_es_Salaam
	HTNR	Africa/Dar_es_Salaam
	HTOL	Africa/Dar_es_Salaam
	HTSD	Africa/Dar_es_Salaam
	HTSE	Africa/Dar_es_Salaam
	HTSH	Africa/Dar_es_Salaam
	HTTU	Africa/Dar_es_Salaam
	HTUK	Africa/Dar_es_Salaam
	HTUR	Africa/Dar_es_Salaam
	HTUT	Africa/Dar_es_Salaam
	HTUV	Africa/Dar_es_Salaam
	HTWK	Africa/Dar_es_Salaam
	HUAJ	Africa/Kampala
	HUKB	Africa/Kampala
	HULI	Africa/Kampala
	IA01	America/Chicago
	IA02	America/Chicago
	IA05	America/Chicago
	IA07	America/Chicago
	IA11	America/Chicago
	IA12	America/Chicago
	IA16	America/Chicago
	IA18	America/Chicago
	IA20	America/Chicago
	IA21	America/Chicago
	IA23	America/Chicago
	IA24	America/Chicago
	IA26	America/Chicago
	IA27	America/Chicago
	IA30	America/Chicago
	IA31	America/Chicago
	IA32	America/Chicago
	IA38	America/Chicago
	IA41	America/Chicago
	IA42	America/Chicago
	IA43	America/Chicago
	IA51	America/Chicago
	IA58	America/Chicago
	IA61	America/Chicago
	IA62	America/Chicago
	IA63	America/Chicago
	IA68	America/Chicago
	IA70	America/Chicago
	IA76	America/Chicago
	IA77	America/Chicago
	IA83	America/Chicago
	IA84	America/Chicago
	IA85	America/Chicago
	IA86	America/Chicago
	IA94	America/Chicago
	ID00	America/Boise
	ID01	America/Los_Angeles
	ID04	America/Boise
	ID05	America/Los_Angeles
	ID06	America/Boise
	ID07	America/Los_Angeles
	ID09	America/Los_Angeles
	ID10	America/Los_Angeles
	ID11	America/Los_Angeles
	ID12	America/Boise
	ID13	America/Los_Angeles
	ID16	America/Boise
	ID17	America/Boise
	ID19	America/Los_Angeles
	ID21	America/Los_Angeles
	ID22	America/Los_Angeles
	ID23	America/Los_Angeles
	ID24	America/Los_Angeles
	ID25	America/Los_Angeles
	ID26	America/Boise
	ID27	America/Los_Angeles
	ID28	America/Boise
	ID29	America/Los_Angeles
	ID31	America/Boise
	ID32	America/Los_Angeles
	ID33	America/Los_Angeles
	ID35	America/Boise
	ID39	America/Boise
	ID40	America/Boise
	ID42	America/Boise
	ID43	America/Los_Angeles
	ID44	America/Boise
	ID45	America/Los_Angeles
	ID48	America/Los_Angeles
	ID50	America/Boise
	ID51	America/Los_Angeles
	ID52	America/Boise
	ID56	America/Boise
	ID57	America/Los_Angeles
	ID59	America/Boise
	ID60	America/Los_Angeles
	ID61	America/Los_Angeles
	ID62	America/Boise
	ID63	America/Boise
	ID65	America/Los_Angeles
	ID67	America/Boise
	ID68	America/Boise
	ID70	America/Boise
	ID72	America/Boise
	ID74	America/Boise
	ID75	America/Los_Angeles
	ID76	America/Los_Angeles
	ID77	America/Boise
	ID78	America/Los_Angeles
	ID79	America/Boise
	ID82	America/Boise
	ID83	America/Los_Angeles
	ID84	America/Los_Angeles
	ID85	America/Los_Angeles
	ID86	America/Boise
	ID87	America/Boise
	ID88	America/Boise
	ID89	America/Boise
	ID90	America/Boise
	ID92	America/Boise
	ID93	America/Boise
	ID94	America/Los_Angeles
	ID95	America/Boise
	ID96	America/Boise
	ID97	America/Boise
	IG03	America/Indiana/Indianapolis
	IG05	America/Indiana/Knox
	IG07	America/New_York
	II03	America/Indiana/Indianapolis
	II06	America/Indiana/Indianapolis
	II07	America/Indiana/Indianapolis
	II08	America/Indiana/Indianapolis
	II09	America/Indiana/Indianapolis
	II12	America/Indiana/Indianapolis
	II13	America/Indiana/Indianapolis
	II16	America/Indiana/Indianapolis
	II18	America/Chicago
	II21	America/Indiana/Indianapolis
	II27	America/Indiana/Indianapolis
	II28	America/Indiana/Indianapolis
	II30	America/Indiana/Indianapolis
	II38	America/Indiana/Indianapolis
	II43	America/Indiana/Indianapolis
	II52	America/Indiana/Indianapolis
	II54	America/Indiana/Indianapolis
	II59	America/Indiana/Indianapolis
	II67	America/Indiana/Indianapolis
	II68	America/Indiana/Indianapolis
	II70	America/Indiana/Indianapolis
	II74	America/Indiana/Indianapolis
	II77	America/Indiana/Indianapolis
	II79	America/Indiana/Winamac
	II82	America/Indiana/Indianapolis
	II84	America/Chicago
	II85	America/Indiana/Indianapolis
	II87	America/Indiana/Indianapolis
	II89	America/Chicago
	II91	America/Indiana/Indianapolis
	II93	America/Indiana/Indianapolis
	II95	America/Indiana/Indianapolis
	II97	America/Indiana/Indianapolis
	IL01	America/Chicago
	IL02	America/Chicago
	IL07	America/Chicago
	IL09	America/Chicago
	IL11	America/Chicago
	IL12	America/Chicago
	IL15	America/Chicago
	IL16	America/Chicago
	IL22	America/Chicago
	IL23	America/Chicago
	IL24	America/Chicago
	IL27	America/Chicago
	IL28	America/Chicago
	IL29	America/Chicago
	IL32	America/Chicago
	IL34	America/Chicago
	IL36	America/Chicago
	IL38	America/Chicago
	IL39	America/Chicago
	IL45	America/Chicago
	IL47	America/Chicago
	IL48	America/Chicago
	IL51	America/Chicago
	IL52	America/Chicago
	IL53	America/Chicago
	IL54	America/Chicago
	IL55	America/Chicago
	IL56	America/Chicago
	IL57	America/Chicago
	IL60	America/Chicago
	IL64	America/Chicago
	IL65	America/Chicago
	IL68	America/Chicago
	IL71	America/Chicago
	IL73	America/Chicago
	IL76	America/Chicago
	IL78	America/Chicago
	IL80	America/Chicago
	IL81	America/Chicago
	IL82	America/Chicago
	IL83	America/Chicago
	IL84	America/Chicago
	IL85	America/Chicago
	IL86	America/Chicago
	IL87	America/Chicago
	IL88	America/Chicago
	IL91	America/Chicago
	IL93	America/Chicago
	IL94	America/Chicago
	IL95	America/Chicago
	IL96	America/Chicago
	IL97	America/Chicago
	IL99	America/Chicago
	IN00	America/Indiana/Indianapolis
	IN01	America/Indiana/Indianapolis
	IN02	America/Indiana/Indianapolis
	IN03	America/Indiana/Petersburg
	IN04	America/Indiana/Vincennes
	IN05	America/Indiana/Indianapolis
	IN07	America/Kentucky/Louisville
	IN08	America/Indiana/Indianapolis
	IN09	America/Indiana/Indianapolis
	IN10	America/Indiana/Indianapolis
	IN12	America/Indiana/Indianapolis
	IN14	America/Kentucky/Louisville
	IN15	America/Indiana/Vincennes
	IN16	America/Chicago
	IN20	America/Indiana/Indianapolis
	IN21	America/Indiana/Indianapolis
	IN23	America/Chicago
	IN26	America/Indiana/Knox
	IN27	America/Indiana/Indianapolis
	IN29	America/Indiana/Indianapolis
	IN30	America/Chicago
	IN31	America/Indiana/Indianapolis
	IN32	America/Indiana/Indianapolis
	IN33	America/Indiana/Indianapolis
	IN34	America/Indiana/Indianapolis
	IN36	America/Chicago
	IN37	America/Indiana/Indianapolis
	IN38	America/Indiana/Indianapolis
	IN39	America/Indiana/Indianapolis
	IN41	America/Indiana/Indianapolis
	IN43	America/Indiana/Indianapolis
	IN44	America/Indiana/Indianapolis
	IN45	America/Indiana/Indianapolis
	IN46	America/Indiana/Indianapolis
	IN47	America/Indiana/Indianapolis
	IN50	America/Indiana/Indianapolis
	IN51	America/Indiana/Indianapolis
	IN53	America/Indiana/Indianapolis
	IN54	America/Indiana/Indianapolis
	IN55	America/Indiana/Indianapolis
	IN56	America/Indiana/Indianapolis
	IN57	America/Indiana/Indianapolis
	IN58	America/Indiana/Indianapolis
	IN60	America/Indiana/Indianapolis
	IN62	America/Indiana/Indianapolis
	IN63	America/Indiana/Indianapolis
	IN65	America/Indiana/Indianapolis
	IN69	America/Indiana/Indianapolis
	IN70	America/Chicago
	IN72	America/Indiana/Indianapolis
	IN75	America/Indiana/Indianapolis
	IN81	America/Indiana/Indianapolis
	IN82	America/Indiana/Indianapolis
	IN83	America/Indiana/Indianapolis
	IN85	America/Indiana/Indianapolis
	IN87	America/Indiana/Knox
	IN88	America/Indiana/Indianapolis
	IN91	America/Indiana/Indianapolis
	IN93	America/Indiana/Indianapolis
	IN99	America/Indiana/Indianapolis
	IS00	America/Chicago
	IS08	America/Chicago
	IS15	America/Chicago
	IS19	America/Chicago
	IS26	America/Chicago
	IS33	America/Chicago
	IS34	America/Chicago
	IS41	America/Chicago
	IS51	America/Chicago
	IS54	America/Chicago
	IS55	America/Chicago
	IS56	America/Chicago
	IS57	America/Chicago
	IS59	America/Chicago
	IS65	America/Chicago
	IS66	America/Chicago
	IS78	America/Chicago
	IS86	America/Chicago
	IS93	America/Chicago
	JB01	America/Chicago
	JY04	America/New_York
	JY08	America/New_York
	JY24	America/New_York
	JY31	America/New_York
	JY39	America/New_York
	JY43	America/New_York
	JY73	America/New_York
	K00M	America/Chicago
	K00N	America/New_York
	K00R	America/Chicago
	K00S	America/Los_Angeles
	K00U	America/Denver
	K00W	America/Los_Angeles
	K01A	America/Anchorage
	K01G	America/New_York
	K01J	America/New_York
	K01K	America/Chicago
	K01M	America/Chicago
	K01U	America/Los_Angeles
	K02A	America/Chicago
	K02C	America/Chicago
	K02G	America/New_York
	K02T	America/Denver
	K03B	America/Chicago
	K03D	America/Chicago
	K03N	Pacific/Majuro
	K03S	America/Los_Angeles
	K04A	America/Chicago
	K04G	America/New_York
	K04M	America/Chicago
	K04V	America/Denver
	K04W	America/Chicago
	K04Y	America/Chicago
	K05C	America/Chicago
	K05D	America/Chicago
	K05N	America/New_York
	K05S	America/Los_Angeles
	K05V	America/Denver
	K05Y	America/Chicago
	K06A	America/Chicago
	K06C	America/Chicago
	K06D	America/Chicago
	K06M	America/Chicago
	K06N	America/New_York
	K06Y	America/Chicago
	K07A	America/Chicago
	K07F	America/Chicago
	K07K	America/Chicago
	K07N	America/New_York
	K07R	America/Chicago
	K07S	America/Chicago
	K07V	America/Denver
	K07Y	America/Chicago
	K08A	America/Chicago
	K08B	America/New_York
	K08C	America/Detroit
	K08D	America/Chicago
	K08F	America/Chicago
	K08K	America/Chicago
	K08M	America/Chicago
	K08N	America/New_York
	K08R	America/New_York
	K08U	America/Los_Angeles
	K09A	America/Chicago
	K09J	America/New_York
	K09K	America/Chicago
	K09M	America/Chicago
	K09N	America/New_York
	K09R	America/Chicago
	K09S	America/Vancouver
	K09T	America/Chicago
	K0A3	America/Chicago
	K0A4	America/New_York
	K0A7	America/New_York
	K0A8	America/Chicago
	K0A9	America/New_York
	K0B1	America/New_York
	K0B2	America/New_York
	K0B4	America/Chicago
	K0B5	America/New_York
	K0B7	America/New_York
	K0C0	America/Chicago
	K0C1	America/Chicago
	K0C2	America/Chicago
	K0C4	America/Chicago
	K0C5	America/Detroit
	K0C8	America/Chicago
	K0D8	America/Chicago
	K0E0	America/Denver
	K0E8	America/Denver
	K0F2	America/Chicago
	K0F4	America/Chicago
	K0F7	America/Chicago
	K0F9	America/Chicago
	K0G3	America/Chicago
	K0G6	America/New_York
	K0G7	America/New_York
	K0H1	America/Chicago
	K0H7	America/Chicago
	K0I2	America/Indiana/Indianapolis
	K0I8	America/New_York
	K0ID	America/Boise
	K0J0	America/Chicago
	K0J4	America/Chicago
	K0J8	America/New_York
	K0K6	America/Chicago
	K0L4	America/Los_Angeles
	K0L7	America/Los_Angeles
	K0L9	America/Los_Angeles
	K0M0	America/Chicago
	K0M2	America/Chicago
	K0M3	America/Chicago
	K0M4	America/Chicago
	K0M5	America/Chicago
	K0M8	America/Chicago
	K0M9	America/Chicago
	K0N0	America/Chicago
	K0N4	America/New_York
	K0O2	America/Los_Angeles
	K0O4	America/Los_Angeles
	K0O9	America/Los_Angeles
	K0P1	America/Chicago
	K0P2	America/New_York
	K0P8	America/New_York
	K0Q3	America/Los_Angeles
	K0Q4	America/Los_Angeles
	K0Q5	America/Los_Angeles
	K0Q9	America/Los_Angeles
	K0R0	America/Chicago
	K0R1	America/Chicago
	K0R2	America/Chicago
	K0R4	America/Chicago
	K0R5	America/Chicago
	K0R6	America/Chicago
	K0R7	America/Chicago
	K0S0	America/Los_Angeles
	K0S1	America/Denver
	K0S5	America/Los_Angeles
	K0S7	America/Los_Angeles
	K0U0	America/Boise
	K0U1	America/Boise
	K0U2	America/Boise
	K0U3	America/Boise
	K0U7	America/Boise
	K0U8	America/Boise
	K0U9	America/Boise
	K0V3	America/Chicago
	K0V4	America/New_York
	K0VG	America/New_York
	K0W3	America/New_York
	K0Y6	America/Chicago
	K10C	America/Chicago
	K10D	America/Chicago
	K10G	America/New_York
	K10U	America/Los_Angeles
	K10X	America/Chicago
	K11A	America/Chicago
	K11K	America/Chicago
	K11N	America/New_York
	K11R	America/Chicago
	K11S	America/Los_Angeles
	K11T	America/Chicago
	K11V	America/Denver
	K11Y	America/Chicago
	K12A	America/Chicago
	K12D	America/Chicago
	K12G	America/New_York
	K12J	America/Chicago
	K12K	America/Chicago
	K12N	America/New_York
	K12S	America/Los_Angeles
	K12V	America/New_York
	K12Y	America/Chicago
	K13C	America/Detroit
	K13K	America/Chicago
	K13Q	America/Denver
	K13W	America/Los_Angeles
	K13Y	America/Chicago
	K14A	America/New_York
	K14G	America/New_York
	K14J	America/Chicago
	K14M	America/Chicago
	K14N	America/New_York
	K14S	America/Los_Angeles
	K14Y	America/Chicago
	K15A	America/Chicago
	K15F	America/Chicago
	K15G	America/New_York
	K15J	America/New_York
	K15M	America/Chicago
	K15N	America/New_York
	K16D	America/Chicago
	K16G	America/New_York
	K16J	America/New_York
	K16S	America/Los_Angeles
	K16W	America/Los_Angeles
	K16X	America/Chicago
	K17A	America/Chicago
	K17G	America/New_York
	K17J	America/New_York
	K17K	America/Chicago
	K17M	America/Chicago
	K17N	America/New_York
	K17Q	America/Chicago
	K17S	America/Los_Angeles
	K17V	America/Denver
	K18A	America/New_York
	K18I	America/New_York
	K18K	America/Chicago
	K18T	America/Denver
	K18V	America/Denver
	K18Y	America/Chicago
	K19M	America/Chicago
	K19N	America/New_York
	K19S	America/Chicago
	K1A1	America/New_York
	K1A2	America/Chicago
	K1A3	America/New_York
	K1A4	America/Chicago
	K1A5	America/New_York
	K1A6	America/New_York
	K1A7	America/Chicago
	K1A8	America/Los_Angeles
	K1A9	America/Chicago
	K1B0	America/New_York
	K1B2	America/New_York
	K1B5	America/New_York
	K1B6	America/New_York
	K1B8	America/New_York
	K1B9	America/New_York
	K1BT	America/Chicago
	K1C1	America/Chicago
	K1C3	America/New_York
	K1C5	America/Chicago
	K1C8	America/Chicago
	K1C9	America/Los_Angeles
	K1D1	America/Chicago
	K1D2	America/Detroit
	K1D3	America/Chicago
	K1D4	America/New_York
	K1D6	America/Chicago
	K1D7	America/Chicago
	K1D8	America/Chicago
	K1DA	America/Los_Angeles
	K1DS	America/New_York
	K1E2	America/Chicago
	K1E4	America/Chicago
	K1E7	America/Chicago
	K1E8	America/New_York
	K1F2	America/New_York
	K1F4	America/Chicago
	K1F5	America/Chicago
	K1F7	America/Chicago
	K1G0	America/New_York
	K1G1	America/New_York
	K1G3	America/New_York
	K1G5	America/New_York
	K1G8	America/New_York
	K1H0	America/Chicago
	K1H1	America/New_York
	K1H2	America/Chicago
	K1H3	America/Chicago
	K1H4	America/New_York
	K1H5	America/Chicago
	K1H8	America/Chicago
	K1H9	America/Chicago
	K1I1	America/New_York
	K1I3	America/Indiana/Indianapolis
	K1I5	America/New_York
	K1I8	America/Indiana/Indianapolis
	K1I9	America/Indiana/Indianapolis
	K1J9	America/Chicago
	K1K1	America/Chicago
	K1K2	America/Chicago
	K1K4	America/Chicago
	K1K5	America/Chicago
	K1K6	America/Chicago
	K1K7	America/Chicago
	K1K8	America/Chicago
	K1K9	America/Chicago
	K1KS	America/Chicago
	K1L1	America/Los_Angeles
	K1L3	America/Los_Angeles
	K1L4	America/Los_Angeles
	K1L7	America/Denver
	K1L8	America/Denver
	K1L9	America/Denver
	K1M2	America/Chicago
	K1M4	America/Chicago
	K1M5	America/Chicago
	K1M6	America/Denver
	K1M7	America/Chicago
	K1M8	America/New_York
	K1M9	America/Chicago
	K1MO	America/Chicago
	K1N1	America/Denver
	K1N3	America/New_York
	K1N5	America/New_York
	K1N7	America/New_York
	K1O1	America/Chicago
	K1O3	America/Los_Angeles
	K1O4	America/Chicago
	K1O8	America/Chicago
	K1OK	America/Chicago
	K1PP	America/Chicago
	K1Q1	America/Los_Angeles
	K1Q2	America/Los_Angeles
	K1Q4	America/Los_Angeles
	K1Q5	America/Los_Angeles
	K1QK	America/Chicago
	K1R1	America/Chicago
	K1R4	America/Chicago
	K1R7	America/Chicago
	K1R8	America/Chicago
	K1RL	America/Los_Angeles
	K1S1	America/Creston
	K1S2	America/Los_Angeles
	K1S3	America/Denver
	K1S4	America/Chicago
	K1S5	America/Los_Angeles
	K1S6	America/Los_Angeles
	K1S7	America/Los_Angeles
	K1S8	America/Los_Angeles
	K1S9	America/Los_Angeles
	K1T7	America/Chicago
	K1T8	America/Chicago
	K1U0	America/Boise
	K1U1	America/Denver
	K1U2	America/Boise
	K1U3	America/Boise
	K1U4	America/Boise
	K1U6	America/Boise
	K1U7	America/Boise
	K1U9	America/Boise
	K1UT	America/Denver
	K1V0	America/Denver
	K1V8	America/Denver
	K1W1	America/Los_Angeles
	K1W3	America/New_York
	K1WF	America/New_York
	K1X1	America/Chicago
	K1Y3	America/Chicago
	K1Y5	America/Chicago
	K1Y9	America/Chicago
	K20A	America/Chicago
	K20K	America/Anchorage
	K20M	America/Chicago
	K20N	America/New_York
	K20T	America/Chicago
	K20U	America/Denver
	K20V	America/Denver
	K21D	America/Chicago
	K21F	America/Chicago
	K21N	America/New_York
	K21W	America/Los_Angeles
	K22D	America/New_York
	K22F	America/Chicago
	K22I	America/New_York
	K22M	America/Chicago
	K22N	America/New_York
	K22S	America/Los_Angeles
	K22T	America/Detroit
	K23D	America/Chicago
	K23M	America/Chicago
	K23N	America/New_York
	K23R	America/Chicago
	K23S	America/Denver
	K23W	America/Chicago
	K24A	America/New_York
	K24C	America/Detroit
	K24F	America/Chicago
	K24J	America/New_York
	K24K	America/Boise
	K24M	America/Detroit
	K24N	America/Denver
	K24R	America/Chicago
	K24S	America/Los_Angeles
	K25D	America/Chicago
	K25J	America/New_York
	K25M	America/Chicago
	K25U	America/Los_Angeles
	K26A	America/Chicago
	K26N	America/New_York
	K26R	America/Chicago
	K26U	America/Los_Angeles
	K26W	America/Detroit
	K27C	America/Detroit
	K27K	America/New_York
	K27P	America/Chicago
	K27R	America/Chicago
	K27W	America/Los_Angeles
	K28A	America/New_York
	K28J	America/New_York
	K28M	America/New_York
	K28N	America/New_York
	K28U	America/Boise
	K28X	America/Chicago
	K29C	America/Detroit
	K29D	America/New_York
	K29F	America/Chicago
	K29N	America/New_York
	K29S	America/Denver
	K2A0	America/New_York
	K2A1	America/Chicago
	K2A2	America/Chicago
	K2A6	America/Chicago
	K2A8	America/Chicago
	K2AN	America/Anchorage
	K2B1	America/New_York
	K2B2	America/New_York
	K2B6	America/New_York
	K2B7	America/New_York
	K2B9	America/New_York
	K2C5	America/Detroit
	K2C6	America/Chicago
	K2C8	America/Chicago
	K2CB	America/New_York
	K2D1	America/New_York
	K2D5	America/Chicago
	K2D7	America/New_York
	K2E2	America/Detroit
	K2E5	America/Denver
	K2E6	America/Chicago
	K2E7	America/Chicago
	K2F1	America/Chicago
	K2F4	America/Chicago
	K2F6	America/Chicago
	K2F7	America/Chicago
	K2G1	America/New_York
	K2G2	America/New_York
	K2G5	America/Chicago
	K2G8	America/New_York
	K2G9	America/New_York
	K2GC	America/New_York
	K2H0	America/Chicago
	K2H2	America/Chicago
	K2H5	America/Chicago
	K2H9	America/Chicago
	K2I0	America/Chicago
	K2I3	America/Chicago
	K2IS	America/New_York
	K2J0	America/New_York
	K2J3	America/New_York
	K2J5	America/New_York
	K2J8	America/New_York
	K2J9	America/New_York
	K2K1	America/Chicago
	K2K4	America/Chicago
	K2K6	America/Chicago
	K2K7	America/Chicago
	K2K8	America/Chicago
	K2K9	America/Chicago
	K2KL	America/Chicago
	K2L0	America/Chicago
	K2L1	America/Chicago
	K2M0	America/Chicago
	K2M1	America/Chicago
	K2M2	America/Chicago
	K2M4	America/Chicago
	K2M7	America/Detroit
	K2M8	America/Chicago
	K2MO	America/Chicago
	K2N2	America/New_York
	K2N5	America/New_York
	K2N6	America/New_York
	K2O3	America/Los_Angeles
	K2O6	America/Los_Angeles
	K2O7	America/Los_Angeles
	K2O8	America/Chicago
	K2P2	America/Chicago
	K2P7	America/New_York
	K2Q0	America/New_York
	K2Q9	America/Los_Angeles
	K2R0	America/Chicago
	K2R1	America/Chicago
	K2R2	America/Indiana/Indianapolis
	K2R4	America/Chicago
	K2R5	America/Chicago
	K2R6	America/Chicago
	K2R7	America/Chicago
	K2R9	America/Chicago
	K2RR	America/New_York
	K2S0	America/Los_Angeles
	K2S1	America/Los_Angeles
	K2S2	America/Los_Angeles
	K2S4	America/Los_Angeles
	K2S5	America/Los_Angeles
	K2S6	America/Los_Angeles
	K2S8	America/Los_Angeles
	K2S9	America/Los_Angeles
	K2T1	America/Chicago
	K2T2	America/Chicago
	K2TX	America/Chicago
	K2U0	America/Boise
	K2U4	America/Boise
	K2U5	America/Denver
	K2U7	America/Boise
	K2U8	America/Boise
	K2UT	America/Denver
	K2V6	America/Denver
	K2VA	America/Chicago
	K2W1	America/Los_Angeles
	K2W2	America/New_York
	K2W3	America/Los_Angeles
	K2W5	America/New_York
	K2Y4	America/Chicago
	K2Z2	America/Anchorage
	K2Z3	America/Anchorage
	K30F	America/Chicago
	K30K	America/Chicago
	K30M	America/Chicago
	K31D	America/New_York
	K31E	America/New_York
	K32A	America/Chicago
	K32S	America/Denver
	K33A	America/New_York
	K33J	America/Chicago
	K33K	America/Chicago
	K33M	America/Chicago
	K33N	America/New_York
	K33R	America/Chicago
	K33S	America/Los_Angeles
	K33U	America/Denver
	K33V	America/Denver
	K34G	America/Detroit
	K34M	America/Chicago
	K34R	America/Chicago
	K35C	America/Detroit
	K35D	America/Detroit
	K35S	America/Los_Angeles
	K35W	America/Chicago
	K35X	America/Chicago
	K36K	America/Chicago
	K36S	America/Los_Angeles
	K37F	America/Chicago
	K37M	America/Chicago
	K37N	America/North_Dakota/Beulah
	K37S	America/Denver
	K37T	America/Chicago
	K38C	America/Detroit
	K38D	America/New_York
	K38I	America/New_York
	K38K	America/Chicago
	K38N	America/New_York
	K38S	America/Denver
	K38U	America/Denver
	K38W	America/Los_Angeles
	K39G	America/Detroit
	K39K	America/Chicago
	K39P	America/Los_Angeles
	K39T	America/Detroit
	K39Z	America/Detroit
	K3A2	America/New_York
	K3A4	America/New_York
	K3A5	America/Los_Angeles
	K3A9	America/Chicago
	K3AK	America/Yakutat
	K3AU	America/Chicago
	K3B0	America/New_York
	K3B1	America/New_York
	K3B3	America/New_York
	K3B8	America/Los_Angeles
	K3C1	America/Indiana/Indianapolis
	K3CK	America/Chicago
	K3CM	America/Detroit
	K3CU	America/Chicago
	K3D1	America/Chicago
	K3D2	America/Chicago
	K3DA	America/Detroit
	K3DW	America/Chicago
	K3E0	America/Chicago
	K3EV	America/Chicago
	K3EX	America/Chicago
	K3F2	America/Chicago
	K3F3	America/Chicago
	K3F4	America/Chicago
	K3F5	America/Detroit
	K3F6	America/Chicago
	K3F7	America/Chicago
	K3F9	America/Chicago
	K3FK	America/Indiana/Indianapolis
	K3FU	America/Chicago
	K3G2	America/Chicago
	K3G3	America/New_York
	K3G4	America/New_York
	K3G5	America/New_York
	K3G6	America/New_York
	K3G8	America/Chicago
	K3G9	America/New_York
	K3GM	America/Detroit
	K3GV	America/Chicago
	K3H4	America/Chicago
	K3HO	America/Chicago
	K3I2	America/New_York
	K3I3	America/Indiana/Indianapolis
	K3I4	America/New_York
	K3I7	America/New_York
	K3J0	America/New_York
	K3J1	America/New_York
	K3J6	America/New_York
	K3JA	America/Chicago
	K3JC	America/Chicago
	K3K3	America/Denver
	K3K4	America/Chicago
	K3K7	America/Chicago
	K3K8	America/Chicago
	K3KK	America/Chicago
	K3KS	America/Chicago
	K3L2	America/Los_Angeles
	K3L7	America/Detroit
	K3LF	America/Chicago
	K3M0	America/Chicago
	K3M5	America/Chicago
	K3M7	America/Chicago
	K3M8	America/Chicago
	K3M9	America/Chicago
	K3MY	America/Chicago
	K3N0	Pacific/Majuro
	K3N1	Pacific/Majuro
	K3N6	America/New_York
	K3N8	America/Chicago
	K3NP	America/Detroit
	K3O1	America/Los_Angeles
	K3O3	America/Chicago
	K3O4	America/Chicago
	K3O5	America/Chicago
	K3O8	America/Los_Angeles
	K3OK	America/Chicago
	K3P3	America/Denver
	K3Q0	America/Los_Angeles
	K3R2	America/Chicago
	K3R4	America/Chicago
	K3R7	America/Chicago
	K3R8	America/Indiana/Indianapolis
	K3R9	America/Chicago
	K3RC	America/Detroit
	K3S4	America/Los_Angeles
	K3S5	America/Detroit
	K3S6	America/Los_Angeles
	K3S7	America/Los_Angeles
	K3S9	America/Los_Angeles
	K3T0	America/Chicago
	K3T2	America/Chicago
	K3T3	America/Chicago
	K3T5	America/Chicago
	K3T6	America/Chicago
	K3T7	America/New_York
	K3T8	America/Chicago
	K3T9	America/Chihuahua
	K3TA	America/Chicago
	K3TE	America/Detroit
	K3TX	America/Chicago
	K3U0	America/Los_Angeles
	K3U1	America/Boise
	K3U2	America/Boise
	K3U3	America/Denver
	K3U4	America/Denver
	K3U5	America/Denver
	K3U7	America/Denver
	K3U8	America/Denver
	K3U9	America/Denver
	K3W2	America/New_York
	K3W3	America/New_York
	K3W5	America/Los_Angeles
	K3W6	America/New_York
	K3W8	America/Chicago
	K3W9	America/New_York
	K3X5	America/New_York
	K3Y2	America/Chicago
	K3Y3	America/Chicago
	K3Y4	America/Chicago
	K3Y7	America/Denver
	K3Z1	America/Nome
	K40C	America/Detroit
	K40D	America/Chicago
	K40I	America/New_York
	K40U	America/Denver
	K41C	America/Detroit
	K41F	America/Chicago
	K41G	America/Detroit
	K41N	America/New_York
	K42A	America/Chicago
	K42B	America/New_York
	K42C	America/Detroit
	K42I	America/New_York
	K42J	America/New_York
	K42M	America/Chicago
	K42U	America/Denver
	K43A	America/New_York
	K43B	America/New_York
	K43D	America/Los_Angeles
	K43G	America/Detroit
	K43K	America/Chicago
	K43Y	America/Chicago
	K44A	America/Phoenix
	K44B	America/New_York
	K44C	America/Chicago
	K44G	America/Detroit
	K44M	America/Chicago
	K44N	America/New_York
	K44T	America/Los_Angeles
	K45G	America/Detroit
	K45K	America/Chicago
	K45R	America/Chicago
	K45S	America/Los_Angeles
	K46D	America/Chicago
	K46U	America/Denver
	K47K	America/Chicago
	K47V	America/Chicago
	K47Y	America/Chicago
	K48A	America/New_York
	K48D	America/Detroit
	K48I	America/New_York
	K48K	America/Chicago
	K48S	America/Denver
	K48U	America/Denver
	K48X	America/New_York
	K49A	America/New_York
	K49B	America/Denver
	K49C	America/Chicago
	K49F	America/Chicago
	K49G	America/Detroit
	K49K	America/Chicago
	K49R	America/Chicago
	K49U	America/Denver
	K49X	America/Los_Angeles
	K4A4	America/New_York
	K4A5	America/Chicago
	K4A6	America/Chicago
	K4A9	America/Chicago
	K4B0	America/New_York
	K4B1	America/New_York
	K4B6	America/New_York
	K4B7	America/New_York
	K4B8	America/New_York
	K4B9	America/New_York
	K4C2	America/Indiana/Indianapolis
	K4C4	America/New_York
	K4C7	America/Chicago
	K4C8	America/Chicago
	K4D0	America/Detroit
	K4D2	America/Boise
	K4D8	America/Chicago
	K4D9	America/Chicago
	K4E7	America/Chicago
	K4E8	America/Denver
	K4F1	America/Chicago
	K4F2	America/Chicago
	K4F7	America/Chicago
	K4F8	America/Chicago
	K4F9	America/Chicago
	K4G1	America/New_York
	K4G2	America/New_York
	K4G4	America/New_York
	K4G5	America/New_York
	K4G7	America/New_York
	K4G8	America/New_York
	K4I3	America/New_York
	K4I9	America/New_York
	K4J1	America/New_York
	K4J2	America/New_York
	K4J5	America/New_York
	K4J8	America/New_York
	K4K6	America/Chicago
	K4KS	America/Chicago
	K4M0	America/Detroit
	K4M1	America/Chicago
	K4M2	America/Chicago
	K4M3	America/Chicago
	K4M4	America/Detroit
	K4M5	America/Chicago
	K4M7	America/Chicago
	K4M8	America/Chicago
	K4M9	America/Chicago
	K4MB	America/New_York
	K4N0	America/Detroit
	K4N1	America/New_York
	K4N2	America/New_York
	K4N4	America/Chicago
	K4N7	America/New_York
	K4O1	America/Chicago
	K4O4	America/Chicago
	K4O5	America/Chicago
	K4O7	America/Chicago
	K4P3	America/Chicago
	K4R1	America/Chicago
	K4R3	America/Chicago
	K4R5	America/Chicago
	K4R6	America/Chicago
	K4R9	America/Chicago
	K4S2	America/Los_Angeles
	K4S4	America/Los_Angeles
	K4S5	America/Chicago
	K4S6	America/Los_Angeles
	K4S7	America/Los_Angeles
	K4S9	America/Los_Angeles
	K4T2	America/Chicago
	K4U6	America/Denver
	K4U7	America/Denver
	K4U9	America/Denver
	K4V1	America/Denver
	K4V4	America/Chicago
	K4V6	America/Denver
	K4V8	America/New_York
	K4V9	America/Chicago
	K4W0	America/Los_Angeles
	K4W4	America/New_York
	K4X4	America/Chicago
	K4Y4	America/Detroit
	K4Y8	America/Detroit
	K4Y9	America/Detroit
	K4Z5	America/Whitehorse
	K4Z9	America/Anchorage
	K50D	America/Menominee
	K50F	America/Chicago
	K50G	America/Detroit
	K50K	America/Chicago
	K50R	America/Chicago
	K50S	America/Boise
	K51A	America/New_York
	K51C	America/Detroit
	K51D	America/Chicago
	K51G	America/Detroit
	K51J	America/New_York
	K51K	America/Chicago
	K51M	America/Detroit
	K51R	America/Chicago
	K52A	America/New_York
	K52F	America/Chicago
	K52I	America/Detroit
	K52J	America/New_York
	K52K	America/Chicago
	K52S	America/Denver
	K52U	America/Boise
	K52Y	America/Chicago
	K53A	America/New_York
	K53K	America/Chicago
	K53T	America/Chicago
	K53U	America/Denver
	K53W	America/Detroit
	K54J	America/Chicago
	K54T	America/Chicago
	K54W	America/Chicago
	K55D	America/Detroit
	K55G	America/Detroit
	K55H	America/Boise
	K55I	America/New_York
	K55K	America/Chicago
	K55M	America/Chicago
	K55S	America/Los_Angeles
	K55T	America/Chicago
	K55Y	America/Chicago
	K56C	America/Detroit
	K56D	America/New_York
	K56F	America/Chicago
	K56S	America/Los_Angeles
	K57B	America/New_York
	K57C	America/Chicago
	K57D	America/Detroit
	K57S	America/Denver
	K58C	America/Chicago
	K58J	America/New_York
	K58M	America/New_York
	K58N	America/New_York
	K58S	America/Denver
	K58T	America/Chicago
	K59B	America/New_York
	K59M	America/Detroit
	K5A1	America/New_York
	K5A2	America/New_York
	K5A4	America/Chicago
	K5A6	America/Chicago
	K5A9	America/New_York
	K5B1	America/New_York
	K5B2	America/New_York
	K5B4	America/Chicago
	K5B5	America/Chicago
	K5B6	America/New_York
	K5B7	America/New_York
	K5B9	America/New_York
	K5BK	America/Anchorage
	K5C1	America/Chicago
	K5C8	America/Chicago
	K5D2	America/Chicago
	K5D5	America/Detroit
	K5D6	America/New_York
	K5D9	America/New_York
	K5E9	America/New_York
	K5F0	America/Chicago
	K5F1	America/Chicago
	K5F4	America/Chicago
	K5F5	America/Chicago
	K5G0	America/New_York
	K5G4	America/Chicago
	K5G7	America/New_York
	K5G8	America/New_York
	K5H4	America/Chicago
	K5HO	America/Anchorage
	K5I2	America/Indiana/Indianapolis
	K5I4	America/Indiana/Indianapolis
	K5I6	America/Indiana/Indianapolis
	K5J5	America/New_York
	K5J9	America/New_York
	K5K0	America/Chicago
	K5K1	America/Chicago
	K5K2	America/Denver
	K5K4	America/Chicago
	K5KS	America/Anchorage
	K5L0	America/Chicago
	K5M0	America/Chicago
	K5M1	America/Chicago
	K5M4	America/Chicago
	K5M5	America/Chicago
	K5M6	America/Detroit
	K5M8	America/Chicago
	K5MO	America/Chicago
	K5N4	America/Chicago
	K5N7	America/Detroit
	K5N8	America/Chicago
	K5O1	America/Chicago
	K5P2	America/Denver
	K5P5	America/Chicago
	K5QC	America/Nome
	K5R1	America/Chicago
	K5R2	America/Chicago
	K5R4	America/Chicago
	K5R7	America/Chicago
	K5R8	America/Chicago
	K5S0	America/Los_Angeles
	K5S1	America/Los_Angeles
	K5S2	America/Los_Angeles
	K5S4	America/Los_Angeles
	K5S5	America/Los_Angeles
	K5S6	America/Los_Angeles
	K5T4	America/Chicago
	K5U0	America/Denver
	K5U1	America/Denver
	K5U5	America/Denver
	K5U6	America/Denver
	K5U7	America/Denver
	K5U8	America/Denver
	K5V4	America/Denver
	K5V5	America/Denver
	K5V8	America/Denver
	K5W1	America/Los_Angeles
	K5W4	America/New_York
	K5W5	America/New_York
	K5Y1	America/Detroit
	K5Y2	America/Detroit
	K5Y3	America/Chicago
	K5Y7	America/Detroit
	K60C	America/Chicago
	K60D	America/Detroit
	K60F	America/Chicago
	K60G	America/Detroit
	K60J	America/New_York
	K60M	America/New_York
	K60R	America/Chicago
	K61A	America/Chicago
	K61C	America/Chicago
	K61D	America/Detroit
	K61K	America/Chicago
	K61R	America/Chicago
	K61S	America/Los_Angeles
	K62C	America/Chicago
	K62D	America/New_York
	K62K	America/Chicago
	K62S	America/Los_Angeles
	K63B	America/New_York
	K63C	America/Chicago
	K63F	America/Chicago
	K63K	America/Chicago
	K63M	America/Chicago
	K63S	America/Los_Angeles
	K63Y	America/Chicago
	K64G	America/Chicago
	K64I	America/Kentucky/Louisville
	K64S	America/Los_Angeles
	K64V	America/Chicago
	K65B	America/New_York
	K65G	America/Detroit
	K65J	America/New_York
	K65S	America/Los_Angeles
	K66B	America/New_York
	K66G	America/Detroit
	K66R	America/Chicago
	K66S	America/Los_Angeles
	K66V	America/Denver
	K66Y	America/Chicago
	K67R	America/Chicago
	K67S	America/Los_Angeles
	K67T	America/Chicago
	K68C	America/Chicago
	K68D	America/Los_Angeles
	K68F	America/Chicago
	K68R	America/Detroit
	K68S	America/Los_Angeles
	K68Y	America/Chicago
	K69G	America/Detroit
	K69K	America/Chicago
	K69N	America/New_York
	K69S	America/Vancouver
	K69V	America/Denver
	K6A1	America/New_York
	K6A2	America/New_York
	K6A4	America/New_York
	K6A6	America/Chicago
	K6AK	America/Anchorage
	K6B0	America/New_York
	K6B4	America/New_York
	K6B9	America/New_York
	K6CM	America/New_York
	K6D1	America/Chicago
	K6D3	America/Chicago
	K6D6	America/Detroit
	K6D7	America/New_York
	K6E5	America/Chicago
	K6F1	America/Chicago
	K6F7	America/Chicago
	K6G1	America/New_York
	K6G4	America/New_York
	K6G5	America/New_York
	K6G6	America/New_York
	K6G8	America/Detroit
	K6H4	America/Detroit
	K6H8	America/Chicago
	K6I2	America/New_York
	K6I4	America/Indiana/Indianapolis
	K6J0	America/New_York
	K6J2	America/New_York
	K6J4	America/New_York
	K6J6	America/New_York
	K6J7	America/New_York
	K6J8	America/New_York
	K6K2	America/Chicago
	K6K3	America/Chicago
	K6K4	America/Chicago
	K6K5	America/Los_Angeles
	K6K7	America/Chicago
	K6K9	America/Chicago
	K6KS	America/Chicago
	K6L3	America/Chicago
	K6L4	America/New_York
	K6L5	America/Chicago
	K6M0	America/Chicago
	K6M2	America/Chicago
	K6M6	America/Chicago
	K6M7	America/Chicago
	K6M8	America/Chicago
	K6P3	America/Chicago
	K6P7	America/New_York
	K6R1	America/Chicago
	K6R3	America/Chicago
	K6R5	America/Chicago
	K6R6	America/Chicago
	K6S0	America/Denver
	K6S1	America/Denver
	K6S3	America/Denver
	K6S4	America/Los_Angeles
	K6S6	America/Los_Angeles
	K6S8	America/Denver
	K6S9	America/Los_Angeles
	K6U5	America/Denver
	K6U6	America/Denver
	K6U7	America/Denver
	K6V0	America/Denver
	K6V4	America/Denver
	K6V5	America/Denver
	K6W0	America/New_York
	K6W4	America/New_York
	K6X0	America/Chicago
	K6X8	America/Chicago
	K6Y0	America/Detroit
	K6Y1	America/Detroit
	K6Y3	America/Detroit
	K6Y4	America/Detroit
	K6Y5	America/Detroit
	K6Y6	America/Detroit
	K6Y8	America/Detroit
	K6Y9	America/Detroit
	K70D	America/New_York
	K70J	America/New_York
	K70S	America/Los_Angeles
	K70T	America/Chicago
	K71J	America/Chicago
	K71K	America/Chicago
	K71N	America/New_York
	K72F	America/Chicago
	K72K	America/Chicago
	K72S	America/Los_Angeles
	K73C	America/Chicago
	K73F	America/Chicago
	K73G	America/Detroit
	K73S	America/Los_Angeles
	K74N	America/New_York
	K74P	America/Los_Angeles
	K74R	America/Chicago
	K74T	America/Chicago
	K75C	America/Los_Angeles
	K75G	America/Detroit
	K75J	America/New_York
	K75K	America/Chicago
	K76A	America/Chicago
	K76F	America/Chicago
	K76G	America/Detroit
	K76N	America/New_York
	K76T	America/Chicago
	K76V	America/Denver
	K76Z	America/Anchorage
	K77F	America/Chicago
	K77G	America/Detroit
	K77S	America/Los_Angeles
	K78A	America/New_York
	K78I	America/Indiana/Indianapolis
	K78R	America/Chicago
	K78Y	America/Chicago
	K79C	America/Chicago
	K79D	America/New_York
	K79J	America/Chicago
	K79S	America/Denver
	K7A0	America/Chicago
	K7A3	America/Chicago
	K7A5	America/Chicago
	K7A6	America/Chicago
	K7A8	America/New_York
	K7B2	America/New_York
	K7B3	America/New_York
	K7B4	America/New_York
	K7B6	America/New_York
	K7B9	America/New_York
	K7D3	America/Detroit
	K7D8	America/New_York
	K7F3	America/Chicago
	K7F7	America/Chicago
	K7G0	America/New_York
	K7G1	America/New_York
	K7G2	America/Chicago
	K7G8	America/New_York
	K7G9	America/Chicago
	K7I2	America/Indiana/Indianapolis
	K7I4	America/Indiana/Indianapolis
	K7K5	America/Chicago
	K7K7	America/Chicago
	K7KS	America/Chicago
	K7L2	America/Chicago
	K7L8	America/Indiana/Indianapolis
	K7M1	America/Chicago
	K7M2	America/Chicago
	K7M3	America/Chicago
	K7M4	America/Chicago
	K7M5	America/Chicago
	K7M6	America/Chicago
	K7M7	America/Chicago
	K7M8	America/Chicago
	K7M9	America/Chicago
	K7ME	America/New_York
	K7N1	America/New_York
	K7N4	America/Detroit
	K7N8	America/New_York
	K7NC	America/New_York
	K7P5	America/Chicago
	K7Q7	America/Chicago
	K7R9	America/Chicago
	K7S0	America/Denver
	K7S1	America/New_York
	K7S2	America/Denver
	K7S3	America/Los_Angeles
	K7S4	America/Boise
	K7S5	America/Los_Angeles
	K7S6	America/Denver
	K7S7	America/Denver
	K7S8	America/Denver
	K7S9	America/Los_Angeles
	K7T0	America/Chicago
	K7T7	America/Chicago
	K7U8	America/Denver
	K7V3	America/Chicago
	K7V5	America/Denver
	K7V7	America/Chicago
	K7V8	America/Denver
	K7V9	America/Denver
	K7W1	America/Los_Angeles
	K7W4	America/New_York
	K7W5	America/New_York
	K7W6	America/New_York
	K7Y2	America/Detroit
	K7Y3	America/Chicago
	K7Y4	America/Chicago
	K7Y9	America/Chicago
	K80A	America/Anchorage
	K80C	America/New_York
	K80D	America/Detroit
	K80G	America/New_York
	K80S	America/Denver
	K80T	America/Los_Angeles
	K80V	America/Denver
	K81B	America/New_York
	K81D	America/Chicago
	K81R	America/Chicago
	K82A	America/New_York
	K82C	America/Chicago
	K82J	America/Chicago
	K82V	America/Denver
	K83D	America/Detroit
	K83K	America/New_York
	K83V	America/Denver
	K84D	America/Denver
	K84R	America/Chicago
	K84Y	America/Chicago
	K85N	America/New_York
	K85U	America/Boise
	K86F	America/Chicago
	K87I	America/Chicago
	K87K	America/Chicago
	K87Y	America/Chicago
	K88C	America/Chicago
	K88D	America/New_York
	K88M	America/Denver
	K88R	America/Chicago
	K89D	America/New_York
	K8A1	America/Chicago
	K8A3	America/Chicago
	K8A7	America/New_York
	K8B0	America/New_York
	K8B1	America/New_York
	K8B2	America/New_York
	K8C2	America/Chicago
	K8C4	America/Chicago
	K8C5	America/Chicago
	K8C6	America/Chicago
	K8D1	America/Chicago
	K8D3	America/Chicago
	K8D4	America/Detroit
	K8D7	America/Chicago
	K8D8	America/Chicago
	K8D9	America/Chicago
	K8F3	America/Chicago
	K8F5	America/Chicago
	K8F6	America/Chicago
	K8G1	America/New_York
	K8G2	America/New_York
	K8G3	America/New_York
	K8G6	America/New_York
	K8G8	America/New_York
	K8GK	America/New_York
	K8I1	America/New_York
	K8I3	America/Indiana/Indianapolis
	K8J7	America/Chicago
	K8K0	America/Chicago
	K8K2	America/Chicago
	K8K8	America/Chicago
	K8KA	America/Anchorage
	K8KS	America/Chicago
	K8M1	America/Chicago
	K8M2	America/Chicago
	K8M6	America/Chicago
	K8M7	America/Chicago
	K8N1	America/New_York
	K8N2	America/Chicago
	K8N4	America/New_York
	K8N8	America/New_York
	K8S0	America/Denver
	K8S1	America/Denver
	K8S2	America/Los_Angeles
	K8S3	America/Los_Angeles
	K8S4	America/Los_Angeles
	K8SD	America/Chicago
	K8T6	America/Chicago
	K8T8	America/Chicago
	K8U0	America/Denver
	K8U1	America/Denver
	K8U2	America/Denver
	K8U3	America/Denver
	K8U4	America/Denver
	K8U6	America/Denver
	K8U8	America/Denver
	K8U9	America/Denver
	K8V2	America/Chicago
	K8V3	America/Chicago
	K8V6	America/Denver
	K8V7	America/Denver
	K8W2	America/New_York
	K8W3	America/Los_Angeles
	K8W5	America/Los_Angeles
	K8W9	America/Los_Angeles
	K8WC	America/Chicago
	K8Y5	America/Chicago
	K8Y6	America/Chicago
	K8Y8	America/Chicago
	K90F	America/Chicago
	K91C	America/Chicago
	K91F	America/Chicago
	K91N	America/Chicago
	K92C	America/Chicago
	K92F	America/Chicago
	K92G	America/New_York
	K93B	America/New_York
	K93C	America/Chicago
	K93F	America/Chicago
	K93M	America/Chicago
	K93Y	America/Chicago
	K94C	America/Chicago
	K94E	America/Denver
	K94K	America/Chicago
	K94R	America/Chicago
	K94Z	America/Nome
	K95D	America/North_Dakota/Beulah
	K95E	America/Denver
	K95F	America/Chicago
	K95Z	America/Anchorage
	K96D	America/Chicago
	K96G	America/Detroit
	K97G	America/Detroit
	K97M	America/Denver
	K97Y	America/Chicago
	K98D	America/Chicago
	K98G	America/Detroit
	K98M	America/New_York
	K99A	America/Chicago
	K99N	America/New_York
	K99V	America/Denver
	K9A0	America/New_York
	K9A4	America/Chicago
	K9A5	America/New_York
	K9A9	America/New_York
	K9AK	America/Anchorage
	K9B8	America/New_York
	K9C8	America/Detroit
	K9D0	America/Chicago
	K9D1	America/Chicago
	K9D2	America/Denver
	K9D4	America/New_York
	K9D7	America/Chicago
	K9D9	America/Detroit
	K9F0	America/Chicago
	K9F8	America/Chicago
	K9F9	America/Chicago
	K9G0	America/New_York
	K9G2	America/Detroit
	K9G3	America/New_York
	K9G5	America/New_York
	K9G6	America/New_York
	K9G8	America/New_York
	K9G9	America/Chicago
	K9I0	America/Chicago
	K9I3	America/New_York
	K9K0	America/Chicago
	K9K6	America/Chicago
	K9K7	America/Chicago
	K9K8	America/Chicago
	K9KS	America/Chicago
	K9L2	America/Los_Angeles
	K9M4	America/Chicago
	K9M6	America/Chicago
	K9M8	America/Chicago
	K9N1	America/New_York
	K9N3	America/New_York
	K9N7	America/New_York
	K9R5	America/Chicago
	K9S1	America/Chicago
	K9S2	America/Denver
	K9S3	America/Los_Angeles
	K9S4	America/Denver
	K9S5	America/Denver
	K9S7	America/Denver
	K9S9	America/Los_Angeles
	K9U0	America/Denver
	K9U1	America/Denver
	K9U7	America/Los_Angeles
	K9V5	America/Denver
	K9V6	America/Denver
	K9V7	America/Denver
	K9V9	America/Chicago
	K9VG	America/New_York
	K9W8	America/New_York
	K9W9	America/New_York
	K9Y0	America/Chicago
	K9Y1	America/Denver
	K9Y2	America/Chicago
	K9Y7	America/Chicago
	K9Z9	America/Anchorage
	KA05	America/Los_Angeles
	KA08	America/Chicago
	KA13	America/Anchorage
	KA20	America/Phoenix
	KA24	America/Los_Angeles
	KA26	America/Los_Angeles
	KA28	America/Los_Angeles
	KA30	America/Los_Angeles
	KA32	America/Los_Angeles
	KA34	America/Los_Angeles
	KA39	America/Phoenix
	KA51	America/New_York
	KA57	America/Yakutat
	KA67	America/Yakutat
	KA68	America/Yakutat
	KA69	America/Yakutat
	KA77	America/Anchorage
	KAAA	America/Chicago
	KAAO	America/Chicago
	KAAS	America/New_York
	KAAT	America/Los_Angeles
	KACJ	America/New_York
	KACP	America/Chicago
	KACQ	America/Chicago
	KACZ	America/New_York
	KADC	America/Chicago
	KADF	America/Chicago
	KADT	America/Chicago
	KADU	America/Chicago
	KAEG	America/Denver
	KAEJ	America/Denver
	KAFK	America/Chicago
	KAFP	America/New_York
	KAGR	America/New_York
	KAGZ	America/Chicago
	KAHQ	America/Chicago
	KAIB	America/Denver
	KAIG	America/Chicago
	KAIT	America/Chicago
	KAJG	America/Chicago
	KAJO	America/Los_Angeles
	KAJR	America/New_York
	KAJZ	America/Denver
	KAK0	America/Anchorage
	KAK1	America/Anchorage
	KAKH	America/New_York
	KAKQ	America/New_York
	KAMG	America/New_York
	KAMT	America/New_York
	KANE	America/Chicago
	KANG	Pacific/Palau
	KAOC	America/Boise
	KAOV	America/Chicago
	KAPS	America/Chicago
	KAPY	America/Chicago
	KAQO	America/Chicago
	KAQP	America/Chicago
	KAQR	America/Chicago
	KAQW	America/New_York
	KAQX	America/New_York
	KASD	America/Chicago
	KASJ	America/New_York
	KASW	America/New_York
	KATA	America/Chicago
	KAUH	America/Chicago
	KAVC	America/New_York
	KAVK	America/Chicago
	KAWG	America/Chicago
	KAWO	America/Los_Angeles
	KAXH	America/Chicago
	KAXQ	America/New_York
	KAYX	America/Chicago
	KAZC	America/Phoenix
	KAZE	America/New_York
	KAZU	America/Chicago
	KB04	America/New_York
	KB06	America/New_York
	KB10	America/New_York
	KB16	America/New_York
	KB19	America/New_York
	KB21	America/New_York
	KB70	America/Denver
	KBAC	America/Chicago
	KBAX	America/Detroit
	KBAZ	America/Chicago
	KBB0	America/Denver
	KBCK	America/Chicago
	KBCR	America/Chicago
	KBDJ	America/Chicago
	KBDN	America/Los_Angeles
	KBDQ	America/Chicago
	KBEA	America/Chicago
	KBFA	America/Detroit
	KBFE	America/Chicago
	KBFK	America/Chicago
	KBFZ	America/Chicago
	KBGF	America/Chicago
	KBHC	America/New_York
	KBHK	America/Denver
	KBIJ	America/New_York
	KBIV	America/Detroit
	KBKS	America/Chicago
	KBKV	America/New_York
	KBMQ	America/Chicago
	KBQ1	America/New_York
	KBQP	America/Chicago
	KBQR	America/New_York
	KBRG	America/Denver
	KBST	America/New_York
	KBTA	America/Chicago
	KBUU	America/Chicago
	KBUY	America/New_York
	KBVN	America/Chicago
	KBW8	America/Denver
	KBWW	America/Denver
	KBXG	America/New_York
	KBYL	America/New_York
	KC01	America/New_York
	KC03	America/Indiana/Indianapolis
	KC04	America/Detroit
	KC08	America/Denver
	KC09	America/Chicago
	KC11	America/Chicago
	KC15	America/Chicago
	KC16	America/Chicago
	KC17	America/Chicago
	KC20	America/Detroit
	KC23	Pacific/Palau
	KC24	America/Denver
	KC25	America/Chicago
	KC27	America/Chicago
	KC29	America/Chicago
	KC30	Pacific/Majuro
	KC35	America/Chicago
	KC37	America/Chicago
	KC40	America/Indiana/Indianapolis
	KC43	America/Detroit
	KC44	America/New_York
	KC47	America/Chicago
	KC48	America/Boise
	KC51	Pacific/Majuro
	KC53	America/Boise
	KC55	America/Chicago
	KC56	America/Chicago
	KC57	America/Detroit
	KC59	America/Chicago
	KC62	America/Indiana/Indianapolis
	KC64	America/Denver
	KC65	America/Indiana/Indianapolis
	KC66	America/Chicago
	KC71	America/Chicago
	KC73	America/Chicago
	KC74	America/Chicago
	KC75	America/Chicago
	KC77	America/Chicago
	KC81	America/Chicago
	KC82	America/Chicago
	KC83	America/Los_Angeles
	KC88	America/Detroit
	KC89	America/Chicago
	KC91	America/Detroit
	KC92	America/Indiana/Indianapolis
	KC97	America/Chicago
	KC98	America/Chicago
	KCAV	America/Chicago
	KCBG	America/Chicago
	KCCA	America/Chicago
	KCCO	America/New_York
	KCDI	America/New_York
	KCEK	America/Chicago
	KCFE	America/Chicago
	KCFJ	America/Indiana/Indianapolis
	KCFO	America/Denver
	KCGC	America/New_York
	KCHD	America/Phoenix
	KCHN	America/New_York
	KCHQ	America/Chicago
	KCHT	America/Chicago
	KCHU	America/Chicago
	KCII	America/Denver
	KCJJ	America/Chicago
	KCJR	America/New_York
	KCKF	America/New_York
	KCKI	America/New_York
	KCKP	America/Chicago
	KCKZ	America/New_York
	KCMA	America/Los_Angeles
	KCMD	America/Chicago
	KCMR	America/Phoenix
	KCNB	America/Chicago
	KCNC	America/Chicago
	KCNI	America/New_York
	KCNP	America/Denver
	KCO4	America/Denver
	KCOQ	America/Chicago
	KCPC	America/New_York
	KCPF	America/New_York
	KCPK	America/New_York
	KCPP	America/New_York
	KCPT	America/Chicago
	KCPU	America/Los_Angeles
	KCQA	America/New_York
	KCQB	America/Chicago
	KCQF	America/Chicago
	KCQM	America/Chicago
	KCQX	America/New_York
	KCRZ	America/Chicago
	KCSB	America/Chicago
	KCSR	America/Anchorage
	KCTJ	America/New_York
	KCUL	America/Chicago
	KCUT	America/Denver
	KCVB	America/Chicago
	KCVC	America/New_York
	KCVX	America/New_York
	KCW0	America/Denver
	KCWV	America/New_York
	KCXE	America/New_York
	KCXU	America/New_York
	KCXW	America/Chicago
	KCYO	America/New_York
	KCYW	America/Chicago
	KCZD	America/Chicago
	KCZG	America/New_York
	KCZL	America/New_York
	KD00	America/Chicago
	KD02	America/Chicago
	KD03	America/Chicago
	KD05	America/Chicago
	KD06	America/Chicago
	KD07	America/Denver
	KD09	America/Chicago
	KD11	America/Detroit
	KD14	America/Chicago
	KD15	America/Detroit
	KD17	America/Denver
	KD20	America/Detroit
	KD23	America/New_York
	KD24	America/Chicago
	KD25	America/Chicago
	KD29	America/Chicago
	KD31	America/Chicago
	KD32	America/Chicago
	KD37	America/Chicago
	KD39	America/Chicago
	KD41	America/Chicago
	KD42	America/Chicago
	KD47	America/Boise
	KD49	America/Regina
	KD50	America/Chicago
	KD51	America/New_York
	KD52	America/New_York
	KD54	America/Chicago
	KD55	America/Chicago
	KD56	America/Chicago
	KD57	America/North_Dakota/New_Salem
	KD58	America/Denver
	KD59	America/New_York
	KD61	America/Chicago
	KD63	America/Los_Angeles
	KD64	America/Chicago
	KD65	America/Chicago
	KD73	America/New_York
	KD74	America/New_York
	KD79	America/New_York
	KD81	America/Chicago
	KD82	America/New_York
	KD83	America/Los_Angeles
	KD86	America/Los_Angeles
	KD88	America/New_York
	KD90	America/Detroit
	KD91	America/New_York
	KD95	America/Detroit
	KD98	America/Detroit
	KD99	America/Detroit
	KDAF	America/Chicago
	KDAW	America/New_York
	KDCM	America/New_York
	KDCY	America/Indiana/Vincennes
	KDDH	America/New_York
	KDDT	America/Anchorage
	KDED	America/New_York
	KDEQ	America/Chicago
	KDEW	America/Los_Angeles
	KDIJ	America/Boise
	KDKB	America/Chicago
	KDKR	America/Chicago
	KDKX	America/New_York
	KDLL	America/Chicago
	KDLO	America/Los_Angeles
	KDLZ	America/New_York
	KDMW	America/New_York
	KDNA	America/Denver
	KDPL	America/New_York
	KDQH	America/New_York
	KDRP	America/Chicago
	KDTG	America/Chicago
	KDTO	America/Chicago
	KDUB	America/Denver
	KDUH	America/Detroit
	KDUX	America/Chicago
	KDVK	America/New_York
	KDWA	America/Los_Angeles
	KDWU	America/New_York
	KDWX	America/Denver
	KDXE	America/Chicago
	KDXX	America/Chicago
	KDYA	America/Chicago
	KDYB	America/New_York
	KDYR	America/Chicago
	KDYT	America/Chicago
	KDZB	America/Chicago
	KDZJ	America/New_York
	KE02	America/Denver
	KE05	America/Denver
	KE06	America/Denver
	KE11	America/Chicago
	KE16	America/Los_Angeles
	KE19	America/Chicago
	KE25	America/Phoenix
	KE26	America/Denver
	KE30	America/Chicago
	KE32	America/Denver
	KE34	America/Chicago
	KE35	America/Denver
	KE36	America/Los_Angeles
	KE37	America/Phoenix
	KE40	America/New_York
	KE41	America/Chicago
	KE42	America/Chicago
	KE45	America/Los_Angeles
	KE48	America/Chicago
	KE52	America/Chicago
	KE53	America/Detroit
	KE55	America/Los_Angeles
	KE57	America/Chicago
	KE58	America/Chicago
	KE60	America/Phoenix
	KE63	America/Phoenix
	KE67	America/Phoenix
	KE70	America/Chicago
	KE77	America/Phoenix
	KE78	America/Phoenix
	KE79	America/Los_Angeles
	KE81	America/Phoenix
	KE85	America/Boise
	KE89	America/Denver
	KE91	America/Denver
	KE92	America/Denver
	KE94	America/Denver
	KE95	America/Phoenix
	KE98	America/Denver
	KEAG	America/Chicago
	KEBA	America/New_York
	KEBD	America/New_York
	KEBG	America/Chicago
	KECU	America/Chicago
	KEDJ	America/New_York
	KEDU	America/Los_Angeles
	KEEO	America/Denver
	KEET	America/Chicago
	KEFC	America/Denver
	KEFT	America/Chicago
	KEGQ	America/Chicago
	KEGT	America/Chicago
	KEHA	America/Chicago
	KEHO	America/New_York
	KEHR	America/Chicago
	KEIK	America/Denver
	KEIW	America/Chicago
	KEKQ	America/Kentucky/Monticello
	KEKS	America/Denver
	KEKY	America/Chicago
	KEMV	America/New_York
	KEOD	America/Chicago
	KEOE	America/New_York
	KEOP	America/New_York
	KEPM	America/New_York
	KEQY	America/New_York
	KERY	America/New_York
	KETC	America/New_York
	KETH	America/Chicago
	KEUL	America/Boise
	KEVB	America/New_York
	KEVU	America/Chicago
	KEVY	America/New_York
	KEXX	America/New_York
	KEYE	America/Indiana/Indianapolis
	KEYF	America/New_York
	KEZF	America/New_York
	KEZI	America/Chicago
	KEZM	America/New_York
	KEZS	America/Chicago
	KEZZ	America/Chicago
	KF00	America/Chicago
	KF01	America/Chicago
	KF06	America/Chicago
	KF08	America/Chicago
	KF09	America/Chicago
	KF10	America/Chicago
	KF13	America/New_York
	KF14	America/Chicago
	KF17	America/Chicago
	KF21	America/Chicago
	KF22	America/Chicago
	KF30	America/Chicago
	KF32	America/Chicago
	KF34	America/Los_Angeles
	KF35	America/Chicago
	KF36	America/Chicago
	KF37	America/Denver
	KF41	America/Chicago
	KF43	America/Chicago
	KF44	America/Chicago
	KF45	America/New_York
	KF46	America/Chicago
	KF47	America/New_York
	KF49	America/Chicago
	KF51	America/Chicago
	KF53	America/Chicago
	KF56	America/Chicago
	KF62	America/Los_Angeles
	KF68	America/Chicago
	KF69	America/Chicago
	KF72	America/Los_Angeles
	KF75	America/Chicago
	KF78	America/Chicago
	KF81	America/Chicago
	KF82	America/Chicago
	KF85	America/Chicago
	KF86	America/Chicago
	KF87	America/Chicago
	KF88	America/Chicago
	KF89	America/Chicago
	KF92	America/Chicago
	KF95	America/Chicago
	KF98	America/Chicago
	KF99	America/Chicago
	KFCI	America/New_York
	KFDW	America/New_York
	KFFC	America/New_York
	KFFX	America/Detroit
	KFGU	America/New_York
	KFGX	America/New_York
	KFHB	America/New_York
	KFIG	America/New_York
	KFIN	America/New_York
	KFIT	America/New_York
	KFKA	America/Chicago
	KFKR	America/Indiana/Indianapolis
	KFKS	America/Detroit
	KFLY	America/Denver
	KFMM	America/Denver
	KFMZ	America/Chicago
	KFNB	America/Chicago
	KFOA	America/Chicago
	KFOT	America/Los_Angeles
	KFOZ	America/Chicago
	KFPK	America/Detroit
	KFQD	America/New_York
	KFSE	America/Chicago
	KFSO	America/New_York
	KFTT	America/Chicago
	KFVX	America/New_York
	KFWB	America/Chicago
	KFWC	America/Chicago
	KFWN	America/New_York
	KFWQ	America/New_York
	KFWS	America/Chicago
	KFYE	America/Chicago
	KFYG	America/Chicago
	KFYJ	America/New_York
	KFZG	America/New_York
	KFZI	America/New_York
	KFZY	America/New_York
	KG05	America/New_York
	KGA2	America/New_York
	KGAF	America/Chicago
	KGAO	America/Chicago
	KGAS	America/New_York
	KGAX	America/Phoenix
	KGCM	America/Chicago
	KGCT	America/Chicago
	KGDA	America/Chicago
	KGDB	America/Chicago
	KGDJ	America/Chicago
	KGDK	America/New_York
	KGEO	America/New_York
	KGEU	America/Phoenix
	KGEV	America/New_York
	KGEZ	America/Indiana/Indianapolis
	KGFZ	America/Chicago
	KGGF	America/Denver
	KGGI	America/Chicago
	KGGP	America/Indiana/Indianapolis
	KGHG	America/New_York
	KGHW	America/Chicago
	KGKY	America/Chicago
	KGLY	America/Chicago
	KGMJ	America/Chicago
	KGNB	America/Denver
	KGNC	America/Chicago
	KGNF	America/Chicago
	KGOO	America/Los_Angeles
	KGOP	America/Chicago
	KGOV	America/Detroit
	KGPC	America/Indiana/Indianapolis
	KGPH	America/Chicago
	KGPM	America/Chicago
	KGTB	America/New_York
	KGTE	America/Chicago
	KGTU	America/Chicago
	KGUR	America/Denver
	KGVQ	America/New_York
	KGWB	America/Indiana/Indianapolis
	KGWR	America/Chicago
	KGWW	America/New_York
	KGXF	America/Phoenix
	KGYB	America/Chicago
	KGYL	America/Chicago
	KGZH	America/Chicago
	KGZL	America/Chicago
	KGZN	America/Chicago
	KGZS	America/Chicago
	KH04	America/Chicago
	KH05	America/Chicago
	KH07	America/Chicago
	KH17	America/Chicago
	KH19	America/Chicago
	KH28	America/Edmonton
	KH34	America/Chicago
	KH35	America/Chicago
	KH37	America/Los_Angeles
	KH47	America/Los_Angeles
	KH57	America/Chicago
	KH58	America/Chicago
	KH66	America/Chicago
	KH68	America/Chicago
	KH70	America/Chicago
	KH71	America/Chicago
	KH75	America/Chicago
	KH76	America/Chicago
	KH79	America/Chicago
	KH80	America/Detroit
	KH81	America/Chicago
	KH88	America/Chicago
	KH92	America/Chicago
	KH96	America/Chicago
	KH97	America/Chicago
	KHAD	America/Denver
	KHAE	America/Chicago
	KHBC	America/Chicago
	KHBE	America/Indiana/Indianapolis
	KHBI	America/New_York
	KHBV	America/Chicago
	KHBZ	America/Chicago
	KHCD	America/Chicago
	KHCO	America/Chicago
	KHCR	America/Denver
	KHDC	America/Chicago
	KHDL	America/Chicago
	KHDO	America/Chicago
	KHEG	America/New_York
	KHEI	America/Denver
	KHEQ	America/Denver
	KHES	America/Los_Angeles
	KHFJ	America/Chicago
	KHFY	America/Indiana/Indianapolis
	KHHF	America/Chicago
	KHHG	America/Indiana/Indianapolis
	KHIG	America/Chicago
	KHJH	America/Chicago
	KHJO	America/Los_Angeles
	KHLX	America/New_York
	KHMP	America/New_York
	KHMZ	America/New_York
	KHNR	America/Chicago
	KHNZ	America/New_York
	KHOC	America/New_York
	KHOE	America/New_York
	KHQG	America/Chicago
	KHQU	America/New_York
	KHQZ	America/Chicago
	KHRF	America/Denver
	KHRJ	America/New_York
	KHRT	America/Chicago
	KHRU	America/Chicago
	KHRX	America/Chicago
	KHSA	America/Chicago
	KHSD	America/Chicago
	KHSR	America/Denver
	KHTF	America/New_York
	KHVC	America/Chicago
	KHWQ	America/Denver
	KHWY	America/New_York
	KHXF	America/Chicago
	KHYI	America/Chicago
	KHYW	America/New_York
	KHYX	America/Detroit
	KHZD	America/Chicago
	KHZE	America/North_Dakota/Beulah
	KHZR	America/Chicago
	KHZX	America/Chicago
	KI06	America/Chicago
	KI08	America/Boise
	KI10	America/New_York
	KI16	America/New_York
	KI17	America/New_York
	KI18	America/New_York
	KI22	America/Indiana/Indianapolis
	KI23	America/New_York
	KI27	America/Chicago
	KI34	America/Indiana/Indianapolis
	KI35	America/New_York
	KI40	America/New_York
	KI41	America/New_York
	KI42	America/Indiana/Indianapolis
	KI44	America/New_York
	KI45	America/Los_Angeles
	KI50	America/New_York
	KI54	America/New_York
	KI61	America/Indiana/Indianapolis
	KI63	America/Chicago
	KI64	America/New_York
	KI66	America/New_York
	KI67	America/New_York
	KI68	America/New_York
	KI69	America/New_York
	KI71	America/New_York
	KI72	America/Indiana/Indianapolis
	KI73	America/New_York
	KI74	America/New_York
	KI75	America/Chicago
	KI76	America/Indiana/Indianapolis
	KI80	America/Indiana/Indianapolis
	KI83	America/Indiana/Indianapolis
	KI86	America/New_York
	KI91	America/Chicago
	KI92	America/Boise
	KI93	America/Chicago
	KI95	America/New_York
	KI96	America/Chicago
	KI99	America/Indiana/Indianapolis
	KIA8	America/Chicago
	KIBM	America/Denver
	KIBN	America/Anchorage
	KICR	America/Chicago
	KID8	America/Boise
	KIDL	America/Chicago
	KIER	America/Chicago
	KIGQ	America/Chicago
	KIIB	America/Chicago
	KIIY	America/New_York
	KIJD	America/New_York
	KIKG	America/Chicago
	KIKV	America/Chicago
	KIKW	America/Detroit
	KINF	America/New_York
	KINJ	America/Chicago
	KIOB	America/New_York
	KIPJ	America/New_York
	KISB	America/Chicago
	KITR	America/Denver
	KIUA	America/New_York
	KIWH	America/Indiana/Indianapolis
	KIYA	America/Chicago
	KJAQ	America/Los_Angeles
	KJAU	America/New_York
	KJCA	America/New_York
	KJDD	America/Chicago
	KJER	America/Boise
	KJES	America/New_York
	KJFX	America/Chicago
	KJFZ	America/New_York
	KJGG	America/New_York
	KJHN	America/Chicago
	KJKJ	America/Chicago
	KJKL	America/New_York
	KJMR	America/Chicago
	KJNX	America/New_York
	KJQD	America/Chicago
	KJRO	America/New_York
	KJSV	America/Chicago
	KJSY	America/Los_Angeles
	KJTC	America/Phoenix
	KJVW	America/Chicago
	KJVY	America/Kentucky/Louisville
	KJWG	America/Chicago
	KJWN	America/Chicago
	KJWY	America/Chicago
	KJXI	America/Chicago
	KJYG	America/Chicago
	KJYL	America/New_York
	KJYM	America/Detroit
	KJYO	America/New_York
	KJYR	America/Chicago
	KJZI	America/New_York
	KJZP	America/New_York
	KK01	America/Chicago
	KK06	America/Chicago
	KK07	America/Chicago
	KK08	America/Denver
	KK09	America/New_York
	KK15	America/Chicago
	KK16	America/New_York
	KK17	America/Chicago
	KK19	America/Chicago
	KK22	America/Chicago
	KK24	America/Chicago
	KK26	America/Chicago
	KK30	America/New_York
	KK31	America/New_York
	KK33	America/Chicago
	KK34	America/Chicago
	KK38	America/Chicago
	KK43	America/Chicago
	KK44	America/Chicago
	KK49	America/Chicago
	KK50	America/Chicago
	KK51	America/Chicago
	KK52	America/Chicago
	KK55	America/Anchorage
	KK57	America/Chicago
	KK58	America/Chicago
	KK59	America/Chicago
	KK61	America/Chicago
	KK62	America/New_York
	KK63	America/Chicago
	KK64	America/Chicago
	KK65	America/Chicago
	KK67	America/Chicago
	KK68	America/Chicago
	KK71	America/Chicago
	KK74	America/Chicago
	KK75	America/Chicago
	KK77	America/Chicago
	KK78	America/Chicago
	KK79	America/Chicago
	KK81	America/Chicago
	KK82	America/Chicago
	KK83	America/Chicago
	KK87	America/Chicago
	KK88	America/Chicago
	KK89	America/Chicago
	KK91	America/Chicago
	KK94	America/Chicago
	KK96	America/Chicago
	KK98	America/Chicago
	KKY8	America/Chicago
	KL00	America/Los_Angeles
	KL05	America/Los_Angeles
	KL09	America/Los_Angeles
	KL17	America/Los_Angeles
	KL18	America/Los_Angeles
	KL19	America/Los_Angeles
	KL20	America/Anchorage
	KL22	America/Los_Angeles
	KL23	America/Los_Angeles
	KL25	America/Phoenix
	KL26	America/Los_Angeles
	KL31	America/Chicago
	KL32	America/Chicago
	KL33	America/Chicago
	KL36	America/Los_Angeles
	KL39	America/Chicago
	KL45	America/Los_Angeles
	KL51	America/Denver
	KL52	America/Los_Angeles
	KL53	America/Los_Angeles
	KL61	America/Los_Angeles
	KL62	America/Los_Angeles
	KL65	America/Los_Angeles
	KL66	America/Chicago
	KL70	America/Los_Angeles
	KL71	America/Los_Angeles
	KL73	America/Los_Angeles
	KL77	America/Los_Angeles
	KL78	America/Los_Angeles
	KL80	America/Los_Angeles
	KL83	America/Chicago
	KL88	America/Los_Angeles
	KL90	America/Los_Angeles
	KL92	America/Los_Angeles
	KL94	America/Los_Angeles
	KLA3	America/Chicago
	KLBO	America/Chicago
	KLBR	America/Chicago
	KLC0	America/Denver
	KLCG	America/Chicago
	KLHB	America/Chicago
	KLHM	America/Los_Angeles
	KLHQ	America/New_York
	KLHX	America/Denver
	KLIU	America/Chicago
	KLJF	America/Chicago
	KLKR	America/New_York
	KLLN	America/Chicago
	KLLQ	America/Chicago
	KLLR	America/Los_Angeles
	KLLU	America/Chicago
	KLMO	America/Denver
	KLNC	America/Chicago
	KLNL	America/Chicago
	KLPR	America/New_York
	KLQR	America/Chicago
	KLRG	America/New_York
	KLRO	America/New_York
	KLRY	America/Chicago
	KLTY	America/Denver
	KLUA	America/New_York
	KLUD	America/Chicago
	KLUG	America/Chicago
	KLUM	America/Chicago
	KLUV	America/Chicago
	KLUX	America/New_York
	KLVJ	America/Chicago
	KLVN	America/Chicago
	KLWA	America/New_York
	KLWD	America/Chicago
	KLXL	America/Chicago
	KLXT	America/Chicago
	KLXY	America/Chicago
	KLYV	America/Chicago
	KLZD	America/New_York
	KLZZ	America/Chicago
	KM01	America/Chicago
	KM02	America/Chicago
	KM04	America/Chicago
	KM05	America/Chicago
	KM08	America/Chicago
	KM10	America/Denver
	KM11	America/Chicago
	KM12	America/Chicago
	KM15	America/Chicago
	KM17	America/Chicago
	KM18	America/Chicago
	KM19	America/Chicago
	KM20	America/Chicago
	KM21	America/Chicago
	KM22	America/Chicago
	KM23	America/Chicago
	KM24	America/Chicago
	KM25	America/Chicago
	KM27	America/Chicago
	KM28	America/Chicago
	KM29	America/Chicago
	KM30	America/Chicago
	KM32	America/Chicago
	KM34	America/Chicago
	KM36	America/Chicago
	KM37	America/Chicago
	KM38	America/Chicago
	KM40	America/Chicago
	KM41	America/Chicago
	KM42	America/Denver
	KM43	America/Chicago
	KM44	America/Chicago
	KM45	America/Los_Angeles
	KM46	America/Denver
	KM48	America/Chicago
	KM50	America/Los_Angeles
	KM51	America/Chicago
	KM53	America/Chicago
	KM54	America/Chicago
	KM55	America/Chicago
	KM59	America/Chicago
	KM60	America/Chicago
	KM61	America/Detroit
	KM64	America/Chicago
	KM66	America/Chicago
	KM70	America/Chicago
	KM71	America/Chicago
	KM72	America/Chicago
	KM73	America/Chicago
	KM74	America/Chicago
	KM77	America/Chicago
	KM78	America/Chicago
	KM79	America/Chicago
	KM80	America/Chicago
	KM83	America/Chicago
	KM85	America/Chicago
	KM86	America/Detroit
	KM91	America/Chicago
	KM93	America/Chicago
	KM94	America/Los_Angeles
	KM95	America/Chicago
	KM99	America/Detroit
	KMAI	America/New_York
	KMAL	America/New_York
	KMAN	America/Boise
	KMAO	America/New_York
	KMBT	America/Chicago
	KMCX	America/Indiana/Indianapolis
	KMCZ	America/New_York
	KMD1	America/New_York
	KMDF	America/Chicago
	KMDQ	America/Chicago
	KME2	America/New_York
	KME5	America/New_York
	KME6	America/New_York
	KMEJ	America/Chicago
	KMEY	America/Chicago
	KMGG	America/Chicago
	KMGN	America/Detroit
	KMHP	America/New_York
	KMI1	America/Detroit
	KMJD	America/Chicago
	KMKA	America/Chicago
	KMKJ	America/New_York
	KMKN	America/Chicago
	KMKS	America/New_York
	KMKV	America/Chicago
	KMMK	America/New_York
	KMMV	America/Los_Angeles
	KMNE	America/Chicago
	KMNF	America/Chicago
	KMNI	America/New_York
	KMNV	America/New_York
	KMNZ	America/Chicago
	KMO1	America/Chicago
	KMO2	America/Chicago
	KMO3	America/Chicago
	KMO5	America/Chicago
	KMO8	America/Chicago
	KMO9	America/Chicago
	KMPE	America/Chicago
	KMPG	America/New_York
	KMQJ	America/Indiana/Indianapolis
	KMRH	America/New_York
	KMRJ	America/Chicago
	KMRT	America/New_York
	KMS9	America/Chicago
	KMT3	America/Denver
	KMTV	America/New_York
	KMVI	America/Denver
	KMVM	America/New_York
	KMWK	America/New_York
	KMYJ	America/Chicago
	KMYZ	America/Chicago
	KMZH	America/Chicago
	KN05	America/New_York
	KN06	America/New_York
	KN07	America/New_York
	KN08	America/New_York
	KN12	America/New_York
	KN13	America/New_York
	KN14	America/New_York
	KN15	America/Los_Angeles
	KN16	America/New_York
	KN17	America/Denver
	KN18	Pacific/Majuro
	KN19	America/Denver
	KN20	Pacific/Majuro
	KN22	America/New_York
	KN24	America/Denver
	KN25	America/New_York
	KN26	America/New_York
	KN27	America/New_York
	KN29	America/Denver
	KN30	America/New_York
	KN35	America/New_York
	KN36	Pacific/Majuro
	KN38	America/New_York
	KN40	America/New_York
	KN41	America/New_York
	KN43	America/New_York
	KN45	America/New_York
	KN47	America/New_York
	KN49	America/Los_Angeles
	KN51	America/New_York
	KN52	America/New_York
	KN55	Pacific/Majuro
	KN56	America/New_York
	KN57	America/New_York
	KN58	America/Los_Angeles
	KN59	America/Los_Angeles
	KN61	America/New_York
	KN63	America/New_York
	KN68	America/New_York
	KN69	America/New_York
	KN71	America/New_York
	KN72	America/New_York
	KN74	America/New_York
	KN79	America/New_York
	KN81	America/New_York
	KN82	America/New_York
	KN83	America/New_York
	KN85	America/New_York
	KN87	America/New_York
	KN88	America/New_York
	KN89	America/New_York
	KN92	America/New_York
	KN94	America/New_York
	KN96	America/New_York
	KN97	America/New_York
	KN98	America/Detroit
	KNBC	America/New_York
	KNC2	America/New_York
	KNCA	America/New_York
	KNDZ	America/Chicago
	KNFD	America/Chicago
	KNFE	America/New_York
	KNFG	America/Los_Angeles
	KNFJ	America/Chicago
	KNGS	America/Chicago
	KNGT	America/Chicago
	KNHU	America/New_York
	KNID	America/Los_Angeles
	KNJM	America/New_York
	KNJW	America/Chicago
	KNKT	America/New_York
	KNM2	America/Denver
	KNMM	America/Chicago
	KNOG	America/Chicago
	KNOW	America/Los_Angeles
	KNRA	America/Los_Angeles
	KNRN	America/Chicago
	KNRQ	America/Chicago
	KNSI	America/Los_Angeles
	KNUC	America/Los_Angeles
	KNUI	America/New_York
	KNWL	America/Chicago
	KNXP	America/Los_Angeles
	KNY0	America/New_York
	KNY1	America/New_York
	KO05	America/Los_Angeles
	KO08	America/Los_Angeles
	KO09	America/Los_Angeles
	KO13	America/Chicago
	KO15	America/Los_Angeles
	KO16	America/Los_Angeles
	KO18	America/Chicago
	KO20	America/Los_Angeles
	KO21	America/Los_Angeles
	KO24	America/Los_Angeles
	KO26	America/Los_Angeles
	KO28	America/Los_Angeles
	KO29	America/Los_Angeles
	KO32	America/Los_Angeles
	KO33	America/Los_Angeles
	KO35	America/Chicago
	KO37	America/Los_Angeles
	KO38	America/Chicago
	KO39	America/Los_Angeles
	KO41	America/Los_Angeles
	KO42	America/Los_Angeles
	KO44	America/Chicago
	KO45	America/Chicago
	KO46	America/Los_Angeles
	KO47	America/Chicago
	KO48	America/Los_Angeles
	KO52	America/Los_Angeles
	KO53	America/Chicago
	KO54	America/Los_Angeles
	KO55	America/Los_Angeles
	KO57	America/Los_Angeles
	KO59	America/Los_Angeles
	KO60	America/Los_Angeles
	KO61	America/Los_Angeles
	KO62	America/Los_Angeles
	KO65	America/Chicago
	KO68	America/Los_Angeles
	KO69	America/Los_Angeles
	KO79	America/Los_Angeles
	KO81	America/Los_Angeles
	KO86	America/Los_Angeles
	KO88	America/Los_Angeles
	KO89	America/Los_Angeles
	KOBI	America/New_York
	KOCQ	America/Chicago
	KODX	America/Chicago
	KOEB	America/New_York
	KOEL	America/Chicago
	KOFP	America/New_York
	KOGM	America/Detroit
	KOIN	America/Chicago
	KOJA	America/Chicago
	KOK1	America/Chicago
	KOK2	America/Chicago
	KOKZ	America/New_York
	KOLG	America/Chicago
	KOLZ	America/Chicago
	KOMH	America/New_York
	KOMN	America/New_York
	KONX	America/New_York
	KONZ	America/Detroit
	KOPN	America/New_York
	KOQN	America/New_York
	KOQW	America/Chicago
	KOR8	America/Los_Angeles
	KOR9	America/Los_Angeles
	KORB	America/Chicago
	KORE	America/New_York
	KORG	America/Chicago
	KORK	America/Chicago
	KOVL	America/Chicago
	KOVO	America/Indiana/Indianapolis
	KOVS	America/Chicago
	KOWI	America/Chicago
	KOWP	America/Chicago
	KOWX	America/New_York
	KOXI	America/Indiana/Knox
	KOXV	America/Chicago
	KOZS	America/Chicago
	KOZW	America/Detroit
	KP01	America/Phoenix
	KP03	America/Phoenix
	KP08	America/Phoenix
	KP16	Pacific/Kiritimati
	KP17	America/New_York
	KP19	America/Phoenix
	KP20	America/Phoenix
	KP23	America/Phoenix
	KP29	America/Phoenix
	KP34	America/New_York
	KP45	America/New_York
	KP91	America/New_York
	KP96	America/New_York
	KPBH	America/Chicago
	KPCD	America/Chicago
	KPCM	America/New_York
	KPCW	America/New_York
	KPCZ	America/Chicago
	KPEA	America/Chicago
	KPEO	America/New_York
	KPEX	America/Chicago
	KPEZ	America/Chicago
	KPG1	America/New_York
	KPHG	America/Chicago
	KPIL	America/Chicago
	KPJC	America/New_York
	KPJY	America/Chicago
	KPKV	America/Chicago
	KPLD	America/Indiana/Indianapolis
	KPLU	America/Los_Angeles
	KPMU	America/Chicago
	KPMV	America/Chicago
	KPMZ	America/New_York
	KPNM	America/Chicago
	KPNT	America/Chicago
	KPO1	America/Denver
	KPOV	America/New_York
	KPPQ	America/Chicago
	KPQN	America/Chicago
	KPRG	America/Chicago
	KPRN	America/Chicago
	KPRS	America/Chicago
	KPRZ	America/Denver
	KPTD	America/New_York
	KPUJ	America/New_York
	KPVB	America/Chicago
	KPVE	America/Chicago
	KPVG	America/New_York
	KPVJ	America/Chicago
	KPWC	America/Chicago
	KPWG	America/Chicago
	KPXE	America/New_York
	KPYG	America/New_York
	KPYN	America/Chicago
	KPYP	America/Chicago
	KPYX	America/Chicago
	KPZQ	America/Detroit
	KQMG	Asia/Baghdad
	KR03	America/Los_Angeles
	KR33	America/Los_Angeles
	KR47	America/New_York
	KR49	America/Los_Angeles
	KRAS	America/Indiana/Tell_City
	KRAW	America/Chicago
	KRBE	America/Chicago
	KRBM	America/Chicago
	KRBO	America/Chicago
	KRC0	America/Denver
	KRCE	America/Chicago
	KRCM	America/Chicago
	KRCP	America/Chicago
	KRCV	America/Denver
	KRCX	America/Chicago
	KRCZ	America/New_York
	KRDK	America/Chicago
	KRED	America/Denver
	KREG	America/Chicago
	KREI	America/Los_Angeles
	KRFI	America/Chicago
	KRGA	America/New_York
	KRGK	America/Chicago
	KRHP	America/New_York
	KRIU	America/Los_Angeles
	KRJD	America/New_York
	KRK1	America/Anchorage
	KRMN	America/New_York
	KRMY	America/New_York
	KRNM	America/Los_Angeles
	KRNP	America/Detroit
	KRNV	America/Chicago
	KROS	America/Chicago
	KRPB	America/Chicago
	KRPH	America/Chicago
	KRPJ	America/Chicago
	KRQE	America/Denver
	KRQO	America/Chicago
	KRRQ	America/Chicago
	KRSV	America/Chicago
	KRTS	America/Los_Angeles
	KRUE	America/Chicago
	KRUG	America/Chicago
	KRVF	America/Denver
	KRVJ	America/New_York
	KRVN	America/New_York
	KRWN	America/Indiana/Winamac
	KRWV	America/Chicago
	KRYA	America/Denver
	KRYM	America/Chicago
	KRYN	America/Phoenix
	KRYV	America/Chicago
	KRYW	America/Chicago
	KRYY	America/New_York
	KRZN	America/Chicago
	KRZR	America/Chicago
	KRZT	America/New_York
	KS00	America/Denver
	KS01	America/Denver
	KS04	America/Denver
	KS09	America/Denver
	KS10	America/Los_Angeles
	KS12	America/Los_Angeles
	KS16	America/Los_Angeles
	KS17	America/New_York
	KS18	America/Los_Angeles
	KS19	America/New_York
	KS20	America/Los_Angeles
	KS23	America/Los_Angeles
	KS24	America/New_York
	KS25	America/Chicago
	KS27	America/Denver
	KS28	America/Chicago
	KS30	America/Los_Angeles
	KS32	America/Chicago
	KS34	America/Denver
	KS35	America/Los_Angeles
	KS36	America/Los_Angeles
	KS37	America/New_York
	KS40	America/Los_Angeles
	KS42	America/Denver
	KS43	America/Los_Angeles
	KS44	America/Chicago
	KS45	America/Los_Angeles
	KS49	America/Boise
	KS50	America/Los_Angeles
	KS51	America/Los_Angeles
	KS52	America/Los_Angeles
	KS59	America/Denver
	KS64	America/Denver
	KS66	America/Boise
	KS68	America/Los_Angeles
	KS69	America/Denver
	KS70	America/Los_Angeles
	KS71	America/Denver
	KS72	America/Los_Angeles
	KS73	America/Los_Angeles
	KS75	America/Boise
	KS77	America/Los_Angeles
	KS78	America/Boise
	KS81	America/Boise
	KS82	America/Los_Angeles
	KS83	America/Los_Angeles
	KS84	America/Los_Angeles
	KS85	America/Denver
	KS87	America/Boise
	KS88	America/Los_Angeles
	KS89	America/Los_Angeles
	KS90	America/Los_Angeles
	KS92	America/Denver
	KS93	America/Los_Angeles
	KS94	America/Los_Angeles
	KS95	America/Los_Angeles
	KS97	America/Los_Angeles
	KSAZ	America/Chicago
	KSBO	America/New_York
	KSBU	America/Chicago
	KSCA	America/New_York
	KSCD	America/Chicago
	KSCR	America/New_York
	KSCX	America/New_York
	KSDA	America/Chicago
	KSDC	America/New_York
	KSEQ	America/Chicago
	KSET	America/Chicago
	KSFQ	America/New_York
	KSFY	America/Chicago
	KSGS	America/Chicago
	KSH1	America/Chicago
	KSHL	America/Chicago
	KSIF	America/New_York
	KSJS	America/New_York
	KSJX	America/Detroit
	KSKI	America/Chicago
	KSLH	America/Detroit
	KSLI	America/Los_Angeles
	KSMQ	America/New_York
	KSNC	America/New_York
	KSNH	America/Chicago
	KSOA	America/Chicago
	KSPB	America/Los_Angeles
	KSPH	America/Chicago
	KSPK	America/Denver
	KSPZ	America/Los_Angeles
	KSRB	America/Chicago
	KSRE	America/Chicago
	KSSQ	America/Chicago
	KSTF	America/Chicago
	KSUO	America/Chicago
	KSUT	America/New_York
	KSUZ	America/Chicago
	KSVR	America/Denver
	KSWI	America/Chicago
	KSWT	America/Chicago
	KSXK	America/Chicago
	KSXL	America/New_York
	KSXU	America/Denver
	KSYF	America/Chicago
	KSYM	America/New_York
	KSZT	America/Los_Angeles
	KSZY	America/Chicago
	KT00	America/Chicago
	KT05	America/Chicago
	KT12	America/Chicago
	KT13	America/Chicago
	KT14	America/Chicago
	KT15	America/Chicago
	KT16	America/Denver
	KT19	America/Chicago
	KT20	America/Chicago
	KT23	America/Chicago
	KT24	America/Chicago
	KT25	America/Chicago
	KT26	America/Chicago
	KT28	America/Chicago
	KT29	America/Chicago
	KT30	America/Chicago
	KT31	America/Chicago
	KT32	America/Chicago
	KT35	America/Chicago
	KT36	America/Chicago
	KT37	America/Chicago
	KT38	America/Chicago
	KT39	America/Chicago
	KT41	America/Chicago
	KT42	America/Los_Angeles
	KT45	America/Chicago
	KT47	America/Chicago
	KT48	America/Chicago
	KT50	America/Chicago
	KT51	America/Chicago
	KT54	America/Chicago
	KT55	America/Chicago
	KT56	America/Chicago
	KT58	America/Chicago
	KT59	America/Chicago
	KT60	America/Chicago
	KT67	America/Chicago
	KT69	America/Chicago
	KT70	America/Chicago
	KT71	America/Chicago
	KT73	America/New_York
	KT74	America/Chicago
	KT76	America/Chicago
	KT78	America/Chicago
	KT79	America/Chicago
	KT80	America/Chicago
	KT82	America/Chicago
	KT85	America/Chicago
	KT87	America/Chicago
	KT88	America/Chicago
	KT89	America/Chihuahua
	KT90	America/Chicago
	KT92	America/Chicago
	KT94	America/Chicago
	KT96	America/Chicago
	KTAN	America/New_York
	KTAZ	America/Chicago
	KTCY	America/Los_Angeles
	KTDF	America/New_York
	KTEL	America/Indiana/Tell_City
	KTEW	America/Detroit
	KTF9	America/Denver
	KTFP	America/Chicago
	KTGC	America/Chicago
	KTGI	America/New_York
	KTIF	America/Chicago
	KTIP	America/Chicago
	KTKC	America/Chicago
	KTKI	America/Chicago
	KTKO	America/Chicago
	KTKV	America/Chicago
	KTME	America/Chicago
	KTOB	America/Chicago
	KTQE	America/Chicago
	KTQH	America/Chicago
	KTQK	America/Chicago
	KTSO	America/New_York
	KTTA	America/New_York
	KTTF	America/Detroit
	KTTS	America/New_York
	KTVB	America/Chicago
	KTVK	America/Chicago
	KTVR	America/Chicago
	KTVY	America/Denver
	KTWM	America/Chicago
	KTWT	America/Chicago
	KTX0	America/Chicago
	KTXW	America/Chicago
	KTYQ	America/Indiana/Indianapolis
	KTZR	America/New_York
	KTZT	America/Chicago
	KTZV	America/Chicago
	KU00	America/Boise
	KU01	America/Boise
	KU02	America/Boise
	KU03	America/Boise
	KU05	America/Denver
	KU06	America/Denver
	KU08	America/Los_Angeles
	KU10	America/Boise
	KU12	America/Boise
	KU13	America/Denver
	KU30	America/Phoenix
	KU36	America/Boise
	KU37	America/Boise
	KU45	America/Boise
	KU46	America/Boise
	KU48	America/Boise
	KU51	America/Boise
	KU52	America/Denver
	KU53	America/Denver
	KU54	America/Boise
	KU56	America/Boise
	KU58	America/Boise
	KU60	America/Boise
	KU61	America/Boise
	KU62	America/Boise
	KU63	America/Boise
	KU65	America/Boise
	KU68	America/Denver
	KU69	America/Denver
	KU72	America/Boise
	KU74	America/Los_Angeles
	KU76	America/Boise
	KU78	America/Boise
	KU79	America/Boise
	KU81	America/Boise
	KU82	America/Boise
	KU84	America/Boise
	KU86	America/Boise
	KU87	America/Boise
	KU88	America/Boise
	KU89	America/Boise
	KU91	America/Los_Angeles
	KU92	America/Boise
	KU93	America/Boise
	KU94	America/Boise
	KU96	America/Denver
	KU97	America/Boise
	KU98	America/Boise
	KU99	America/Boise
	KUAO	America/Los_Angeles
	KUBE	America/Chicago
	KUBX	America/Chicago
	KUCP	America/New_York
	KUDG	America/New_York
	KUKL	America/Chicago
	KULS	America/Chicago
	KUMP	America/New_York
	KUNO	America/Chicago
	KUSE	America/New_York
	KUSW	America/New_York
	KUT9	America/Denver
	KUUV	America/Chicago
	KUWL	America/Indiana/Indianapolis
	KUXL	America/Chicago
	KUYF	America/New_York
	KVBT	America/Chicago
	KVBW	America/New_York
	KVCB	America/Los_Angeles
	KVDF	America/New_York
	KVER	America/Chicago
	KVES	America/New_York
	KVGC	America/New_York
	KVIQ	America/Chicago
	KVKX	America/New_York
	KVLL	America/Detroit
	KVMR	America/Chicago
	KVNW	America/New_York
	KVPC	America/New_York
	KVT8	America/New_York
	KVTA	America/New_York
	KVTI	America/Chicago
	KVUJ	America/New_York
	KVUO	America/Los_Angeles
	KVVS	America/New_York
	KVVV	America/Chicago
	KVWU	America/Chicago
	KW00	America/New_York
	KW01	America/Los_Angeles
	KW03	America/New_York
	KW04	America/Los_Angeles
	KW09	America/Los_Angeles
	KW10	America/Los_Angeles
	KW11	America/Chicago
	KW12	America/Los_Angeles
	KW13	America/New_York
	KW16	America/Los_Angeles
	KW20	America/Los_Angeles
	KW22	America/New_York
	KW23	America/Chicago
	KW24	America/New_York
	KW27	America/Los_Angeles
	KW29	America/New_York
	KW31	America/New_York
	KW34	America/Chicago
	KW35	America/New_York
	KW40	America/New_York
	KW41	America/New_York
	KW42	America/New_York
	KW43	America/Denver
	KW48	America/New_York
	KW50	America/New_York
	KW52	America/Los_Angeles
	KW56	America/Los_Angeles
	KW57	America/New_York
	KW58	America/Los_Angeles
	KW63	America/New_York
	KW73	America/New_York
	KW75	America/New_York
	KW78	America/New_York
	KW81	America/New_York
	KW87	America/Detroit
	KW88	America/New_York
	KW90	America/New_York
	KW91	America/New_York
	KW94	America/New_York
	KW95	America/New_York
	KW96	America/New_York
	KW99	America/New_York
	KWH0	America/Denver
	KX01	America/New_York
	KX04	America/New_York
	KX05	America/New_York
	KX06	America/New_York
	KX07	America/New_York
	KX09	America/Chicago
	KX10	America/New_York
	KX13	America/New_York
	KX14	America/New_York
	KX16	America/Chicago
	KX21	America/New_York
	KX23	America/New_York
	KX25	America/New_York
	KX26	America/New_York
	KX33	America/Chicago
	KX35	America/New_York
	KX36	America/New_York
	KX43	America/Chicago
	KX49	America/New_York
	KX50	America/New_York
	KX51	America/New_York
	KX52	America/New_York
	KX55	America/New_York
	KX58	America/New_York
	KX59	America/New_York
	KX60	America/New_York
	KX61	America/New_York
	KX65	America/Chicago
	KXBP	America/Chicago
	KXLL	America/New_York
	KXMR	America/New_York
	KXNI	America/Denver
	KXNO	America/New_York
	KXNX	America/Chicago
	KXSA	America/New_York
	KXVG	America/Chicago
	KY03	America/Chicago
	KY14	America/Chicago
	KY19	America/North_Dakota/New_Salem
	KY23	America/Chicago
	KY27	America/Chicago
	KY30	America/Detroit
	KY37	America/Chicago
	KY43	America/Chicago
	KY46	America/Chicago
	KY47	America/Detroit
	KY48	America/Chicago
	KY49	America/Chicago
	KY50	America/Chicago
	KY51	America/Chicago
	KY55	America/Chicago
	KY58	America/Chicago
	KY63	America/Chicago
	KY65	America/Detroit
	KY70	America/Detroit
	KY71	America/Denver
	KY72	America/Chicago
	KY73	America/Menominee
	KY74	America/Chicago
	KY77	America/Chicago
	KY83	America/Detroit
	KY87	America/Detroit
	KY88	America/Detroit
	KY89	America/Detroit
	KY91	America/Detroit
	KY93	America/Detroit
	KY94	America/Detroit
	KY95	America/Detroit
	KY98	America/Detroit
	KY99	America/Chicago
	KZ14	America/Anchorage
	KZ17	America/Anchorage
	KZ25	America/Anchorage
	KZ40	America/Anchorage
	KZ47	America/Nome
	KZ52	America/Anchorage
	KZ81	America/Nome
	KZ90	America/Anchorage
	KZ95	America/Phoenix
	KZ98	America/Detroit
	KZ99	America/Los_Angeles
	KZEF	America/New_York
	KZER	America/New_York
	LA01	America/Chicago
	LA03	America/Chicago
	LA04	America/Chicago
	LA10	America/Chicago
	LA11	America/Chicago
	LA13	America/Chicago
	LA15	America/Chicago
	LA16	America/Chicago
	LA17	America/Chicago
	LA25	America/Chicago
	LA30	America/Chicago
	LA32	America/Chicago
	LA33	America/Chicago
	LA35	America/Chicago
	LA40	America/Chicago
	LA41	America/Chicago
	LA46	America/Chicago
	LA50	America/Chicago
	LA51	America/Chicago
	LA52	America/Chicago
	LA53	America/Chicago
	LA54	America/Chicago
	LA57	America/Chicago
	LA60	America/Chicago
	LA61	America/Chicago
	LA63	America/Chicago
	LA67	America/Chicago
	LA68	America/Chicago
	LA71	America/Chicago
	LA76	America/Chicago
	LA77	America/Chicago
	LA79	America/Chicago
	LA81	America/Chicago
	LA83	America/Chicago
	LA87	America/Chicago
	LA89	America/Chicago
	LA90	America/Chicago
	LA92	America/Chicago
	LAGJ	Europe/Tirane
	LAKO	Europe/Tirane
	LAKV	Europe/Tirane
	LB11	Europe/Sofia
	LB13	Europe/Sofia
	LB18	Europe/Sofia
	LB19	Europe/Sofia
	LB22	Europe/Sofia
	LB27	Europe/Sofia
	LB29	Europe/Sofia
	LB30	Europe/Sofia
	LB32	Europe/Sofia
	LB33	Europe/Sofia
	LB34	Europe/Sofia
	LB35	Europe/Sofia
	LB36	Europe/Sofia
	LB37	Europe/Sofia
	LB38	Europe/Sofia
	LB39	Europe/Sofia
	LB42	Europe/Sofia
	LB45	Europe/Sofia
	LBBO	Europe/Sofia
	LBDB	Europe/Sofia
	LBGR	Europe/Sofia
	LBHS	Europe/Sofia
	LBHT	Europe/Sofia
	LBKJ	Europe/Sofia
	LBKL	Europe/Sofia
	LBLS	Europe/Sofia
	LBMG	Europe/Sofia
	LBPG	Europe/Sofia
	LBPL	Europe/Sofia
	LBPR	Europe/Sofia
	LBRD	Europe/Sofia
	LBSL	Europe/Sofia
	LBSS	Europe/Sofia
	LBST	Europe/Sofia
	LBTG	Europe/Sofia
	LBVD	Europe/Sofia
	LBWB	Europe/Sofia
	LBWV	Europe/Sofia
	LD57	Europe/Zagreb
	LDOB	Europe/Zagreb
	LDOC	Europe/Zagreb
	LDOR	Europe/Zagreb
	LDOV	Europe/Zagreb
	LDPM	Europe/Zagreb
	LDPN	Europe/Zagreb
	LDPV	Europe/Zagreb
	LDRG	Europe/Zagreb
	LDRO	Europe/Zagreb
	LDSH	Europe/Zagreb
	LDSS	Europe/Zagreb
	LDVA	Europe/Zagreb
	LDVC	Europe/Zagreb
	LDVD	Europe/Zagreb
	LDZB	Europe/Zagreb
	LDZJ	Europe/Zagreb
	LDZL	Europe/Zagreb
	LE84	Europe/Madrid
	LEAE	Europe/Madrid
	LEAP	Europe/Madrid
	LEAT	Europe/Madrid
	LEAX	Europe/Madrid
	LEBE	Europe/Madrid
	LECA	Europe/Madrid
	LECD	Europe/Madrid
	LECF	Europe/Madrid
	LECI	Europe/Madrid
	LECJ	Europe/Madrid
	LECN	Europe/Madrid
	LECT	Europe/Madrid
	LECU	Europe/Madrid
	LECX	Europe/Madrid
	LEDS	Europe/Madrid
	LEEM	Europe/Madrid
	LEEV	Europe/Madrid
	LEFM	Europe/Madrid
	LEGA	Europe/Madrid
	LEGC	Europe/Madrid
	LEGT	Europe/Madrid
	LEGU	Europe/Madrid
	LEGY	Europe/Madrid
	LEHI	Europe/Madrid
	LEIG	Europe/Madrid
	LEIZ	Europe/Madrid
	LEJO	Europe/Madrid
	LEJU	Europe/Madrid
	LELA	Europe/Madrid
	LELC	Europe/Madrid
	LELH	Europe/Madrid
	LELI	Europe/Madrid
	LELL	Europe/Madrid
	LELM	Europe/Madrid
	LELT	Europe/Madrid
	LEMF	Europe/Madrid
	LEMP	Europe/Madrid
	LEMR	Europe/Madrid
	LEMS	Europe/Madrid
	LEMT	Europe/Madrid
	LEMU	Europe/Madrid
	LEMX	Europe/Madrid
	LENA	Europe/Madrid
	LENE	Europe/Madrid
	LEOC	Europe/Madrid
	LEOT	Europe/Madrid
	LEPI	Europe/Madrid
	LEPR	Europe/Madrid
	LEPZ	Europe/Madrid
	LERE	Europe/Madrid
	LERI	Europe/Madrid
	LERM	Europe/Madrid
	LERO	Europe/Madrid
	LESB	Europe/Madrid
	LESE	Europe/Madrid
	LESG	Europe/Madrid
	LESL	Europe/Madrid
	LESS	Europe/Madrid
	LETC	Europe/Madrid
	LETE	Europe/Madrid
	LETF	Europe/Madrid
	LETI	Europe/Madrid
	LETJ	Europe/Madrid
	LETP	Europe/Madrid
	LETZ	Europe/Madrid
	LEVB	Europe/Madrid
	LEVF	Europe/Madrid
	LEVI	Europe/Madrid
	LF50	Europe/Paris
	LF51	Europe/Paris
	LF52	Europe/Paris
	LFAD	Europe/Paris
	LFAE	Europe/Paris
	LFAF	Europe/Paris
	LFAG	Europe/Paris
	LFAH	Europe/Paris
	LFAI	Europe/Paris
	LFAJ	Europe/Paris
	LFAK	Europe/Paris
	LFAL	Europe/Paris
	LFAM	Europe/Paris
	LFAN	Europe/Paris
	LFAO	Europe/Paris
	LFAP	Europe/Paris
	LFAR	Europe/Paris
	LFAS	Europe/Paris
	LFAU	Europe/Paris
	LFAV	Europe/Paris
	LFAW	Europe/Paris
	LFAX	Europe/Paris
	LFAY	Europe/Paris
	LFBC	Europe/Paris
	LFBF	Europe/Paris
	LFBJ	Europe/Paris
	LFBM	Europe/Paris
	LFBR	Europe/Paris
	LFBS	Europe/Paris
	LFBY	Europe/Paris
	LFCA	Europe/Paris
	LFCB	Europe/Paris
	LFCD	Europe/Paris
	LFCE	Europe/Paris
	LFCF	Europe/Paris
	LFCG	Europe/Paris
	LFCH	Europe/Paris
	LFCJ	Europe/Paris
	LFCL	Europe/Paris
	LFCM	Europe/Paris
	LFCN	Europe/Paris
	LFCO	Europe/Paris
	LFCP	Europe/Paris
	LFCQ	Europe/Paris
	LFCS	Europe/Paris
	LFCT	Europe/Paris
	LFCU	Europe/Paris
	LFCV	Europe/Paris
	LFCW	Europe/Paris
	LFCX	Europe/Paris
	LFCZ	Europe/Paris
	LFDA	Europe/Paris
	LFDB	Europe/Paris
	LFDC	Europe/Paris
	LFDE	Europe/Paris
	LFDF	Europe/Paris
	LFDG	Europe/Paris
	LFDH	Europe/Paris
	LFDI	Europe/Paris
	LFDJ	Europe/Paris
	LFDK	Europe/Paris
	LFDL	Europe/Paris
	LFDM	Europe/Paris
	LFDO	Europe/Paris
	LFDP	Europe/Paris
	LFDQ	Europe/Paris
	LFDR	Europe/Paris
	LFDS	Europe/Paris
	LFDT	Europe/Paris
	LFDU	Europe/Paris
	LFDV	Europe/Paris
	LFDW	Europe/Paris
	LFDX	Europe/Paris
	LFDY	Europe/Paris
	LFDZ	Europe/Paris
	LFEA	Europe/Paris
	LFEB	Europe/Paris
	LFEC	Europe/Paris
	LFED	Europe/Paris
	LFEF	Europe/Paris
	LFEG	Europe/Paris
	LFEH	Europe/Paris
	LFEI	Europe/Paris
	LFEJ	Europe/Paris
	LFEK	Europe/Paris
	LFEL	Europe/Paris
	LFEM	Europe/Paris
	LFEN	Europe/Paris
	LFEO	Europe/Paris
	LFEP	Europe/Paris
	LFEQ	Europe/Paris
	LFER	Europe/Paris
	LFES	Europe/Paris
	LFET	Europe/Paris
	LFEU	Europe/Paris
	LFEV	Europe/Paris
	LFEW	Europe/Paris
	LFEX	Europe/Paris
	LFEZ	Europe/Paris
	LFFB	Europe/Paris
	LFFC	Europe/Paris
	LFFD	Europe/Paris
	LFFE	Europe/Paris
	LFFG	Europe/Paris
	LFFH	Europe/Paris
	LFFI	Europe/Paris
	LFFJ	Europe/Paris
	LFFK	Europe/Paris
	LFFL	Europe/Paris
	LFFM	Europe/Paris
	LFFN	Europe/Paris
	LFFP	Europe/Paris
	LFFQ	Europe/Paris
	LFFR	Europe/Paris
	LFFT	Europe/Paris
	LFFU	Europe/Paris
	LFFV	Europe/Paris
	LFFW	Europe/Paris
	LFFX	Europe/Paris
	LFFY	Europe/Paris
	LFFZ	Europe/Paris
	LFGB	Europe/Paris
	LFGC	Europe/Paris
	LFGD	Europe/Paris
	LFGE	Europe/Paris
	LFGF	Europe/Paris
	LFGG	Europe/Paris
	LFGH	Europe/Paris
	LFGI	Europe/Paris
	LFGK	Europe/Paris
	LFGL	Europe/Paris
	LFGM	Europe/Paris
	LFGN	Europe/Paris
	LFGO	Europe/Paris
	LFGP	Europe/Paris
	LFGQ	Europe/Paris
	LFGR	Europe/Paris
	LFGS	Europe/Paris
	LFGT	Europe/Paris
	LFGU	Europe/Paris
	LFGV	Europe/Paris
	LFGW	Europe/Paris
	LFGX	Europe/Paris
	LFGY	Europe/Paris
	LFGZ	Europe/Paris
	LFHA	Europe/Paris
	LFHC	Europe/Paris
	LFHD	Europe/Paris
	LFHE	Europe/Paris
	LFHF	Europe/Paris
	LFHG	Europe/Paris
	LFHH	Europe/Paris
	LFHI	Europe/Paris
	LFHJ	Europe/Paris
	LFHL	Europe/Paris
	LFHN	Europe/Paris
	LFHQ	Europe/Paris
	LFHR	Europe/Paris
	LFHT	Europe/Paris
	LFHV	Europe/Paris
	LFHW	Europe/Paris
	LFHX	Europe/Paris
	LFHZ	Europe/Paris
	LFIB	Europe/Paris
	LFID	Europe/Paris
	LFIF	Europe/Paris
	LFIG	Europe/Paris
	LFIH	Europe/Paris
	LFIK	Europe/Paris
	LFIL	Europe/Paris
	LFIM	Europe/Paris
	LFIP	Europe/Paris
	LFIR	Europe/Paris
	LFIT	Europe/Paris
	LFIV	Europe/Paris
	LFIX	Europe/Paris
	LFIY	Europe/Paris
	LFJA	Europe/Paris
	LFJB	Europe/Paris
	LFJC	Europe/Paris
	LFJD	Europe/Paris
	LFJE	Europe/Paris
	LFJF	Europe/Paris
	LFJH	Europe/Paris
	LFJI	Europe/Paris
	LFJM	Europe/Paris
	LFJS	Europe/Paris
	LFJT	Europe/Paris
	LFJU	Europe/Paris
	LFKA	Europe/Paris
	LFKD	Europe/Paris
	LFKE	Europe/Paris
	LFKG	Europe/Paris
	LFKH	Europe/Paris
	LFKL	Europe/Paris
	LFKM	Europe/Paris
	LFKP	Europe/Paris
	LFKT	Europe/Paris
	LFKY	Europe/Paris
	LFKZ	Europe/Paris
	LFLE	Europe/Paris
	LFLG	Europe/Paris
	LFLH	Europe/Paris
	LFLI	Europe/Paris
	LFLK	Europe/Paris
	LFLM	Europe/Paris
	LFLQ	Europe/Paris
	LFLR	Europe/Paris
	LFLT	Europe/Paris
	LFLZ	Europe/Paris
	LFMC	Europe/Paris
	LFME	Europe/Paris
	LFMF	Europe/Paris
	LFMG	Europe/Paris
	LFMI	Europe/Paris
	LFMO	Europe/Paris
	LFMS	Europe/Paris
	LFMW	Europe/Paris
	LFMX	Europe/Paris
	LFMY	Europe/Paris
	LFMZ	Europe/Paris
	LFND	Europe/Paris
	LFNE	Europe/Paris
	LFNF	Europe/Paris
	LFNG	Europe/Paris
	LFNH	Europe/Paris
	LFNJ	Europe/Paris
	LFNL	Europe/Paris
	LFNO	Europe/Paris
	LFNP	Europe/Paris
	LFNQ	Europe/Paris
	LFNR	Europe/Paris
	LFNS	Europe/Paris
	LFNT	Europe/Paris
	LFNU	Europe/Paris
	LFNV	Europe/Paris
	LFNW	Europe/Paris
	LFNX	Europe/Paris
	LFNY	Europe/Paris
	LFNZ	Europe/Paris
	LFOA	Europe/Paris
	LFOC	Europe/Paris
	LFOD	Europe/Paris
	LFOF	Europe/Paris
	LFOG	Europe/Paris
	LFOI	Europe/Paris
	LFOJ	Europe/Paris
	LFOL	Europe/Paris
	LFOM	Europe/Paris
	LFON	Europe/Paris
	LFOQ	Europe/Paris
	LFOR	Europe/Paris
	LFOS	Europe/Paris
	LFOW	Europe/Paris
	LFOX	Europe/Paris
	LFOY	Europe/Paris
	LFPA	Europe/Paris
	LFPD	Europe/Paris
	LFPE	Europe/Paris
	LFPF	Europe/Paris
	LFPH	Europe/Paris
	LFPK	Europe/Paris
	LFPL	Europe/Paris
	LFPM	Europe/Paris
	LFPP	Europe/Paris
	LFPQ	Europe/Paris
	LFPU	Europe/Paris
	LFPX	Europe/Paris
	LFPY	Europe/Paris
	LFPZ	Europe/Paris
	LFQA	Europe/Paris
	LFQB	Europe/Paris
	LFQC	Europe/Paris
	LFQD	Europe/Paris
	LFQE	Europe/Paris
	LFQF	Europe/Paris
	LFQH	Europe/Paris
	LFQJ	Europe/Paris
	LFQK	Europe/Paris
	LFQL	Europe/Paris
	LFQM	Europe/Paris
	LFQN	Europe/Paris
	LFQO	Europe/Paris
	LFQP	Europe/Paris
	LFQR	Europe/Paris
	LFQS	Europe/Paris
	LFQU	Europe/Paris
	LFQV	Europe/Paris
	LFQW	Europe/Paris
	LFQX	Europe/Paris
	LFQY	Europe/Paris
	LFQZ	Europe/Paris
	LFRA	Europe/Paris
	LFRL	Europe/Paris
	LFRP	Europe/Paris
	LFRW	Europe/Paris
	LFSA	Europe/Paris
	LFSC	Europe/Paris
	LFSE	Europe/Paris
	LFSH	Europe/Paris
	LFSI	Europe/Paris
	LFSJ	Europe/Paris
	LFSK	Europe/Paris
	LFSM	Europe/Paris
	LFSO	Europe/Paris
	LFSP	Europe/Paris
	LFSU	Europe/Paris
	LFSV	Europe/Paris
	LFSW	Europe/Paris
	LFSX	Europe/Paris
	LFSY	Europe/Paris
	LFTF	Europe/Paris
	LFTM	Europe/Paris
	LFTN	Europe/Paris
	LFTP	Europe/Paris
	LFTQ	Europe/Paris
	LFTR	Europe/Paris
	LFTU	Europe/Paris
	LFXA	Europe/Paris
	LFXB	Europe/Paris
	LFXC	Europe/Paris
	LFXG	Europe/Paris
	LFXH	Europe/Paris
	LFXI	Europe/Paris
	LFXM	Europe/Paris
	LFXQ	Europe/Paris
	LFXR	Europe/Paris
	LFXU	Europe/Paris
	LFYD	Europe/Paris
	LFYG	Europe/Paris
	LFYH	Europe/Paris
	LFYK	Europe/Paris
	LFYL	Europe/Paris
	LFYM	Europe/Paris
	LFYR	Europe/Paris
	LFYS	Europe/Paris
	LFYT	Europe/Paris
	LG53	Europe/Athens
	LG54	Europe/Athens
	LG55	Europe/Athens
	LG56	Europe/Athens
	LGAX	Europe/Athens
	LGEL	Europe/Athens
	LGEP	Europe/Athens
	LGKM	Europe/Athens
	LGKN	Europe/Athens
	LGMG	Europe/Athens
	LGMR	Europe/Athens
	LGRD	Europe/Athens
	LGRS	Australia/Brisbane
	LGSD	Europe/Athens
	LGSV	Europe/Athens
	LGTG	Europe/Athens
	LGTL	Europe/Athens
	LGTP	Europe/Athens
	LGTT	Europe/Athens
	LHBA	Europe/Budapest
	LHBC	Europe/Budapest
	LHBS	Europe/Budapest
	LHDK	Europe/Budapest
	LHDV	Europe/Budapest
	LHEC	Europe/Budapest
	LHEM	Europe/Budapest
	LHFH	Europe/Budapest
	LHFM	Europe/Budapest
	LHGD	Europe/Budapest
	LHGM	Europe/Budapest
	LHGY	Europe/Budapest
	LHHH	Europe/Budapest
	LHHO	Europe/Budapest
	LHJK	Europe/Budapest
	LHKD	Europe/Budapest
	LHKE	Europe/Budapest
	LHKH	Europe/Budapest
	LHKK	Europe/Budapest
	LHKV	Europe/Budapest
	LHMC	Europe/Budapest
	LHMR	Europe/Budapest
	LHNK	Europe/Budapest
	LHNY	Europe/Budapest
	LHOY	Europe/Budapest
	LHPA	Europe/Budapest
	LHSA	Europe/Budapest
	LHSK	Europe/Budapest
	LHSN	Europe/Budapest
	LHSS	Europe/Budapest
	LHSY	Europe/Budapest
	LHSZ	Europe/Budapest
	LHTL	Europe/Budapest
	LHZA	Europe/Budapest
	LIAF	Europe/Rome
	LIAQ	Europe/Rome
	LIAU	Europe/Rome
	LIBA	Europe/Rome
	LIBV	Europe/Rome
	LIBX	Europe/Rome
	LICP	Europe/Rome
	LIDA	Europe/Rome
	LIDC	Europe/Rome
	LIDE	Europe/Rome
	LIDF	Europe/Rome
	LIDG	Europe/Rome
	LIDH	Europe/Rome
	LIDI	Europe/Rome
	LIDL	Europe/Rome
	LIDM	Europe/Rome
	LIDP	Europe/Rome
	LIDT	Europe/Rome
	LIDU	Europe/Rome
	LIDV	Europe/Rome
	LIDW	Europe/Rome
	LILA	Europe/Rome
	LILB	Europe/Rome
	LILC	Europe/Rome
	LILE	Europe/Rome
	LILG	Europe/Rome
	LILH	Europe/Rome
	LILI	Europe/Rome
	LILM	Europe/Rome
	LILN	Europe/Rome
	LILO	Europe/Rome
	LILQ	Europe/Rome
	LILR	Europe/Rome
	LILV	Europe/Rome
	LIMA	Europe/Rome
	LIMB	Europe/Rome
	LIMN	Europe/Rome
	LIMR	Europe/Rome
	LIMS	Europe/Rome
	LINL	Europe/Rome
	LIPC	Europe/Rome
	LIPD	Europe/Rome
	LIPF	Europe/Rome
	LIPG	Europe/Rome
	LIPI	Europe/Rome
	LIPL	Europe/Rome
	LIPM	Europe/Rome
	LIPN	Europe/Rome
	LIPS	Europe/Rome
	LIPU	Europe/Rome
	LIPV	Europe/Rome
	LIQB	Europe/Rome
	LIQN	Europe/Rome
	LIQW	Europe/Rome
	LIRE	Europe/Rome
	LIRG	Europe/Rome
	LIRH	Europe/Rome
	LIRL	Europe/Rome
	LIRM	Europe/Rome
	LIRU	Europe/Rome
	LIRV	Europe/Rome
	LJAJ	Europe/Ljubljana
	LJBL	Europe/Ljubljana
	LJBO	Europe/Ljubljana
	LJCE	Europe/Ljubljana
	LJCL	Europe/Ljubljana
	LJDI	Europe/Ljubljana
	LJMS	Europe/Ljubljana
	LJNM	Europe/Ljubljana
	LJPO	Europe/Ljubljana
	LJPT	Europe/Ljubljana
	LJSG	Europe/Ljubljana
	LJVE	Europe/Ljubljana
	LKBA	Europe/Prague
	LKBE	Europe/Prague
	LKBO	Europe/Prague
	LKBR	Europe/Prague
	LKBU	Europe/Prague
	LKCB	Europe/Prague
	LKCE	Europe/Prague
	LKCH	Europe/Prague
	LKCL	Europe/Prague
	LKCM	Europe/Prague
	LKCO	Europe/Prague
	LKCR	Europe/Prague
	LKCT	Europe/Prague
	LKCV	Europe/Prague
	LKDK	Europe/Prague
	LKER	Europe/Prague
	LKFR	Europe/Prague
	LKHB	Europe/Prague
	LKHC	Europe/Prague
	LKHD	Europe/Prague
	LKHK	Europe/Prague
	LKHN	Europe/Prague
	LKHO	Europe/Prague
	LKHR	Europe/Prague
	LKHS	Europe/Prague
	LKHV	Europe/Prague
	LKJA	Europe/Prague
	LKJC	Europe/Prague
	LKJH	Europe/Prague
	LKJI	Europe/Prague
	LKKA	Europe/Prague
	LKKB	Europe/Prague
	LKKC	Europe/Prague
	LKKL	Europe/Prague
	LKKM	Europe/Prague
	LKKO	Europe/Prague
	LKKR	Europe/Prague
	LKKT	Europe/Prague
	LKKY	Europe/Prague
	LKLB	Europe/Prague
	LKLN	Europe/Prague
	LKLT	Europe/Prague
	LKMB	Europe/Prague
	LKMH	Europe/Prague
	LKMI	Europe/Prague
	LKMK	Europe/Prague
	LKMO	Europe/Prague
	LKNA	Europe/Prague
	LKNM	Europe/Prague
	LKNY	Europe/Prague
	LKOT	Europe/Prague
	LKPA	Europe/Prague
	LKPC	Europe/Prague
	LKPI	Europe/Prague
	LKPJ	Europe/Prague
	LKPL	Europe/Prague
	LKPM	Europe/Prague
	LKPN	Europe/Prague
	LKPS	Europe/Prague
	LKRA	Europe/Prague
	LKRK	Europe/Prague
	LKRO	Europe/Prague
	LKSA	Europe/Prague
	LKSB	Europe/Prague
	LKSK	Europe/Prague
	LKSN	Europe/Prague
	LKSO	Europe/Prague
	LKSR	Europe/Prague
	LKST	Europe/Prague
	LKSU	Europe/Prague
	LKSZ	Europe/Prague
	LKTA	Europe/Prague
	LKTC	Europe/Prague
	LKTD	Europe/Prague
	LKTO	Europe/Prague
	LKTV	Europe/Prague
	LKUL	Europe/Prague
	LKUO	Europe/Prague
	LKVL	Europe/Prague
	LKVM	Europe/Prague
	LKVP	Europe/Prague
	LKVR	Europe/Prague
	LKVY	Europe/Prague
	LKZB	Europe/Prague
	LKZD	Europe/Prague
	LKZM	Europe/Prague
	LKZN	Europe/Prague
	LL07	America/Chicago
	LL10	America/Chicago
	LL13	America/Chicago
	LL1B	Asia/Jerusalem
	LL22	America/Chicago
	LL26	America/Chicago
	LL28	America/Chicago
	LL34	America/Chicago
	LL38	America/Chicago
	LL39	America/Chicago
	LL45	America/Chicago
	LL46	America/Chicago
	LL49	America/Chicago
	LL51	America/Chicago
	LL52	America/Chicago
	LL54	America/Chicago
	LL55	America/Chicago
	LL74	America/Chicago
	LL77	America/Chicago
	LL78	America/Chicago
	LL79	America/Chicago
	LL80	America/Chicago
	LL81	America/Chicago
	LL87	America/Chicago
	LL89	America/Chicago
	LL90	America/Chicago
	LLEK	Asia/Jerusalem
	LLES	Asia/Jerusalem
	LLFK	Asia/Damascus
	LLHB	Asia/Jerusalem
	LLHS	Asia/Jerusalem
	LLHZ	Asia/Jerusalem
	LLMG	Asia/Jerusalem
	LLOV	Asia/Jerusalem
	LLPL	Asia/Jerusalem
	LLRD	Asia/Jerusalem
	LLRM	Asia/Jerusalem
	LOAA	Europe/Vienna
	LOAB	Europe/Vienna
	LOAD	Europe/Vienna
	LOAG	Europe/Vienna
	LOAL	Europe/Vienna
	LOAN	Europe/Vienna
	LOAR	Europe/Vienna
	LOAS	Europe/Vienna
	LOAT	Europe/Vienna
	LOAU	Europe/Vienna
	LOAV	Europe/Vienna
	LOGF	Europe/Vienna
	LOGG	Europe/Vienna
	LOGI	Europe/Vienna
	LOGK	Europe/Vienna
	LOGL	Europe/Vienna
	LOGM	Europe/Vienna
	LOGO	Europe/Vienna
	LOGP	Europe/Vienna
	LOGT	Europe/Vienna
	LOGW	Europe/Vienna
	LOIJ	Europe/Vienna
	LOIK	Europe/Vienna
	LOIR	Europe/Vienna
	LOKF	Europe/Vienna
	LOKG	Europe/Vienna
	LOKH	Europe/Vienna
	LOKL	Europe/Vienna
	LOKM	Europe/Vienna
	LOKN	Europe/Vienna
	LOKW	Europe/Vienna
	LOLC	Europe/Vienna
	LOLE	Europe/Vienna
	LOLF	Europe/Vienna
	LOLG	Europe/Vienna
	LOLH	Europe/Vienna
	LOLK	Europe/Vienna
	LOLM	Europe/Vienna
	LOLO	Europe/Vienna
	LOLS	Europe/Vienna
	LOLT	Europe/Vienna
	LOLU	Europe/Vienna
	LOLW	Europe/Vienna
	LOSM	Europe/Vienna
	LOWZ	Europe/Vienna
	LOXN	Europe/Vienna
	LOXT	Europe/Vienna
	LOXZ	Europe/Vienna
	LP77	Europe/Lisbon
	LPAR	Europe/Lisbon
	LPAV	Europe/Lisbon
	LPBR	Europe/Lisbon
	LPCB	Europe/Lisbon
	LPCH	Europe/Lisbon
	LPCO	Europe/Lisbon
	LPEV	Europe/Lisbon
	LPIN	Europe/Lisbon
	LPJF	Europe/Lisbon
	LPJO	Europe/Lisbon
	LPLZ	Europe/Lisbon
	LPMF	Europe/Lisbon
	LPMI	Europe/Lisbon
	LPMO	Europe/Lisbon
	LPMR	Europe/Lisbon
	LPMT	Europe/Lisbon
	LPMU	Europe/Lisbon
	LPOT	Europe/Lisbon
	LPOV	Europe/Lisbon
	LPPV	Europe/Lisbon
	LPSC	Europe/Lisbon
	LPSO	Europe/Lisbon
	LPSR	Europe/Lisbon
	LPST	Europe/Lisbon
	LPTN	Europe/Lisbon
	LPVL	Europe/Lisbon
	LQBI	Europe/Sarajevo
	LQBZ	Europe/Sarajevo
	LQJL	Europe/Sarajevo
	LQLV	Europe/Sarajevo
	LQPD	Europe/Sarajevo
	LQVI	Europe/Sarajevo
	LR79	Europe/Bucharest
	LR80	Europe/Bucharest
	LR82	Europe/Bucharest
	LRCT	Europe/Bucharest
	LRTZ	Europe/Bucharest
	LS08	America/Chicago
	LS09	America/Chicago
	LS10	America/Chicago
	LS14	America/Chicago
	LS15	America/Chicago
	LS16	America/Chicago
	LS18	America/Chicago
	LS20	America/Chicago
	LS21	America/Chicago
	LS26	America/Chicago
	LS34	America/Chicago
	LS36	America/Chicago
	LS38	America/Chicago
	LS39	America/Chicago
	LS40	America/Chicago
	LS46	America/Chicago
	LS59	America/Chicago
	LS68	America/Chicago
	LS70	America/Chicago
	LS76	America/Chicago
	LS77	America/Chicago
	LS83	America/Chicago
	LS84	America/Chicago
	LS87	America/Chicago
	LS88	America/Chicago
	LS91	America/Chicago
	LS92	America/Chicago
	LSGB	Europe/Zurich
	LSGC	Europe/Zurich
	LSGE	Europe/Zurich
	LSGK	Europe/Zurich
	LSGP	Europe/Zurich
	LSGR	Europe/Zurich
	LSGT	Europe/Zurich
	LSGY	Europe/Zurich
	LSMA	Europe/Zurich
	LSMD	Europe/Zurich
	LSMJ	Europe/Zurich
	LSML	Europe/Zurich
	LSMM	Europe/Zurich
	LSPA	Europe/Zurich
	LSPD	Europe/Zurich
	LSPF	Europe/Zurich
	LSPG	Europe/Zurich
	LSPH	Europe/Zurich
	LSPK	Europe/Zurich
	LSPL	Europe/Zurich
	LSPM	Europe/Zurich
	LSPN	Europe/Zurich
	LSPO	Europe/Zurich
	LSPU	Europe/Zurich
	LSPV	Europe/Zurich
	LSTA	Europe/Zurich
	LSTB	Europe/Zurich
	LSTO	Europe/Zurich
	LSTR	Europe/Zurich
	LSTS	Europe/Zurich
	LSTZ	Europe/Zurich
	LSXV	Europe/Zurich
	LSZE	Europe/Zurich
	LSZF	Europe/Zurich
	LSZI	Europe/Zurich
	LSZJ	Europe/Zurich
	LSZK	Europe/Zurich
	LSZM	Europe/Zurich
	LSZN	Europe/Zurich
	LSZO	Europe/Zurich
	LSZP	Europe/Zurich
	LSZQ	Europe/Zurich
	LSZT	Europe/Zurich
	LSZU	Europe/Zurich
	LSZV	Europe/Zurich
	LSZW	Europe/Zurich
	LSZX	Europe/Zurich
	LTAB	Europe/Istanbul
	LTAE	Europe/Istanbul
	LTAK	Europe/Istanbul
	LTAO	Europe/Istanbul
	LTAV	Europe/Istanbul
	LTBC	Europe/Istanbul
	LTBK	Europe/Istanbul
	LTBM	Europe/Istanbul
	LTBN	Europe/Istanbul
	LTBP	Europe/Istanbul
	LTBT	Europe/Istanbul
	LTBW	Europe/Istanbul
	LTBX	Europe/Istanbul
	LTFA	Europe/Istanbul
	LTFB	Europe/Istanbul
	LTXE	Europe/Istanbul
	LUBM	Europe/Chisinau
	LUCH	Europe/Chisinau
	LUCL	Europe/Chisinau
	LUTR	Europe/Chisinau
	LW75	Europe/Skopje
	LY87	Europe/Belgrade
	LYBJ	Europe/Belgrade
	LYBO	Europe/Belgrade
	LYKI	Europe/Belgrade
	LYKV	Europe/Belgrade
	LYNK	Europe/Podgorica
	LYPO	Europe/Podgorica
	LYPT	Europe/Belgrade
	LYSM	Europe/Belgrade
	LYSP	Europe/Belgrade
	LYSU	Europe/Belgrade
	LYTR	Europe/Belgrade
	LYVR	Europe/Belgrade
	LZDB	Europe/Bratislava
	LZHL	Europe/Bratislava
	LZKC	Europe/Bratislava
	LZKS	Europe/Bratislava
	LZMA	Europe/Bratislava
	LZMC	Europe/Bratislava
	LZNI	Europe/Bratislava
	LZPE	Europe/Bratislava
	LZPT	Europe/Bratislava
	LZSE	Europe/Bratislava
	LZSK	Europe/Bratislava
	LZSV	Europe/Bratislava
	LZTN	Europe/Bratislava
	LZTR	Europe/Bratislava
	MA18	America/New_York
	MA30	America/New_York
	MA36	America/New_York
	MA43	America/New_York
	MA44	America/New_York
	MA52	America/New_York
	MA55	America/New_York
	MA63	America/New_York
	MA64	America/New_York
	MA80	America/New_York
	MA88	America/New_York
	MA89	America/New_York
	MBAC	America/Nassau
	MD00	America/New_York
	MD01	America/New_York
	MD04	America/New_York
	MD05	America/New_York
	MD11	America/New_York
	MD12	America/New_York
	MD14	America/New_York
	MD19	America/New_York
	MD20	America/New_York
	MD21	America/New_York
	MD22	America/New_York
	MD23	America/New_York
	MD28	America/New_York
	MD31	America/New_York
	MD35	America/New_York
	MD42	America/New_York
	MD45	America/New_York
	MD46	America/New_York
	MD47	America/New_York
	MD48	America/New_York
	MD50	America/New_York
	MD55	America/New_York
	MD56	America/New_York
	MD57	America/New_York
	MD63	America/New_York
	MD64	America/New_York
	MD69	America/New_York
	MD70	America/New_York
	MD74	America/New_York
	MD75	America/New_York
	MD78	America/New_York
	MD80	America/New_York
	MD83	America/New_York
	MD84	America/New_York
	MD85	America/New_York
	MD88	America/New_York
	MD91	America/New_York
	MD93	America/New_York
	MD95	America/New_York
	MD97	America/New_York
	MDAD	America/Santo_Domingo
	MDAN	America/Santo_Domingo
	MDBA	America/Santo_Domingo
	MDBC	America/Santo_Domingo
	MDBE	America/Santo_Domingo
	MDBG	America/Santo_Domingo
	MDBL	America/Santo_Domingo
	MDBM	America/Santo_Domingo
	MDDJ	America/Santo_Domingo
	MDER	America/Santo_Domingo
	MDES	America/Santo_Domingo
	MDHN	America/Santo_Domingo
	MDJI	America/Santo_Domingo
	MDLL	America/Santo_Domingo
	MDLM	America/Santo_Domingo
	MDMA	America/Santo_Domingo
	MDMC	America/Santo_Domingo
	MDPM	America/Santo_Domingo
	MDSA	America/Santo_Domingo
	MDSI	America/Santo_Domingo
	MDWO	America/Santo_Domingo
	ME03	America/New_York
	ME05	America/New_York
	ME06	America/New_York
	ME08	America/New_York
	ME17	America/New_York
	ME19	America/New_York
	ME20	America/New_York
	ME22	America/New_York
	ME25	America/New_York
	ME26	America/New_York
	ME32	America/New_York
	ME33	America/New_York
	ME34	America/New_York
	ME35	America/New_York
	ME39	America/New_York
	ME40	America/New_York
	ME41	America/New_York
	ME45	America/New_York
	ME46	America/New_York
	ME47	America/New_York
	ME55	America/New_York
	ME60	America/New_York
	ME61	America/New_York
	ME62	America/New_York
	ME64	America/New_York
	ME68	America/New_York
	ME69	America/New_York
	ME70	America/New_York
	ME74	America/New_York
	ME75	America/New_York
	ME79	America/New_York
	ME88	America/New_York
	ME89	America/New_York
	ME91	America/New_York
	ME92	America/New_York
	MECT	America/Costa_Rica
	MG13	America/Guatemala
	MGBN	America/Guatemala
	MGES	America/Guatemala
	MGLL	America/Guatemala
	MGML	America/Guatemala
	MGRA	America/Guatemala
	MGSM	America/Guatemala
	MGUX	America/Guatemala
	MGZA	America/Guatemala
	MHAC	America/Tegucigalpa
	MHAG	America/Tegucigalpa
	MHAL	America/Tegucigalpa
	MHAM	America/Tegucigalpa
	MHAN	America/Tegucigalpa
	MHAP	America/Tegucigalpa
	MHAR	America/Tegucigalpa
	MHAS	America/Tegucigalpa
	MHAU	America/Tegucigalpa
	MHAY	America/Tegucigalpa
	MHAZ	America/Tegucigalpa
	MHBA	America/Tegucigalpa
	MHBE	America/Tegucigalpa
	MHBL	America/Tegucigalpa
	MHCB	America/Tegucigalpa
	MHCC	America/Tegucigalpa
	MHCG	America/Tegucigalpa
	MHCI	America/Tegucigalpa
	MHCL	America/Tegucigalpa
	MHCM	America/Tegucigalpa
	MHCO	America/Tegucigalpa
	MHCP	America/Tegucigalpa
	MHCR	America/Tegucigalpa
	MHDU	America/Tegucigalpa
	MHEC	America/Tegucigalpa
	MHEI	America/Tegucigalpa
	MHEL	America/Tegucigalpa
	MHEN	America/Tegucigalpa
	MHEZ	America/Tegucigalpa
	MHFA	America/Tegucigalpa
	MHFC	America/Tegucigalpa
	MHFD	America/Tegucigalpa
	MHFN	America/Tegucigalpa
	MHGA	America/Tegucigalpa
	MHGB	America/Tegucigalpa
	MHGC	America/Tegucigalpa
	MHGE	America/Tegucigalpa
	MHGG	America/Tegucigalpa
	MHGR	America/Tegucigalpa
	MHGY	America/Tegucigalpa
	MHHE	America/Tegucigalpa
	MHHG	America/Tegucigalpa
	MHHO	America/Tegucigalpa
	MHIC	America/Tegucigalpa
	MHIN	America/Tegucigalpa
	MHIZ	America/Tegucigalpa
	MHJC	America/Tegucigalpa
	MHJE	America/Tegucigalpa
	MHJI	America/Tegucigalpa
	MHJO	America/Tegucigalpa
	MHJQ	America/Tegucigalpa
	MHLA	America/Tegucigalpa
	MHLF	America/Tegucigalpa
	MHLG	America/Tegucigalpa
	MHLI	America/Tegucigalpa
	MHLJ	America/Tegucigalpa
	MHLN	America/Tegucigalpa
	MHLP	America/Tegucigalpa
	MHLS	America/Tegucigalpa
	MHLT	America/Tegucigalpa
	MHLU	America/Tegucigalpa
	MHLV	America/Tegucigalpa
	MHLZ	America/Tegucigalpa
	MHMI	America/Tegucigalpa
	MHML	America/Tegucigalpa
	MHMM	America/Tegucigalpa
	MHMN	America/Tegucigalpa
	MHMO	America/Tegucigalpa
	MHMP	America/Tegucigalpa
	MHMS	America/Tegucigalpa
	MHMT	America/Tegucigalpa
	MHNA	America/Tegucigalpa
	MHNB	America/Tegucigalpa
	MHNC	America/Tegucigalpa
	MHNS	America/Tegucigalpa
	MHNV	America/Tegucigalpa
	MHOT	America/Tegucigalpa
	MHPA	America/Tegucigalpa
	MHPI	America/Tegucigalpa
	MHPS	America/Tegucigalpa
	MHPV	America/Tegucigalpa
	MHPY	America/Tegucigalpa
	MHRA	America/Tegucigalpa
	MHRD	America/Tegucigalpa
	MHRH	America/Tegucigalpa
	MHRJ	America/Tegucigalpa
	MHRR	America/Tegucigalpa
	MHRS	America/Tegucigalpa
	MHRY	America/Tegucigalpa
	MHSI	America/Tegucigalpa
	MHSJ	America/Tegucigalpa
	MHSL	America/Tegucigalpa
	MHSN	America/Tegucigalpa
	MHSX	America/Tegucigalpa
	MHSZ	America/Tegucigalpa
	MHTA	America/Tegucigalpa
	MHTB	America/Tegucigalpa
	MHTI	America/Tegucigalpa
	MHTM	America/Tegucigalpa
	MHTO	America/Tegucigalpa
	MHUC	America/Tegucigalpa
	MHUG	America/Tegucigalpa
	MHUH	America/Tegucigalpa
	MHUL	America/Tegucigalpa
	MHUO	America/Tegucigalpa
	MHUY	America/Tegucigalpa
	MHVE	America/Tegucigalpa
	MHVG	America/Tegucigalpa
	MHWA	America/Tegucigalpa
	MHWD	America/Tegucigalpa
	MHWP	America/Tegucigalpa
	MHWR	America/Tegucigalpa
	MHWS	America/Tegucigalpa
	MHWW	America/Tegucigalpa
	MHYX	America/Tegucigalpa
	MHZA	America/Tegucigalpa
	MI03	America/Detroit
	MI05	America/Detroit
	MI09	America/Detroit
	MI10	America/Detroit
	MI11	America/Detroit
	MI12	America/Detroit
	MI13	America/Detroit
	MI15	America/Detroit
	MI17	America/Detroit
	MI18	America/Detroit
	MI23	America/Detroit
	MI25	America/Detroit
	MI26	America/Detroit
	MI27	America/Detroit
	MI28	America/Detroit
	MI29	America/Detroit
	MI30	America/Detroit
	MI31	America/Detroit
	MI34	America/Detroit
	MI35	America/Detroit
	MI39	America/Detroit
	MI41	America/Detroit
	MI45	America/Detroit
	MI47	America/Detroit
	MI48	America/Detroit
	MI53	America/Detroit
	MI55	America/Detroit
	MI58	America/Detroit
	MI60	America/Detroit
	MI68	America/Detroit
	MI69	America/Detroit
	MI70	America/Detroit
	MI71	America/Detroit
	MI78	America/Detroit
	MI80	America/Detroit
	MI82	America/Detroit
	MI83	America/Detroit
	MI86	America/Detroit
	MI88	America/Detroit
	MI93	America/Detroit
	MI98	America/Detroit
	MLLJ	America/Costa_Rica
	MM10	America/Tijuana
	MM11	America/Monterrey
	MM12	America/Mazatlan
	MM13	America/Chihuahua
	MM14	America/Mexico_City
	MM16	America/Monterrey
	MM17	America/Monterrey
	MM20	America/Mexico_City
	MM21	America/Monterrey
	MM22	America/Monterrey
	MM23	America/Tijuana
	MM25	America/Mexico_City
	MM27	America/Mexico_City
	MM28	America/Mexico_City
	MM29	America/Mexico_City
	MM30	America/Mazatlan
	MM31	America/Mexico_City
	MM32	America/Hermosillo
	MM36	America/Monterrey
	MM37	America/Monterrey
	MM38	America/Monterrey
	MM39	America/Mazatlan
	MM41	America/Mexico_City
	MM42	America/Monterrey
	MM44	America/Monterrey
	MM47	America/Mexico_City
	MM48	America/Mexico_City
	MM50	America/Mazatlan
	MM51	America/Monterrey
	MM53	America/Monterrey
	MM54	America/Monterrey
	MM56	America/Monterrey
	MM61	America/Mexico_City
	MM63	America/Mexico_City
	MM64	America/Monterrey
	MM65	America/Hermosillo
	MM66	America/Mexico_City
	MM67	America/Mexico_City
	MM68	America/Monterrey
	MM69	America/Hermosillo
	MM72	America/Merida
	MM73	America/Mexico_City
	MM75	America/Hermosillo
	MM77	America/Chihuahua
	MM79	America/Mazatlan
	MM80	America/Hermosillo
	MM81	America/Mazatlan
	MM82	America/Monterrey
	MM84	America/Chihuahua
	MMAL	America/Monterrey
	MMCH	America/Mexico_City
	MMGT	America/Mexico_City
	MMPC	America/Mexico_City
	MMPP	America/Mazatlan
	MMTA	America/Mexico_City
	MMTB	America/Mexico_City
	MMZP	America/Mexico_City
	MN00	America/Chicago
	MN01	America/Chicago
	MN06	America/Chicago
	MN08	America/Chicago
	MN11	America/Chicago
	MN12	America/Chicago
	MN13	America/Chicago
	MN15	America/Chicago
	MN17	America/Chicago
	MN18	America/Chicago
	MN19	America/Chicago
	MN21	America/Chicago
	MN23	America/Chicago
	MN24	America/Chicago
	MN26	America/Chicago
	MN28	America/Chicago
	MN31	America/Chicago
	MN32	America/Chicago
	MN40	America/Chicago
	MN41	America/Chicago
	MN42	America/Chicago
	MN44	America/Chicago
	MN45	America/Chicago
	MN46	America/Chicago
	MN47	America/Chicago
	MN49	America/Chicago
	MN50	America/Chicago
	MN52	America/Chicago
	MN57	America/Chicago
	MN58	America/Chicago
	MN62	America/Chicago
	MN63	America/Chicago
	MN66	America/Chicago
	MN67	America/Chicago
	MN68	America/Chicago
	MN69	America/Chicago
	MN71	America/Chicago
	MN74	America/Chicago
	MN77	America/Chicago
	MN81	America/Chicago
	MN86	America/Chicago
	MN87	America/Chicago
	MN88	America/Chicago
	MN89	America/Chicago
	MN91	America/Chicago
	MN92	America/Chicago
	MN98	America/Chicago
	MNAL	America/Managua
	MNAM	America/Managua
	MNBC	America/Managua
	MNBR	America/Managua
	MNCH	America/Managua
	MNCT	America/Managua
	MNDM	America/Managua
	MNEP	America/Managua
	MNES	America/Managua
	MNFC	America/Managua
	MNFF	America/Managua
	MNHG	America/Managua
	MNJG	America/Managua
	MNJU	America/Managua
	MNKW	America/Managua
	MNLN	America/Managua
	MNMA	America/Managua
	MNMR	America/Managua
	MNPP	America/Managua
	MNRS	America/Managua
	MO00	America/Chicago
	MO01	America/Chicago
	MO04	America/Chicago
	MO06	America/Chicago
	MO07	America/Chicago
	MO08	America/Chicago
	MO09	America/Chicago
	MO11	America/Chicago
	MO13	America/Chicago
	MO14	America/Chicago
	MO17	America/Chicago
	MO18	America/Chicago
	MO22	America/Chicago
	MO23	America/Chicago
	MO24	America/Chicago
	MO26	America/Chicago
	MO27	America/Chicago
	MO29	America/Chicago
	MO30	America/Chicago
	MO31	America/Chicago
	MO32	America/Chicago
	MO33	America/Chicago
	MO37	America/Chicago
	MO39	America/Chicago
	MO43	America/Chicago
	MO45	America/Chicago
	MO48	America/Chicago
	MO49	America/Chicago
	MO51	America/Chicago
	MO56	America/Chicago
	MO58	America/Chicago
	MO64	America/Chicago
	MO65	America/Chicago
	MO66	America/Chicago
	MO67	America/Chicago
	MO68	America/Chicago
	MO71	America/Chicago
	MO72	America/Chicago
	MO73	America/Chicago
	MO74	America/Chicago
	MO75	America/Chicago
	MO77	America/Chicago
	MO78	America/Chicago
	MO80	America/Chicago
	MO81	America/Chicago
	MO82	America/Chicago
	MO84	America/Chicago
	MO85	America/Chicago
	MO86	America/Chicago
	MO87	America/Chicago
	MO89	America/Chicago
	MO93	America/Chicago
	MO94	America/Chicago
	MO95	America/Chicago
	MO98	America/Chicago
	MO99	America/Chicago
	MP00	America/Panama
	MP01	America/Panama
	MP02	America/Panama
	MP03	America/Panama
	MP17	America/Panama
	MP18	America/Panama
	MP21	America/Panama
	MP22	America/Panama
	MP23	America/Panama
	MP24	America/Panama
	MP26	America/Panama
	MP27	America/Panama
	MPFS	America/Panama
	MPLP	America/Panama
	MPNU	America/Panama
	MPRH	America/Panama
	MPZL	America/Panama
	MRAD	America/Costa_Rica
	MRAJ	America/Costa_Rica
	MRAM	America/Costa_Rica
	MRAR	America/Costa_Rica
	MRAT	America/Costa_Rica
	MRBB	America/Costa_Rica
	MRBM	America/Costa_Rica
	MRBN	America/Costa_Rica
	MRBO	America/Costa_Rica
	MRBP	America/Costa_Rica
	MRCA	America/Costa_Rica
	MRCE	America/Costa_Rica
	MRCI	America/Costa_Rica
	MRCL	America/Costa_Rica
	MRCO	America/Costa_Rica
	MRCV	America/Costa_Rica
	MRCZ	America/Costa_Rica
	MRDC	America/Costa_Rica
	MRDD	America/Costa_Rica
	MRDM	America/Costa_Rica
	MRDO	America/Costa_Rica
	MREC	America/Costa_Rica
	MRED	America/Costa_Rica
	MREO	America/Costa_Rica
	MRER	America/Costa_Rica
	MRET	America/Costa_Rica
	MRFD	America/Costa_Rica
	MRFI	America/Costa_Rica
	MRFP	America/Costa_Rica
	MRFS	America/Costa_Rica
	MRGA	America/Costa_Rica
	MRGT	America/Costa_Rica
	MRHG	America/Costa_Rica
	MRHH	America/Costa_Rica
	MRHO	America/Costa_Rica
	MRHP	America/Costa_Rica
	MRHS	America/Costa_Rica
	MRIS	America/Costa_Rica
	MRJO	America/Costa_Rica
	MRLA	America/Costa_Rica
	MRLE	America/Costa_Rica
	MRLF	America/Costa_Rica
	MRLG	America/Costa_Rica
	MRLI	America/Costa_Rica
	MRLL	America/Costa_Rica
	MRLN	America/Costa_Rica
	MRLP	America/Costa_Rica
	MRLT	America/Costa_Rica
	MRLV	America/Costa_Rica
	MRLY	America/Costa_Rica
	MRLZ	America/Costa_Rica
	MRMA	America/Costa_Rica
	MRMC	America/Costa_Rica
	MRPA	America/Costa_Rica
	MRPB	America/Costa_Rica
	MRPC	America/Costa_Rica
	MRPD	America/Costa_Rica
	MRPL	America/Costa_Rica
	MRPN	America/Costa_Rica
	MRPO	America/Costa_Rica
	MRPP	America/Costa_Rica
	MRPS	America/Costa_Rica
	MRPT	America/Costa_Rica
	MRPY	America/Costa_Rica
	MRQA	America/Costa_Rica
	MRRH	America/Costa_Rica
	MRRN	America/Costa_Rica
	MRRX	America/Costa_Rica
	MRSA	America/Costa_Rica
	MRSB	America/Costa_Rica
	MRSC	America/Costa_Rica
	MRSF	America/Costa_Rica
	MRSG	America/Costa_Rica
	MRSH	America/Costa_Rica
	MRSL	America/Costa_Rica
	MRSM	America/Costa_Rica
	MRSO	America/Costa_Rica
	MRSP	America/Costa_Rica
	MRSQ	America/Costa_Rica
	MRSR	America/Costa_Rica
	MRST	America/Costa_Rica
	MRSX	America/Costa_Rica
	MRTB	America/Costa_Rica
	MRTG	America/Costa_Rica
	MRTL	America/Costa_Rica
	MRYT	America/Costa_Rica
	MRZP	America/Costa_Rica
	MS03	America/Chicago
	MS06	America/Chicago
	MS08	America/Chicago
	MS09	America/Chicago
	MS11	America/Chicago
	MS13	America/Chicago
	MS14	America/Chicago
	MS20	America/Chicago
	MS21	America/Chicago
	MS26	America/Chicago
	MS29	America/Chicago
	MS33	America/Chicago
	MS35	America/Chicago
	MS36	America/Chicago
	MS37	America/Chicago
	MS39	America/Chicago
	MS40	America/Chicago
	MS41	America/Chicago
	MS43	America/Chicago
	MS44	America/Chicago
	MS45	America/Chicago
	MS48	America/Chicago
	MS50	America/Chicago
	MS51	America/Chicago
	MS55	America/Chicago
	MS57	America/Chicago
	MS58	America/Chicago
	MS59	America/Chicago
	MS61	America/Chicago
	MS62	America/Chicago
	MS63	America/Chicago
	MS64	America/Chicago
	MS65	America/Chicago
	MS69	America/Chicago
	MS70	America/Chicago
	MS71	America/Chicago
	MS75	America/Chicago
	MS76	America/Chicago
	MS77	America/Chicago
	MS80	America/Chicago
	MS82	America/Chicago
	MS88	America/Chicago
	MS90	America/Chicago
	MS92	America/Chicago
	MS93	America/Chicago
	MS95	America/Chicago
	MS96	America/Chicago
	MSAC	America/El_Salvador
	MSBS	America/El_Salvador
	MSCD	America/El_Salvador
	MSCH	America/El_Salvador
	MSCM	America/El_Salvador
	MSCN	America/El_Salvador
	MSCR	America/El_Salvador
	MSES	America/El_Salvador
	MSET	America/El_Salvador
	MSJC	America/El_Salvador
	MSLC	America/El_Salvador
	MSLD	America/El_Salvador
	MSLG	America/El_Salvador
	MSLM	America/El_Salvador
	MSPT	America/El_Salvador
	MSRC	America/El_Salvador
	MSSA	America/El_Salvador
	MSSJ	America/El_Salvador
	MSSM	America/El_Salvador
	MSSN	America/El_Salvador
	MSZT	America/El_Salvador
	MT01	America/Denver
	MT03	America/Denver
	MT04	America/Denver
	MT05	America/Denver
	MT06	America/Denver
	MT08	America/Denver
	MT13	America/Denver
	MT15	America/Denver
	MT18	America/Denver
	MT19	America/Denver
	MT21	America/Denver
	MT22	America/Denver
	MT24	America/Denver
	MT26	America/Denver
	MT29	America/Denver
	MT32	America/Denver
	MT34	America/Denver
	MT36	America/Denver
	MT37	America/Denver
	MT38	America/Denver
	MT40	America/Denver
	MT41	America/Denver
	MT43	America/Denver
	MT45	America/Denver
	MT46	America/Denver
	MT48	America/Denver
	MT49	America/Denver
	MT50	America/Denver
	MT51	America/Denver
	MT52	America/Denver
	MT53	America/Denver
	MT54	America/Denver
	MT56	America/Denver
	MT57	America/Denver
	MT58	America/Denver
	MT60	America/Denver
	MT61	America/Denver
	MT63	America/Denver
	MT65	America/Denver
	MT66	America/Denver
	MT68	America/Denver
	MT69	America/Denver
	MT71	America/Denver
	MT72	America/Denver
	MT73	America/Denver
	MT77	America/Denver
	MT79	America/Denver
	MT80	America/Denver
	MT81	America/Denver
	MT82	America/Denver
	MT83	America/Denver
	MT84	America/Denver
	MT85	America/Denver
	MT86	America/Denver
	MT89	America/Denver
	MT92	America/Denver
	MT94	America/Denver
	MT95	America/Denver
	MT96	America/Denver
	MTPX	America/Port-au-Prince
	MTRH	America/Tegucigalpa
	MU00	America/Chicago
	MU02	America/Chicago
	MU04	America/Chicago
	MU06	America/Chicago
	MU07	America/Chicago
	MU09	America/Chicago
	MU11	America/Chicago
	MU14	America/Chicago
	MU18	America/Chicago
	MU20	America/Chicago
	MU21	America/Chicago
	MU22	America/Chicago
	MU23	America/Chicago
	MU24	America/Chicago
	MU25	America/Chicago
	MU26	America/Chicago
	MU27	America/Chicago
	MU31	America/Chicago
	MU32	America/Chicago
	MU35	America/Chicago
	MU38	America/Chicago
	MU41	America/Chicago
	MU48	America/Chicago
	MU57	America/Chicago
	MU62	America/Chicago
	MU63	America/Chicago
	MU65	America/Chicago
	MU68	America/Chicago
	MU70	America/Chicago
	MU73	America/Chicago
	MU77	America/Chicago
	MU83	America/Chicago
	MU84	America/Chicago
	MU88	America/Chicago
	MU89	America/Chicago
	MU97	America/Chicago
	MU98	America/Chicago
	MU99	America/Chicago
	MUAT	America/Havana
	MUBE	America/Havana
	MUBO	America/Havana
	MUCB	America/Havana
	MUCD	America/Havana
	MUCV	America/Havana
	MUCY	America/Havana
	MUFL	America/Havana
	MUGA	America/Havana
	MUGV	America/Havana
	MUIV	America/Havana
	MULB	America/Havana
	MUMG	America/Havana
	MUMH	America/Havana
	MUMT	America/Havana
	MUPA	America/Havana
	MUSA	America/Havana
	MUSG	America/Havana
	MUSL	America/Havana
	MUTI	America/Havana
	MY00	America/Chicago
	MY01	America/Chicago
	MY02	America/Chicago
	MY10	America/Chicago
	MY12	America/Chicago
	MY15	America/Chicago
	MY17	America/Chicago
	MY18	America/Chicago
	MY29	America/Chicago
	MY35	America/Chicago
	MY37	America/Chicago
	MY43	America/Chicago
	MY46	America/Chicago
	MY50	America/Chicago
	MY52	America/Chicago
	MY54	America/Chicago
	MY56	America/Chicago
	MY57	America/Chicago
	MY59	America/Chicago
	MY66	America/Chicago
	MY68	America/Chicago
	MY72	America/Chicago
	MY88	America/Chicago
	MY90	America/Chicago
	MY94	America/Chicago
	MY95	America/Chicago
	MY97	America/Chicago
	MY99	America/Chicago
	MYA0	America/Nassau
	MYAG	America/Nassau
	MYAS	America/Nassau
	MYAX	America/Nassau
	MYCH	America/Nassau
	MYCS	America/Nassau
	MYCX	America/Nassau
	MYEB	America/Nassau
	MYEG	America/Nassau
	MYEL	America/Nassau
	MYGD	America/Nassau
	MYGM	America/Nassau
	MYX4	America/Nassau
	MYX5	America/Nassau
	MYX7	America/Nassau
	MYX8	America/Nassau
	MYXC	America/Nassau
	MYXD	America/Nassau
	MYXH	America/Nassau
	MYZ2	America/Nassau
	MYZ3	America/Nassau
	NA02	America/Chicago
	NA07	America/Chicago
	NA10	America/Chicago
	NA12	America/Chicago
	NA13	America/Chicago
	NA17	America/Chicago
	NA18	America/Chicago
	NA21	America/Chicago
	NA32	America/Chicago
	NA33	America/Chicago
	NA38	America/Chicago
	NA49	America/Chicago
	NA54	America/Chicago
	NA55	America/Chicago
	NA56	America/Chicago
	NA60	America/Chicago
	NA63	America/Chicago
	NA73	America/Chicago
	NA75	America/Chicago
	NA79	America/Chicago
	NA81	America/Chicago
	NA84	America/Chicago
	NA86	America/Chicago
	NA98	America/Denver
	NC01	America/New_York
	NC02	America/New_York
	NC03	America/New_York
	NC05	America/New_York
	NC06	America/New_York
	NC08	America/New_York
	NC09	America/New_York
	NC10	America/New_York
	NC11	America/New_York
	NC12	America/New_York
	NC13	America/New_York
	NC14	America/New_York
	NC15	America/New_York
	NC19	America/New_York
	NC21	America/New_York
	NC22	America/New_York
	NC25	America/New_York
	NC26	America/New_York
	NC27	America/New_York
	NC28	America/New_York
	NC29	America/New_York
	NC30	America/New_York
	NC31	America/New_York
	NC32	America/New_York
	NC34	America/New_York
	NC35	America/New_York
	NC36	America/New_York
	NC37	America/New_York
	NC39	America/New_York
	NC40	America/New_York
	NC42	America/New_York
	NC43	America/New_York
	NC44	America/New_York
	NC48	America/New_York
	NC49	America/New_York
	NC50	America/New_York
	NC52	America/New_York
	NC54	America/New_York
	NC56	America/New_York
	NC58	America/New_York
	NC59	America/New_York
	NC61	America/New_York
	NC63	America/New_York
	NC64	America/New_York
	NC65	America/New_York
	NC66	America/New_York
	NC67	America/New_York
	NC71	America/New_York
	NC72	America/New_York
	NC73	America/New_York
	NC74	America/New_York
	NC75	America/New_York
	NC76	America/New_York
	NC77	America/New_York
	NC81	America/New_York
	NC82	America/New_York
	NC84	America/New_York
	NC86	America/New_York
	NC93	America/New_York
	NC97	America/New_York
	NC99	America/New_York
	NCMN	Pacific/Rarotonga
	ND02	America/Chicago
	ND07	America/Chicago
	ND09	America/Chicago
	ND10	America/Chicago
	ND12	America/Chicago
	ND14	America/Chicago
	ND15	America/North_Dakota/Center
	ND16	America/Denver
	ND18	America/Chicago
	ND19	America/Chicago
	ND22	America/Chicago
	ND25	America/Chicago
	ND26	America/Chicago
	ND29	America/Chicago
	ND35	America/Chicago
	ND36	America/Chicago
	ND38	America/Chicago
	ND40	America/Chicago
	ND41	America/Chicago
	ND42	America/Chicago
	ND43	America/Chicago
	ND44	America/Chicago
	ND47	America/Chicago
	ND53	America/Chicago
	ND54	America/Chicago
	ND55	America/Chicago
	ND56	America/Chicago
	ND58	America/Chicago
	ND60	America/Chicago
	ND62	America/Denver
	ND64	America/Chicago
	ND68	America/Chicago
	ND73	America/Chicago
	ND74	America/Chicago
	ND75	America/Chicago
	ND82	America/Chicago
	ND83	America/Chicago
	ND84	America/Chicago
	ND85	America/Chicago
	ND86	America/Chicago
	ND90	America/Chicago
	ND96	America/Chicago
	ND98	America/Chicago
	ND99	America/Chicago
	NE01	America/Chicago
	NE06	America/Chicago
	NE08	America/Denver
	NE12	America/Chicago
	NE15	America/Chicago
	NE20	America/Chicago
	NE21	America/Chicago
	NE24	America/Chicago
	NE25	America/Chicago
	NE26	America/Chicago
	NE29	America/Chicago
	NE30	America/Chicago
	NE33	America/Chicago
	NE34	America/Denver
	NE35	America/Chicago
	NE36	America/Chicago
	NE38	America/Chicago
	NE40	America/Chicago
	NE42	America/Chicago
	NE43	America/Chicago
	NE44	America/Chicago
	NE45	America/Chicago
	NE46	America/Chicago
	NE49	America/Chicago
	NE51	America/Chicago
	NE53	America/Denver
	NE56	America/Chicago
	NE57	America/Chicago
	NE64	America/Chicago
	NE65	America/Chicago
	NE67	America/Chicago
	NE73	America/Denver
	NE75	America/Chicago
	NE78	America/Chicago
	NE79	America/Chicago
	NE80	America/Chicago
	NE81	America/Chicago
	NE82	America/Chicago
	NE83	America/Chicago
	NE85	America/Chicago
	NE89	America/Chicago
	NE92	America/Chicago
	NE95	America/Chicago
	NFFA	Pacific/Fiji
	NFKB	Pacific/Fiji
	NH07	America/New_York
	NH16	America/New_York
	NH17	America/New_York
	NH18	America/New_York
	NH30	America/New_York
	NH31	America/New_York
	NH38	America/New_York
	NH39	America/New_York
	NH40	America/New_York
	NH49	America/New_York
	NH60	America/New_York
	NH61	America/New_York
	NH67	America/New_York
	NH69	America/New_York
	NH76	America/New_York
	NH78	America/New_York
	NH84	America/New_York
	NH86	America/New_York
	NH88	America/New_York
	NH96	America/New_York
	NJ09	America/New_York
	NJ20	America/New_York
	NJ24	America/New_York
	NJ25	America/New_York
	NJ46	America/New_York
	NJ50	America/New_York
	NJ60	America/New_York
	NJ61	America/New_York
	NJ63	America/New_York
	NJ65	America/New_York
	NJ72	America/New_York
	NJ74	America/New_York
	NJ79	America/New_York
	NJ84	America/New_York
	NJ95	America/New_York
	NK01	America/New_York
	NK05	America/New_York
	NK08	America/New_York
	NK09	America/New_York
	NK12	America/New_York
	NK16	America/New_York
	NK17	America/New_York
	NK19	America/New_York
	NK26	America/New_York
	NK27	America/New_York
	NK31	America/New_York
	NK35	America/New_York
	NK43	America/New_York
	NK51	America/New_York
	NK53	America/New_York
	NK54	America/New_York
	NK68	America/New_York
	NK71	America/New_York
	NK72	America/New_York
	NK74	America/New_York
	NK79	America/New_York
	NK87	America/New_York
	NM01	America/Denver
	NM02	America/Denver
	NM03	America/Denver
	NM05	America/Denver
	NM08	America/Denver
	NM09	America/Denver
	NM10	America/Denver
	NM12	America/Denver
	NM14	America/Denver
	NM16	America/Denver
	NM17	America/Denver
	NM24	America/Denver
	NM30	America/Denver
	NM32	America/Denver
	NM33	America/Denver
	NM37	America/Denver
	NM40	America/Denver
	NM41	America/Denver
	NM42	America/Denver
	NM47	America/Denver
	NM48	America/Denver
	NM51	America/Denver
	NM53	America/Denver
	NM54	America/Denver
	NM55	America/Denver
	NM56	America/Denver
	NM61	America/Denver
	NM64	America/Denver
	NM66	America/Denver
	NM69	America/Denver
	NM70	America/Denver
	NM73	America/Denver
	NM78	America/Denver
	NM80	America/Denver
	NM84	America/Denver
	NM86	America/Denver
	NM88	America/Denver
	NM89	America/Denver
	NM90	America/Denver
	NM91	America/Denver
	NM92	America/Denver
	NM99	America/Denver
	NR02	America/New_York
	NR04	America/New_York
	NR08	America/New_York
	NR13	America/New_York
	NR20	America/New_York
	NR21	America/New_York
	NR32	America/New_York
	NR33	America/New_York
	NR37	America/New_York
	NR40	America/New_York
	NR42	America/New_York
	NR57	America/New_York
	NR70	America/New_York
	NR72	America/New_York
	NR76	America/New_York
	NR77	America/New_York
	NR82	America/New_York
	NR88	America/New_York
	NR92	America/New_York
	NR94	America/New_York
	NSAS	Pacific/Pago_Pago
	NTGR	Pacific/Tahiti
	NTGS	Pacific/Gambier
	NV00	America/Los_Angeles
	NV02	America/Los_Angeles
	NV04	America/Los_Angeles
	NV05	America/Los_Angeles
	NV06	America/Los_Angeles
	NV07	America/Los_Angeles
	NV08	America/Los_Angeles
	NV09	America/Los_Angeles
	NV12	America/Los_Angeles
	NV14	America/Los_Angeles
	NV22	America/Los_Angeles
	NV27	America/Los_Angeles
	NV30	America/Los_Angeles
	NV31	America/Los_Angeles
	NV33	America/Los_Angeles
	NV39	America/Los_Angeles
	NV47	America/Los_Angeles
	NV55	America/Los_Angeles
	NV64	America/Los_Angeles
	NV67	America/Los_Angeles
	NV68	America/Los_Angeles
	NV72	America/Los_Angeles
	NV83	America/Los_Angeles
	NV88	America/Los_Angeles
	NV89	America/Los_Angeles
	NV96	America/Los_Angeles
	NV97	America/Los_Angeles
	NV98	America/Los_Angeles
	NV99	America/Los_Angeles
	NVVJ	Pacific/Efate
	NVVK	Pacific/Efate
	NWWB	Pacific/Noumea
	NWWF	Pacific/Noumea
	NWWS	Pacific/Noumea
	NWWT	Pacific/Noumea
	NWWX	Pacific/Noumea
	NWWY	Pacific/Noumea
	NY01	America/New_York
	NY02	America/New_York
	NY03	America/New_York
	NY05	America/New_York
	NY06	America/New_York
	NY07	America/New_York
	NY10	America/New_York
	NY11	America/New_York
	NY15	America/New_York
	NY16	America/New_York
	NY17	America/New_York
	NY18	America/New_York
	NY19	America/New_York
	NY20	America/New_York
	NY23	America/New_York
	NY24	America/New_York
	NY25	America/New_York
	NY26	America/New_York
	NY27	America/New_York
	NY28	America/New_York
	NY29	America/New_York
	NY31	America/New_York
	NY33	America/New_York
	NY35	America/New_York
	NY37	America/New_York
	NY39	America/New_York
	NY41	America/New_York
	NY42	America/New_York
	NY48	America/New_York
	NY49	America/New_York
	NY50	America/New_York
	NY51	America/New_York
	NY53	America/New_York
	NY55	America/New_York
	NY57	America/New_York
	NY59	America/New_York
	NY60	America/New_York
	NY62	America/New_York
	NY63	America/New_York
	NY64	America/New_York
	NY66	America/New_York
	NY68	America/New_York
	NY70	America/New_York
	NY72	America/New_York
	NY74	America/New_York
	NY75	America/New_York
	NY76	America/New_York
	NY78	America/New_York
	NY79	America/New_York
	NY82	America/New_York
	NY87	America/New_York
	NY88	America/New_York
	NY89	America/New_York
	NY91	America/New_York
	NY92	America/New_York
	NY94	America/New_York
	NY95	America/New_York
	NY96	America/New_York
	NY97	America/New_York
	NZ12	Antarctica/Palmer
	NZAE	Pacific/Auckland
	NZAG	Pacific/Auckland
	NZAN	Pacific/Auckland
	NZBA	Pacific/Auckland
	NZCB	Pacific/Auckland
	NZCS	Pacific/Auckland
	NZDV	Pacific/Auckland
	NZES	Pacific/Auckland
	NZFF	Pacific/Auckland
	NZFI	Pacific/Auckland
	NZFP	Pacific/Auckland
	NZFT	Pacific/Auckland
	NZGA	Pacific/Auckland
	NZGC	Pacific/Auckland
	NZGR	Pacific/Auckland
	NZGY	Pacific/Auckland
	NZHA	Pacific/Auckland
	NZHB	Pacific/Auckland
	NZHP	Pacific/Auckland
	NZHR	Pacific/Auckland
	NZHS	Pacific/Auckland
	NZHT	Pacific/Auckland
	NZIR	Antarctica/McMurdo
	NZKC	Pacific/Auckland
	NZKD	Pacific/Auckland
	NZKF	Pacific/Auckland
	NZKM	Pacific/Auckland
	NZKY	Pacific/Auckland
	NZLD	Pacific/Auckland
	NZLE	Pacific/Auckland
	NZME	Pacific/Auckland
	NZMJ	Pacific/Auckland
	NZML	Pacific/Auckland
	NZMR	Pacific/Auckland
	NZMT	Pacific/Auckland
	NZMW	Pacific/Auckland
	NZMZ	Pacific/Auckland
	NZNE	Pacific/Auckland
	NZOA	Pacific/Auckland
	NZOI	Pacific/Auckland
	NZOM	Pacific/Auckland
	NZOP	Pacific/Auckland
	NZOX	Pacific/Auckland
	NZPA	Pacific/Auckland
	NZPG	Antarctica/McMurdo
	NZPH	Pacific/Auckland
	NZPI	Pacific/Auckland
	NZPK	Pacific/Auckland
	NZPO	Pacific/Auckland
	NZRI	Pacific/Auckland
	NZRK	Pacific/Auckland
	NZRT	Pacific/Auckland
	NZRU	Pacific/Auckland
	NZRW	Pacific/Auckland
	NZRX	Pacific/Auckland
	NZSD	Pacific/Auckland
	NZSL	Pacific/Auckland
	NZSP	Antarctica/McMurdo
	NZTA	Pacific/Auckland
	NZTE	Pacific/Auckland
	NZTI	Pacific/Auckland
	NZTL	Pacific/Auckland
	NZTM	Pacific/Auckland
	NZTN	Pacific/Auckland
	NZTT	Pacific/Auckland
	NZTZ	Pacific/Auckland
	NZUN	Pacific/Auckland
	NZVL	Pacific/Auckland
	NZVR	Pacific/Auckland
	NZWD	Antarctica/McMurdo
	NZWJ	Pacific/Auckland
	NZWL	Pacific/Auckland
	NZWM	Pacific/Auckland
	NZWP	Pacific/Auckland
	NZWV	Pacific/Auckland
	NZYP	Pacific/Auckland
	OA00	America/New_York
	OA04	America/New_York
	OA07	America/New_York
	OA10	America/New_York
	OA12	America/New_York
	OA14	America/New_York
	OA16	America/New_York
	OA19	America/New_York
	OA86	America/New_York
	OAKG	Asia/Kabul
	OAQM	Asia/Kabul
	OASG	Asia/Kabul
	OAYQ	Asia/Kabul
	OAYW	Asia/Kabul
	OBBS	Asia/Bahrain
	OE43	Asia/Riyadh
	OE45	Asia/Riyadh
	OE46	Asia/Riyadh
	OE47	Asia/Riyadh
	OE48	Asia/Riyadh
	OE49	Asia/Riyadh
	OE51	Asia/Riyadh
	OE52	Asia/Riyadh
	OE53	Asia/Riyadh
	OE54	Asia/Riyadh
	OE55	Asia/Riyadh
	OE56	Asia/Riyadh
	OEAA	Asia/Riyadh
	OEBQ	Asia/Riyadh
	OEBT	Asia/Riyadh
	OEDR	Asia/Riyadh
	OEHR	Asia/Riyadh
	OEHW	Asia/Riyadh
	OEJF	Asia/Riyadh
	OEKR	Asia/Riyadh
	OENR	Asia/Riyadh
	OEPC	Asia/Riyadh
	OEPF	Asia/Riyadh
	OEPI	Asia/Riyadh
	OEPJ	Asia/Riyadh
	OEPK	Asia/Riyadh
	OERB	Asia/Riyadh
	OERM	Asia/Riyadh
	OERT	Asia/Riyadh
	OESB	Asia/Riyadh
	OETH	Asia/Riyadh
	OETN	Asia/Riyadh
	OEUD	Asia/Riyadh
	OEUM	Asia/Riyadh
	OG00	America/Los_Angeles
	OG01	America/Los_Angeles
	OG02	America/Los_Angeles
	OG06	America/Los_Angeles
	OG07	America/Los_Angeles
	OG10	America/Los_Angeles
	OG13	America/Los_Angeles
	OG14	America/Los_Angeles
	OG15	America/Los_Angeles
	OG16	America/Los_Angeles
	OG19	America/Los_Angeles
	OG20	America/Los_Angeles
	OG21	America/Los_Angeles
	OG23	America/Los_Angeles
	OG24	America/Los_Angeles
	OG25	America/Los_Angeles
	OG27	America/Los_Angeles
	OG28	America/Los_Angeles
	OG29	America/Los_Angeles
	OG30	America/Los_Angeles
	OG31	America/Los_Angeles
	OG33	America/Los_Angeles
	OG34	America/Los_Angeles
	OG36	America/Los_Angeles
	OG39	America/Los_Angeles
	OG40	America/Los_Angeles
	OG41	America/Los_Angeles
	OG42	America/Los_Angeles
	OG44	America/Los_Angeles
	OG45	America/Los_Angeles
	OG48	America/Los_Angeles
	OG49	America/Los_Angeles
	OG50	America/Boise
	OG51	America/Los_Angeles
	OG52	America/Los_Angeles
	OG53	America/Los_Angeles
	OG54	America/Los_Angeles
	OG63	America/Los_Angeles
	OH03	America/New_York
	OH07	America/New_York
	OH09	America/New_York
	OH12	America/New_York
	OH15	America/New_York
	OH18	America/New_York
	OH20	America/New_York
	OH21	America/New_York
	OH22	America/New_York
	OH28	America/New_York
	OH29	America/New_York
	OH32	America/New_York
	OH33	America/New_York
	OH34	America/New_York
	OH36	America/New_York
	OH38	America/New_York
	OH40	America/New_York
	OH42	America/New_York
	OH44	America/New_York
	OH46	America/New_York
	OH48	America/New_York
	OH51	America/New_York
	OH55	America/New_York
	OH56	America/New_York
	OH60	America/New_York
	OH61	America/New_York
	OH63	America/New_York
	OH64	America/New_York
	OH65	America/New_York
	OH66	America/New_York
	OH71	America/New_York
	OH77	America/New_York
	OH82	America/New_York
	OH86	America/New_York
	OH87	America/New_York
	OH90	America/New_York
	OH92	America/New_York
	OH93	America/New_York
	OH94	America/New_York
	OH95	America/New_York
	OH96	America/New_York
	OH97	America/New_York
	OH98	America/New_York
	OH99	America/New_York
	OI03	Asia/Tehran
	OI06	America/New_York
	OI11	America/New_York
	OI13	Asia/Tehran
	OI19	Asia/Tehran
	OI1C	Asia/Tehran
	OI20	Asia/Tehran
	OI21	Asia/Tehran
	OI24	Asia/Tehran
	OI25	America/New_York
	OI28	America/New_York
	OI32	America/New_York
	OI36	America/New_York
	OI38	America/New_York
	OI40	America/New_York
	OI41	America/New_York
	OI52	America/New_York
	OI55	America/New_York
	OI57	America/New_York
	OI58	America/New_York
	OI60	America/New_York
	OI62	America/New_York
	OI69	America/New_York
	OI71	America/New_York
	OI72	America/New_York
	OI73	America/New_York
	OI77	America/New_York
	OI82	America/New_York
	OI85	America/New_York
	OI88	America/New_York
	OI91	America/New_York
	OI98	America/New_York
	OIAI	Asia/Tehran
	OIBN	Asia/Tehran
	OICB	Asia/Tehran
	OICD	Asia/Tehran
	OICG	Asia/Tehran
	OICZ	Asia/Tehran
	OIFH	Asia/Tehran
	OIFP	Asia/Tehran
	OIFV	Asia/Tehran
	OIHM	Asia/Tehran
	OIIA	Asia/Tehran
	OIIC	Asia/Tehran
	OIID	Asia/Tehran
	OIIG	Asia/Tehran
	OIIM	Asia/Tehran
	OIIQ	Asia/Tehran
	OIIU	Asia/Tehran
	OIKF	Asia/Tehran
	OIMD	Asia/Tehran
	OIMH	Asia/Tehran
	OIMX	Asia/Tehran
	OINA	Asia/Tehran
	OINB	Asia/Tehran
	OINH	Asia/Tehran
	OINI	Asia/Tehran
	OINM	Asia/Tehran
	OISA	Asia/Tehran
	OISD	Asia/Tehran
	OISO	Asia/Tehran
	OITS	Asia/Tehran
	OIYB	Asia/Tehran
	OIZJ	Asia/Tehran
	OIZS	Asia/Tehran
	OJ38	Asia/Amman
	OJ40	Asia/Amman
	OJHF	Asia/Amman
	OK00	America/Chicago
	OK01	America/Chicago
	OK02	America/Chicago
	OK03	America/Chicago
	OK05	America/Chicago
	OK06	America/Chicago
	OK07	America/Chicago
	OK08	America/Chicago
	OK10	America/Chicago
	OK11	America/Chicago
	OK12	America/Chicago
	OK14	America/Chicago
	OK15	America/Chicago
	OK16	America/Chicago
	OK17	America/Chicago
	OK20	America/Chicago
	OK21	America/Chicago
	OK23	America/Chicago
	OK24	America/Chicago
	OK25	America/Chicago
	OK28	America/Chicago
	OK29	America/Chicago
	OK32	America/Chicago
	OK34	America/Chicago
	OK36	America/Chicago
	OK37	America/Chicago
	OK39	America/Chicago
	OK40	America/Chicago
	OK42	America/Chicago
	OK43	America/Chicago
	OK46	America/Chicago
	OK47	America/Chicago
	OK48	America/Chicago
	OK50	America/Chicago
	OK51	America/Chicago
	OK54	America/Chicago
	OK55	America/Chicago
	OK56	America/Chicago
	OK58	America/Chicago
	OK60	America/Chicago
	OK62	America/Chicago
	OK64	America/Chicago
	OK66	America/Chicago
	OK67	America/Chicago
	OK68	America/Chicago
	OK69	America/Chicago
	OK70	America/Chicago
	OK71	America/Chicago
	OK72	America/Chicago
	OK77	America/Chicago
	OK78	America/Chicago
	OK81	America/Chicago
	OK82	America/Chicago
	OK88	America/Chicago
	OK89	America/Chicago
	OK90	America/Chicago
	OK91	America/Chicago
	OK93	America/Chicago
	OK94	America/Chicago
	OK95	America/Chicago
	OK96	America/Chicago
	OK97	America/Chicago
	OK98	America/Chicago
	OK99	America/Chicago
	OKAS	Asia/Kuwait
	OKDI	Asia/Kuwait
	OL02	America/Los_Angeles
	OL03	America/Chicago
	OL05	America/Los_Angeles
	OL10	America/Chicago
	OL12	America/Chicago
	OL18	America/Chicago
	OL19	America/Chicago
	OL20	America/Chicago
	OL23	America/Chicago
	OL24	America/Chicago
	OL25	America/Chicago
	OL26	America/Chicago
	OL27	America/Chicago
	OL28	America/Chicago
	OL29	America/Chicago
	OL30	America/Chicago
	OL31	America/Chicago
	OL32	America/Chicago
	OL35	America/Chicago
	OL36	America/Chicago
	OL37	America/Chicago
	OL38	America/Chicago
	OL39	America/Chicago
	OL40	America/Chicago
	OL41	America/Chicago
	OL42	America/Chicago
	OL44	America/Chicago
	OL46	America/Chicago
	OL47	America/Chicago
	OL48	America/Chicago
	OL49	America/Chicago
	OL51	America/Chicago
	OL55	America/Chicago
	OL56	America/Chicago
	OL60	America/Chicago
	OL68	America/Chicago
	OL70	America/Chicago
	OL99	America/Anchorage
	OLRA	Asia/Beirut
	OMAB	Asia/Dubai
	OMAF	Asia/Dubai
	OMAG	Asia/Dubai
	OMAH	Asia/Dubai
	OMAJ	Asia/Dubai
	OMAQ	Asia/Dubai
	OMAR	Asia/Dubai
	OMAS	Asia/Dubai
	OMAZ	Asia/Dubai
	OMDL	Asia/Dubai
	OMLW	Asia/Dubai
	OMRS	Asia/Dubai
	OMUQ	Asia/Dubai
	OOFQ	Asia/Muscat
	OOHA	Asia/Muscat
	OOIA	Asia/Muscat
	OOIZ	Asia/Muscat
	OOSQ	Asia/Muscat
	OOYB	Asia/Muscat
	OP10	Asia/Karachi
	OP11	Asia/Karachi
	OP13	Asia/Karachi
	OP14	Asia/Karachi
	OP15	Asia/Karachi
	OP16	Asia/Karachi
	OP17	Asia/Karachi
	OP18	Asia/Karachi
	OP19	Asia/Karachi
	OP1A	Asia/Karachi
	OP1Y	Asia/Karachi
	OP21	Asia/Karachi
	OP22	Asia/Karachi
	OP23	Asia/Karachi
	OP25	Asia/Karachi
	OP26	Asia/Karachi
	OP27	Asia/Karachi
	OP28	Asia/Karachi
	OP31	Asia/Karachi
	OP32	Asia/Karachi
	OP33	Asia/Karachi
	OP34	Asia/Karachi
	OP35	Asia/Karachi
	OP36	Asia/Karachi
	OP37	Asia/Karachi
	OPBL	Asia/Karachi
	OPCT	Asia/Karachi
	OPDK	Asia/Karachi
	OPKA	Asia/Karachi
	OPKE	Asia/Karachi
	OPKF	Asia/Karachi
	OPKK	Asia/Karachi
	OPKL	Asia/Karachi
	OPKN	Asia/Karachi
	OPLH	Asia/Karachi
	OPMK	Asia/Karachi
	OPMN	Asia/Karachi
	OPMR	Asia/Karachi
	OPMS	Asia/Karachi
	OPOK	Asia/Karachi
	OPPN	Asia/Karachi
	OPQS	Asia/Karachi
	OPRN	Asia/Karachi
	OPRQ	Asia/Karachi
	OPRS	Asia/Karachi
	OPSF	Asia/Karachi
	OPSP	Asia/Karachi
	OR00	America/Los_Angeles
	OR01	America/Los_Angeles
	OR03	America/Los_Angeles
	OR04	America/Los_Angeles
	OR05	America/Los_Angeles
	OR06	America/Los_Angeles
	OR07	America/Los_Angeles
	OR08	America/Los_Angeles
	OR09	America/Los_Angeles
	OR10	America/Los_Angeles
	OR11	America/Los_Angeles
	OR12	America/Los_Angeles
	OR13	America/Los_Angeles
	OR14	America/Boise
	OR16	America/Los_Angeles
	OR17	America/Los_Angeles
	OR20	America/Los_Angeles
	OR21	America/Los_Angeles
	OR22	America/Los_Angeles
	OR23	America/Los_Angeles
	OR25	America/Los_Angeles
	OR27	America/Los_Angeles
	OR28	America/Los_Angeles
	OR29	America/Los_Angeles
	OR30	America/Los_Angeles
	OR31	America/Los_Angeles
	OR32	America/Los_Angeles
	OR34	America/Los_Angeles
	OR35	America/Los_Angeles
	OR38	America/Los_Angeles
	OR39	America/Los_Angeles
	OR40	America/Los_Angeles
	OR41	America/Los_Angeles
	OR42	America/Los_Angeles
	OR44	America/Los_Angeles
	OR45	America/Los_Angeles
	OR46	America/Los_Angeles
	OR47	America/Los_Angeles
	OR48	America/Los_Angeles
	OR50	America/Los_Angeles
	OR51	America/Los_Angeles
	OR52	America/Los_Angeles
	OR53	America/Los_Angeles
	OR54	America/Los_Angeles
	OR57	America/Los_Angeles
	OR59	America/Los_Angeles
	OR60	America/Los_Angeles
	OR61	America/Los_Angeles
	OR62	America/Los_Angeles
	OR65	America/Los_Angeles
	OR66	America/Los_Angeles
	OR67	America/Los_Angeles
	OR70	America/Los_Angeles
	OR71	America/Los_Angeles
	OR72	America/Los_Angeles
	OR74	America/Los_Angeles
	OR76	America/Los_Angeles
	OR77	America/Los_Angeles
	OR78	America/Los_Angeles
	OR79	America/Los_Angeles
	OR80	America/Los_Angeles
	OR81	America/Los_Angeles
	OR82	America/Los_Angeles
	OR84	America/Los_Angeles
	OR85	America/Los_Angeles
	OR86	America/Los_Angeles
	OR87	America/Los_Angeles
	OR88	America/Los_Angeles
	OR89	America/Los_Angeles
	OR90	America/Los_Angeles
	OR92	America/Los_Angeles
	OR94	America/Los_Angeles
	OR95	America/Los_Angeles
	OR96	America/Los_Angeles
	ORBD	Asia/Baghdad
	ORBR	Asia/Baghdad
	ORSH	Asia/Baghdad
	ORTF	Asia/Baghdad
	ORTI	Asia/Baghdad
	ORTL	Asia/Baghdad
	ORUB	Asia/Baghdad
	ORUQ	Asia/Kuwait
	OS58	Asia/Damascus
	OS59	Asia/Damascus
	OS61	Asia/Damascus
	OS62	Asia/Damascus
	OS63	Asia/Damascus
	OS65	Asia/Damascus
	OS66	Asia/Damascus
	OS67	Asia/Damascus
	OS68	Asia/Damascus
	OS73	Asia/Damascus
	OTBK	Asia/Qatar
	OY75	Asia/Aden
	OYBA	Asia/Aden
	OYBN	Asia/Aden
	OYBQ	Asia/Riyadh
	OYKM	Asia/Aden
	OYQN	Asia/Aden
	OYRT	Asia/Aden
	OYSF	Asia/Aden
	OYSH	Asia/Aden
	OYZM	Asia/Aden
	PA01	America/New_York
	PA02	America/New_York
	PA08	America/New_York
	PA21	America/New_York
	PA25	America/New_York
	PA31	America/New_York
	PA33	America/New_York
	PA35	America/New_York
	PA36	America/New_York
	PA40	America/New_York
	PA44	America/New_York
	PA45	America/New_York
	PA47	America/New_York
	PA49	America/New_York
	PA51	America/New_York
	PA52	America/New_York
	PA53	America/New_York
	PA54	America/New_York
	PA55	America/New_York
	PA58	America/New_York
	PA61	America/New_York
	PA70	America/New_York
	PA71	America/New_York
	PA72	America/New_York
	PA74	America/New_York
	PA75	America/New_York
	PA77	America/New_York
	PA81	America/New_York
	PA84	America/New_York
	PA88	America/New_York
	PA92	America/New_York
	PAAD	America/Anchorage
	PAAG	America/Anchorage
	PAAH	America/Anchorage
	PAAI	America/Anchorage
	PAAM	America/Adak
	PAAN	America/Anchorage
	PAAO	America/Anchorage
	PABP	America/Anchorage
	PABU	America/Anchorage
	PABV	America/Anchorage
	PACL	America/Anchorage
	PAFE	America/Anchorage
	PAFL	America/Anchorage
	PAHV	America/Anchorage
	PAKX	America/Anchorage
	PALH	America/Anchorage
	PALP	America/Anchorage
	PATM	America/Anchorage
	PATW	America/Anchorage
	PAWR	America/Anchorage
	PAWT	America/Nome
	PAXK	America/Anchorage
	PFCR	America/Anchorage
	PHHF	Pacific/Honolulu
	PKMA	Pacific/Kwajalein
	PKRO	Pacific/Kwajalein
	PLWN	Pacific/Kiritimati
	PN00	America/New_York
	PN01	America/New_York
	PN08	America/New_York
	PN11	America/New_York
	PN13	America/New_York
	PN14	America/New_York
	PN15	America/New_York
	PN18	America/New_York
	PN25	America/New_York
	PN30	America/New_York
	PN36	America/New_York
	PN39	America/New_York
	PN40	America/New_York
	PN46	America/New_York
	PN50	America/New_York
	PN53	America/New_York
	PN54	America/New_York
	PN55	America/New_York
	PN57	America/New_York
	PN59	America/New_York
	PN62	America/New_York
	PN64	America/New_York
	PN66	America/New_York
	PN68	America/New_York
	PN71	America/New_York
	PN72	America/New_York
	PN73	America/New_York
	PN84	America/New_York
	PN91	America/New_York
	PN98	America/New_York
	PR10	America/Puerto_Rico
	PR20	America/Puerto_Rico
	PR25	America/Puerto_Rico
	PR36	America/Puerto_Rico
	PS02	America/New_York
	PS03	America/New_York
	PS05	America/New_York
	PS06	America/New_York
	PS11	America/New_York
	PS12	America/New_York
	PS15	America/New_York
	PS18	America/New_York
	PS20	America/New_York
	PS21	America/New_York
	PS27	America/New_York
	PS36	America/New_York
	PS39	America/New_York
	PS42	America/New_York
	PS43	America/New_York
	PS46	America/New_York
	PS47	America/New_York
	PS50	America/New_York
	PS54	America/New_York
	PS61	America/New_York
	PS64	America/New_York
	PS66	America/New_York
	PS82	America/New_York
	PS99	America/New_York
	PTYU	Pacific/Chuuk
	RCAY	Asia/Taipei
	RCDC	Asia/Taipei
	RCDI	Asia/Taipei
	RCGM	Asia/Taipei
	RCQS	Asia/Taipei
	RHST	Europe/Berlin
	RI07	America/New_York
	RI11	America/New_York
	RJ04	Asia/Tokyo
	RJAK	Asia/Tokyo
	RJAZ	Asia/Tokyo
	RJBH	Asia/Tokyo
	RJBK	Asia/Tokyo
	RJCA	Asia/Tokyo
	RJCJ	Asia/Tokyo
	RJCR	Asia/Tokyo
	RJCT	Asia/Tokyo
	RJDK	Asia/Tokyo
	RJDM	Asia/Tokyo
	RJDO	Asia/Tokyo
	RJFA	Asia/Tokyo
	RJFN	Asia/Tokyo
	RJFY	Asia/Tokyo
	RJFZ	Asia/Tokyo
	RJNH	Asia/Tokyo
	RJNY	Asia/Tokyo
	RJOE	Asia/Tokyo
	RJOF	Asia/Tokyo
	RJOY	Asia/Tokyo
	RJOZ	Asia/Tokyo
	RJSO	Asia/Tokyo
	RJST	Asia/Tokyo
	RJSU	Asia/Tokyo
	RJTC	Asia/Tokyo
	RJTE	Asia/Tokyo
	RJTF	Asia/Tokyo
	RJTJ	Asia/Tokyo
	RJTK	Asia/Tokyo
	RJTL	Asia/Tokyo
	RJTR	Asia/Tokyo
	RK13	Asia/Seoul
	RK14	Asia/Seoul
	RK15	Asia/Seoul
	RK16	Asia/Seoul
	RK17	Asia/Seoul
	RK18	Asia/Seoul
	RK19	Asia/Seoul
	RK20	Asia/Seoul
	RK21	Asia/Seoul
	RK22	Asia/Seoul
	RK24	Asia/Seoul
	RK25	Asia/Seoul
	RK27	Asia/Seoul
	RK28	Asia/Seoul
	RK29	Asia/Seoul
	RK31	Asia/Seoul
	RK32	Asia/Seoul
	RK33	Asia/Seoul
	RK34	Asia/Seoul
	RK35	Asia/Seoul
	RK36	Asia/Seoul
	RK37	Asia/Seoul
	RK38	Asia/Seoul
	RK39	Asia/Seoul
	RK40	Asia/Seoul
	RK41	Asia/Seoul
	RK42	Asia/Seoul
	RK43	Asia/Seoul
	RK44	Asia/Seoul
	RK48	Asia/Seoul
	RK49	Asia/Seoul
	RK50	Asia/Seoul
	RK52	Asia/Seoul
	RK58	Asia/Seoul
	RK5M	Asia/Seoul
	RK60	Asia/Seoul
	RK6D	Asia/Seoul
	RK6O	Asia/Seoul
	RK82	Asia/Seoul
	RKD1	Asia/Seoul
	RKND	Asia/Seoul
	RKRA	Asia/Seoul
	RKRB	Asia/Seoul
	RKRG	Asia/Seoul
	RKRK	Asia/Seoul
	RKRN	Asia/Seoul
	RKRO	Asia/Seoul
	RKRP	Asia/Seoul
	RKSG	Asia/Seoul
	RKTE	Asia/Seoul
	RKUC	Asia/Seoul
	RKUL	Asia/Seoul
	RODE	Asia/Tokyo
	ROTM	Asia/Tokyo
	RP12	Asia/Manila
	RP13	Asia/Manila
	RP15	Asia/Manila
	RP16	Asia/Manila
	RP17	Asia/Manila
	RPLA	Asia/Manila
	RPLJ	Asia/Manila
	RPLN	Asia/Manila
	RPLR	Asia/Manila
	RPLT	Asia/Manila
	RPLV	Asia/Manila
	RPLX	Asia/Manila
	RPLY	Asia/Manila
	RPLZ	Asia/Manila
	RPMB	Asia/Manila
	RPML	Asia/Manila
	RPSB	Asia/Manila
	RPSM	Asia/Manila
	RPUE	Asia/Manila
	RPUF	Asia/Manila
	RPUG	Asia/Manila
	RPUI	Asia/Manila
	RPUJ	Asia/Manila
	RPUK	Asia/Manila
	RPUL	Asia/Manila
	RPUQ	Asia/Manila
	RPUU	Asia/Manila
	RPUX	Asia/Manila
	RPUZ	Asia/Manila
	RPVG	Asia/Manila
	RPVH	Asia/Manila
	RPVL	Asia/Manila
	RPVY	Asia/Manila
	SA01	America/Argentina/Salta
	SA02	America/Argentina/Salta
	SA03	America/Argentina/Cordoba
	SA05	America/Argentina/Cordoba
	SA06	America/Argentina/Buenos_Aires
	SA07	America/Argentina/Salta
	SA10	America/Argentina/Cordoba
	SA11	America/Argentina/Catamarca
	SA12	America/Argentina/Salta
	SA13	America/Argentina/Buenos_Aires
	SA15	America/Argentina/Ushuaia
	SA16	America/Argentina/Mendoza
	SA17	America/Argentina/Cordoba
	SA19	America/Argentina/Rio_Gallegos
	SA20	America/Argentina/Salta
	SA21	America/Argentina/Salta
	SA22	America/Argentina/Salta
	SA23	America/Argentina/Cordoba
	SA24	America/Argentina/Jujuy
	SA25	America/Argentina/Rio_Gallegos
	SA26	America/Argentina/Cordoba
	SA27	America/Argentina/Buenos_Aires
	SA28	America/Argentina/Buenos_Aires
	SA29	America/Argentina/Salta
	SA31	America/Argentina/Buenos_Aires
	SA33	America/Argentina/Rio_Gallegos
	SA34	America/Argentina/Catamarca
	SA35	America/Argentina/Catamarca
	SA36	America/Argentina/Buenos_Aires
	SA38	America/Argentina/Salta
	SA39	America/Argentina/Jujuy
	SA40	America/Argentina/San_Juan
	SA41	America/Argentina/Cordoba
	SA42	America/Argentina/Catamarca
	SA44	America/Argentina/Catamarca
	SA45	America/Argentina/Cordoba
	SA46	America/Argentina/Catamarca
	SAAA	America/Argentina/Buenos_Aires
	SAAI	America/Argentina/Buenos_Aires
	SAAK	America/Argentina/Buenos_Aires
	SAAM	America/Argentina/Cordoba
	SAAN	America/Argentina/Buenos_Aires
	SAAU	America/Argentina/Cordoba
	SABP	America/Argentina/Buenos_Aires
	SACA	America/Argentina/Cordoba
	SACD	America/Argentina/Cordoba
	SACE	America/Argentina/Cordoba
	SACI	America/Argentina/Cordoba
	SACL	America/Argentina/Cordoba
	SACM	America/Argentina/Cordoba
	SACN	America/Argentina/Cordoba
	SACP	America/Argentina/La_Rioja
	SACQ	America/Argentina/Cordoba
	SACS	America/Argentina/Cordoba
	SACT	America/Argentina/La_Rioja
	SACV	America/Argentina/Cordoba
	SADG	America/Argentina/Buenos_Aires
	SADJ	America/Argentina/Buenos_Aires
	SADM	America/Argentina/Buenos_Aires
	SADO	America/Argentina/Buenos_Aires
	SADQ	America/Argentina/Buenos_Aires
	SADR	America/Argentina/Buenos_Aires
	SADS	America/Argentina/Buenos_Aires
	SADZ	America/Argentina/Buenos_Aires
	SAEA	America/Argentina/Salta
	SAEK	America/Argentina/Buenos_Aires
	SAEL	America/Argentina/Buenos_Aires
	SAET	America/Argentina/Buenos_Aires
	SAFT	America/Argentina/Cordoba
	SAFV	America/Argentina/Cordoba
	SAHI	America/Argentina/Salta
	SAHV	America/Argentina/Salta
	SAMA	America/Argentina/Mendoza
	SAMC	America/Argentina/Mendoza
	SAMH	America/Argentina/Mendoza
	SAMI	America/Argentina/Mendoza
	SAMJ	America/Argentina/San_Juan
	SAML	America/Argentina/Mendoza
	SAMP	America/Argentina/Mendoza
	SAMQ	America/Argentina/Mendoza
	SAMS	America/Argentina/Mendoza
	SAMU	America/Argentina/Mendoza
	SANI	America/Argentina/Catamarca
	SANO	America/Argentina/La_Rioja
	SAOE	America/Argentina/Cordoba
	SAOI	America/Argentina/Cordoba
	SAOL	America/Argentina/Cordoba
	SAOM	America/Argentina/Cordoba
	SARD	America/Argentina/Cordoba
	SARG	America/Argentina/Cordoba
	SARV	America/Argentina/Cordoba
	SASL	America/Argentina/Salta
	SASM	America/Argentina/Salta
	SASQ	America/Argentina/Jujuy
	SASR	America/Argentina/Salta
	SATI	America/Argentina/Cordoba
	SATO	America/Argentina/Cordoba
	SAVA	America/Argentina/Salta
	SAVP	America/Argentina/Catamarca
	SAWB	Antarctica/Palmer
	SAWL	America/Argentina/Ushuaia
	SAWO	America/Argentina/Ushuaia
	SAWZ	Antarctica/Palmer
	SAYB	Antarctica/Palmer
	SAYE	Antarctica/Palmer
	SAYJ	Antarctica/Palmer
	SAYO	Antarctica/Palmer
	SAYS	Antarctica/Palmer
	SAZA	America/Argentina/Buenos_Aires
	SAZD	America/Argentina/Buenos_Aires
	SAZE	America/Argentina/Buenos_Aires
	SAZI	America/Argentina/Buenos_Aires
	SAZJ	America/Argentina/Buenos_Aires
	SAZK	America/Argentina/Salta
	SAZQ	America/Argentina/Salta
	SAZU	America/Argentina/Salta
	SAZX	America/Argentina/Buenos_Aires
	SBAF	America/Sao_Paulo
	SBAM	America/Belem
	SBAN	America/Sao_Paulo
	SBCC	America/Belem
	SBES	America/Sao_Paulo
	SBFU	America/Sao_Paulo
	SBGP	America/Sao_Paulo
	SBIT	America/Sao_Paulo
	SBJC	America/Belem
	SBJD	America/Sao_Paulo
	SBJR	America/Sao_Paulo
	SBLS	America/Sao_Paulo
	SBMT	America/Sao_Paulo
	SBNT	America/Recife
	SBPR	America/Sao_Paulo
	SBTS	America/Belem
	SBTV	America/Bahia
	SBYA	America/Boa_Vista
	SC00	America/New_York
	SC01	America/New_York
	SC03	America/New_York
	SC05	America/New_York
	SC06	America/New_York
	SC07	America/New_York
	SC12	America/New_York
	SC13	America/New_York
	SC17	America/New_York
	SC1A	America/Santiago
	SC20	America/New_York
	SC21	America/New_York
	SC23	America/New_York
	SC24	America/New_York
	SC26	America/New_York
	SC34	America/New_York
	SC35	America/New_York
	SC36	America/New_York
	SC37	America/New_York
	SC39	America/New_York
	SC41	America/New_York
	SC42	America/New_York
	SC43	America/New_York
	SC44	America/New_York
	SC45	America/New_York
	SC46	America/New_York
	SC47	America/New_York
	SC48	America/New_York
	SC55	America/New_York
	SC56	America/New_York
	SC57	America/New_York
	SC58	America/New_York
	SC61	America/New_York
	SC65	America/New_York
	SC66	America/New_York
	SC67	America/New_York
	SC69	America/New_York
	SC72	America/New_York
	SC74	America/New_York
	SC76	America/New_York
	SC78	America/New_York
	SC81	America/New_York
	SC82	America/New_York
	SC84	America/New_York
	SC86	America/New_York
	SC88	America/New_York
	SC90	America/New_York
	SC91	America/New_York
	SC92	America/New_York
	SC94	America/New_York
	SC95	America/New_York
	SC98	America/New_York
	SC99	America/New_York
	SCAA	America/Santiago
	SCAB	America/Santiago
	SCAD	America/Santiago
	SCAE	America/Santiago
	SCAF	America/Santiago
	SCAG	America/Santiago
	SCAH	America/Santiago
	SCAJ	America/Santiago
	SCAK	America/Santiago
	SCAL	America/Santiago
	SCAM	America/Santiago
	SCAO	America/Santiago
	SCAQ	America/Santiago
	SCAU	America/Santiago
	SCAV	America/Santiago
	SCAY	America/Santiago
	SCAZ	America/Punta_Arenas
	SCBB	America/Santiago
	SCBC	America/Santiago
	SCBD	America/Santiago
	SCBN	America/Santiago
	SCBO	Antarctica/Palmer
	SCBQ	America/Santiago
	SCBR	America/Santiago
	SCBS	America/Punta_Arenas
	SCBT	America/Santiago
	SCBU	America/Santiago
	SCBV	America/Santiago
	SCCA	America/Santiago
	SCCB	America/Santiago
	SCCE	America/Santiago
	SCCG	America/Santiago
	SCCK	America/Santiago
	SCCL	America/Santiago
	SCCM	America/Santiago
	SCCN	America/Santiago
	SCCP	America/Santiago
	SCCR	America/Santiago
	SCCS	America/Santiago
	SCCT	America/Santiago
	SCCU	America/Santiago
	SCCV	America/Santiago
	SCDD	America/Santiago
	SCDH	America/Santiago
	SCDI	America/Santiago
	SCDL	America/Santiago
	SCDM	America/Santiago
	SCDQ	America/Santiago
	SCDS	America/Santiago
	SCDW	America/Punta_Arenas
	SCEA	America/Santiago
	SCEB	America/Santiago
	SCEC	America/Santiago
	SCED	America/Santiago
	SCEG	America/Santiago
	SCEH	America/Santiago
	SCEK	America/Santiago
	SCEO	America/Santiago
	SCEP	America/Santiago
	SCER	America/Santiago
	SCET	America/Santiago
	SCEX	America/Santiago
	SCEY	America/Santiago
	SCFC	America/Santiago
	SCFF	America/Santiago
	SCFI	America/Santiago
	SCFJ	America/Santiago
	SCFK	America/Santiago
	SCFL	America/Santiago
	SCFN	America/Punta_Arenas
	SCFO	America/Santiago
	SCFS	America/Santiago
	SCFU	America/Santiago
	SCFX	America/Santiago
	SCGA	America/Santiago
	SCGB	America/Santiago
	SCGF	America/Santiago
	SCGH	America/Santiago
	SCGI	America/Santiago
	SCGL	America/Santiago
	SCGM	America/Santiago
	SCGN	America/Santiago
	SCGO	America/Santiago
	SCGP	America/Santiago
	SCGS	America/Santiago
	SCGU	America/Santiago
	SCGV	America/Santiago
	SCGY	America/Santiago
	SCHA	America/Santiago
	SCHC	America/Santiago
	SCHD	America/Santiago
	SCHE	America/Santiago
	SCHG	America/Santiago
	SCHH	America/Santiago
	SCHK	America/Santiago
	SCHL	America/Santiago
	SCHM	America/Santiago
	SCHN	America/Santiago
	SCHO	America/Santiago
	SCHP	America/Santiago
	SCHT	America/Santiago
	SCHU	America/Santiago
	SCHW	America/Santiago
	SCIA	America/Santiago
	SCIB	America/Santiago
	SCIC	America/Santiago
	SCID	America/Punta_Arenas
	SCIF	America/Santiago
	SCIH	America/Santiago
	SCII	America/Santiago
	SCIK	America/Santiago
	SCIL	America/Santiago
	SCIM	America/Santiago
	SCIO	America/Santiago
	SCIR	America/Santiago
	SCIS	America/Santiago
	SCIT	America/Punta_Arenas
	SCIV	America/Santiago
	SCJC	America/Santiago
	SCJK	America/Santiago
	SCJV	America/Santiago
	SCKA	America/Santiago
	SCKB	America/Santiago
	SCKC	America/Santiago
	SCKD	America/Santiago
	SCKE	America/Santiago
	SCKI	America/Santiago
	SCKK	America/Santiago
	SCKL	America/Santiago
	SCKM	America/Santiago
	SCKN	America/Santiago
	SCKO	America/Santiago
	SCKQ	America/Santiago
	SCKT	America/Santiago
	SCLA	America/Santiago
	SCLB	America/Santiago
	SCLC	America/Santiago
	SCLD	America/Santiago
	SCLE	America/Santiago
	SCLF	America/Santiago
	SCLG	America/Santiago
	SCLI	America/Santiago
	SCLJ	America/Santiago
	SCLK	America/Santiago
	SCLM	America/Santiago
	SCLO	America/Santiago
	SCLP	America/Santiago
	SCLQ	America/Santiago
	SCLR	America/Santiago
	SCLS	America/Santiago
	SCLU	America/Santiago
	SCLV	America/Santiago
	SCLY	America/Santiago
	SCMA	America/Santiago
	SCMC	America/Santiago
	SCME	America/Santiago
	SCMF	America/Santiago
	SCMG	America/Santiago
	SCMH	America/Santiago
	SCMI	America/Santiago
	SCMK	America/Santiago
	SCML	America/Santiago
	SCMO	America/Santiago
	SCMP	America/Santiago
	SCMR	America/Santiago
	SCMS	America/Santiago
	SCMU	America/Santiago
	SCMV	America/Santiago
	SCMY	America/Santiago
	SCMZ	America/Santiago
	SCNA	America/Santiago
	SCND	America/Santiago
	SCNE	America/Santiago
	SCNG	America/Santiago
	SCNH	America/Santiago
	SCNI	America/Santiago
	SCNK	America/Santiago
	SCNM	America/Santiago
	SCNO	America/Santiago
	SCNR	America/Santiago
	SCNS	America/Punta_Arenas
	SCNY	America/Punta_Arenas
	SCOA	America/Santiago
	SCOB	America/Santiago
	SCOC	America/Santiago
	SCOE	America/Santiago
	SCOH	America/Argentina/Rio_Gallegos
	SCOI	America/Santiago
	SCOL	America/Santiago
	SCOM	America/Santiago
	SCON	America/Santiago
	SCOO	America/Santiago
	SCOP	America/Santiago
	SCOS	America/Santiago
	SCOT	America/Santiago
	SCOY	America/Santiago
	SCPA	America/Santiago
	SCPB	America/Santiago
	SCPE	America/Santiago
	SCPF	America/Santiago
	SCPG	America/Santiago
	SCPH	America/Santiago
	SCPI	America/Santiago
	SCPK	America/Santiago
	SCPL	America/Santiago
	SCPM	America/Santiago
	SCPN	America/Santiago
	SCPO	America/Santiago
	SCPP	America/Santiago
	SCPR	America/Santiago
	SCPS	America/Santiago
	SCPT	America/Santiago
	SCPU	America/Santiago
	SCPW	America/Santiago
	SCPX	America/Punta_Arenas
	SCPY	America/Punta_Arenas
	SCPZ	Antarctica/Palmer
	SCQC	America/Santiago
	SCQE	America/Santiago
	SCQI	America/Santiago
	SCQK	America/Santiago
	SCQL	America/Santiago
	SCQM	America/Santiago
	SCQO	America/Santiago
	SCQR	America/Santiago
	SCQT	America/Santiago
	SCQW	America/Santiago
	SCQX	America/Santiago
	SCQY	America/Santiago
	SCRB	America/Santiago
	SCRC	America/Santiago
	SCRE	America/Santiago
	SCRF	America/Santiago
	SCRH	America/Santiago
	SCRI	America/Santiago
	SCRL	America/Santiago
	SCRN	America/Santiago
	SCRO	America/Santiago
	SCRP	America/Santiago
	SCRQ	America/Santiago
	SCRR	America/Santiago
	SCRS	America/Santiago
	SCRT	America/Santiago
	SCRU	America/Santiago
	SCRV	America/Santiago
	SCRW	America/Santiago
	SCRZ	America/Santiago
	SCSA	America/Santiago
	SCSD	America/Santiago
	SCSG	America/Santiago
	SCSH	America/Santiago
	SCSJ	America/Santiago
	SCSK	America/Santiago
	SCSL	America/Santiago
	SCSM	America/Santiago
	SCSN	America/Santiago
	SCSO	America/Santiago
	SCSP	America/Santiago
	SCSQ	America/Santiago
	SCSR	America/Santiago
	SCSS	America/Punta_Arenas
	SCSU	America/Santiago
	SCSV	America/Santiago
	SCSZ	America/Santiago
	SCTA	America/Santiago
	SCTB	America/Santiago
	SCTC	America/Santiago
	SCTG	America/Santiago
	SCTH	America/Punta_Arenas
	SCTM	America/Santiago
	SCTP	America/Santiago
	SCTQ	America/Santiago
	SCTR	America/Santiago
	SCTS	America/Santiago
	SCTU	America/Santiago
	SCTW	America/Santiago
	SCUI	America/Santiago
	SCUL	America/Santiago
	SCUM	America/Santiago
	SCUN	America/Santiago
	SCUP	America/Santiago
	SCUR	America/Santiago
	SCUT	America/Santiago
	SCUZ	America/Santiago
	SCVA	America/Santiago
	SCVB	America/Santiago
	SCVC	America/Santiago
	SCVE	America/Santiago
	SCVF	America/Santiago
	SCVG	America/Santiago
	SCVH	America/Santiago
	SCVI	America/Santiago
	SCVJ	America/Santiago
	SCVK	America/Santiago
	SCVL	America/Santiago
	SCVN	America/Santiago
	SCVO	America/Santiago
	SCVQ	America/Santiago
	SCVS	America/Santiago
	SCVT	America/Santiago
	SCVU	America/Santiago
	SCVV	America/Santiago
	SCVY	America/Santiago
	SCXA	America/Santiago
	SCXB	America/Santiago
	SCXR	America/Santiago
	SCYB	America/Santiago
	SCYC	America/Santiago
	SCYL	America/Santiago
	SCYO	America/Santiago
	SCYR	America/Santiago
	SCYU	America/Santiago
	SCZB	America/Santiago
	SCZC	America/Santiago
	SCZE	America/Santiago
	SD00	America/Chicago
	SD01	America/Chicago
	SD03	America/Chicago
	SD05	America/Chicago
	SD14	America/Chicago
	SD15	America/Chicago
	SD19	America/Chicago
	SD21	America/Denver
	SD24	America/Denver
	SD25	America/Denver
	SD27	America/Denver
	SD29	America/Chicago
	SD30	America/Chicago
	SD32	America/Chicago
	SD33	America/Denver
	SD35	America/Denver
	SD36	America/Denver
	SD43	America/Chicago
	SD46	America/Chicago
	SD53	America/Chicago
	SD55	America/Chicago
	SD57	America/Denver
	SD59	America/Denver
	SD61	America/Chicago
	SD65	America/Chicago
	SD68	America/Denver
	SD71	America/Denver
	SD72	America/Denver
	SD73	America/Denver
	SD74	America/Chicago
	SD76	America/Denver
	SD77	America/Denver
	SD78	America/Chicago
	SD83	America/Chicago
	SD93	America/Chicago
	SD94	America/Chicago
	SD98	America/Denver
	SDAA	America/Sao_Paulo
	SDAD	America/Sao_Paulo
	SDAE	America/Sao_Paulo
	SDAF	America/Sao_Paulo
	SDAG	America/Sao_Paulo
	SDAI	America/Sao_Paulo
	SDAJ	America/Sao_Paulo
	SDAN	America/Sao_Paulo
	SDAS	America/Sao_Paulo
	SDAY	America/Sao_Paulo
	SDBA	America/Sao_Paulo
	SDBB	America/Sao_Paulo
	SDBI	America/Sao_Paulo
	SDBN	America/Sao_Paulo
	SDBV	America/Sao_Paulo
	SDBY	America/Sao_Paulo
	SDCA	America/Sao_Paulo
	SDCD	America/Sao_Paulo
	SDCE	America/Sao_Paulo
	SDCL	America/Sao_Paulo
	SDCM	America/Araguaina
	SDCR	America/Sao_Paulo
	SDCT	America/Sao_Paulo
	SDCU	America/Sao_Paulo
	SDCW	America/Sao_Paulo
	SDCZ	America/Sao_Paulo
	SDDB	America/Sao_Paulo
	SDDJ	America/Sao_Paulo
	SDDK	America/Sao_Paulo
	SDDL	America/Sao_Paulo
	SDDN	America/Sao_Paulo
	SDDV	America/Sao_Paulo
	SDDX	America/Sao_Paulo
	SDEC	America/Cuiaba
	SDED	America/Sao_Paulo
	SDEE	America/Sao_Paulo
	SDEG	America/Sao_Paulo
	SDEJ	America/Sao_Paulo
	SDEM	America/Sao_Paulo
	SDEO	America/Sao_Paulo
	SDEP	America/Campo_Grande
	SDER	America/Sao_Paulo
	SDES	America/Sao_Paulo
	SDET	America/Sao_Paulo
	SDFA	America/Sao_Paulo
	SDFB	America/Sao_Paulo
	SDFC	America/Sao_Paulo
	SDFD	America/Sao_Paulo
	SDFE	America/Campo_Grande
	SDFF	America/Sao_Paulo
	SDFH	America/Sao_Paulo
	SDFK	America/Sao_Paulo
	SDFL	America/Sao_Paulo
	SDFM	America/Sao_Paulo
	SDFN	America/Sao_Paulo
	SDFT	America/Sao_Paulo
	SDFU	America/Sao_Paulo
	SDFX	America/Bahia
	SDFY	America/Sao_Paulo
	SDGB	America/Sao_Paulo
	SDGC	America/Sao_Paulo
	SDGF	America/Sao_Paulo
	SDGJ	America/Sao_Paulo
	SDGK	America/Sao_Paulo
	SDGP	America/Sao_Paulo
	SDGR	America/Sao_Paulo
	SDGT	America/Sao_Paulo
	SDGU	America/Sao_Paulo
	SDGY	America/Sao_Paulo
	SDHC	America/Sao_Paulo
	SDHE	America/Sao_Paulo
	SDIB	America/Sao_Paulo
	SDID	America/Sao_Paulo
	SDIG	America/Sao_Paulo
	SDIH	America/Sao_Paulo
	SDIL	America/Sao_Paulo
	SDIM	America/Sao_Paulo
	SDIN	America/Sao_Paulo
	SDIO	America/Sao_Paulo
	SDIP	America/Sao_Paulo
	SDIU	America/Sao_Paulo
	SDIV	America/Sao_Paulo
	SDIZ	America/Sao_Paulo
	SDJA	America/Sao_Paulo
	SDJC	America/Sao_Paulo
	SDJF	America/Sao_Paulo
	SDJG	America/Sao_Paulo
	SDJN	America/Sao_Paulo
	SDJO	America/Sao_Paulo
	SDJQ	America/Sao_Paulo
	SDJR	America/Sao_Paulo
	SDJV	America/Sao_Paulo
	SDJZ	America/Sao_Paulo
	SDKB	America/Sao_Paulo
	SDKC	America/Sao_Paulo
	SDKE	America/Bahia
	SDKF	America/Recife
	SDKG	America/Sao_Paulo
	SDKJ	America/Araguaina
	SDKN	America/Sao_Paulo
	SDKO	America/Sao_Paulo
	SDKP	America/Sao_Paulo
	SDKQ	America/Sao_Paulo
	SDKR	America/Cuiaba
	SDKW	America/Cuiaba
	SDLC	America/Sao_Paulo
	SDLE	America/Bahia
	SDLG	America/Bahia
	SDLH	America/Bahia
	SDLI	America/Bahia
	SDLJ	America/Belem
	SDLK	America/Bahia
	SDLL	America/Sao_Paulo
	SDLN	America/Sao_Paulo
	SDLQ	America/Sao_Paulo
	SDLR	America/Sao_Paulo
	SDLU	America/Sao_Paulo
	SDLV	America/Sao_Paulo
	SDLW	America/Cuiaba
	SDLX	America/Cuiaba
	SDLY	America/Sao_Paulo
	SDMA	America/Sao_Paulo
	SDMC	America/Sao_Paulo
	SDMD	America/Campo_Grande
	SDME	America/Sao_Paulo
	SDMH	America/Sao_Paulo
	SDMJ	America/Sao_Paulo
	SDMO	America/Sao_Paulo
	SDMQ	America/Campo_Grande
	SDMR	America/Sao_Paulo
	SDMV	America/Sao_Paulo
	SDMW	America/Sao_Paulo
	SDMX	America/Cuiaba
	SDMY	America/Sao_Paulo
	SDNA	America/Sao_Paulo
	SDND	America/Sao_Paulo
	SDNE	America/Sao_Paulo
	SDNG	America/Cuiaba
	SDNH	America/Sao_Paulo
	SDNI	America/Sao_Paulo
	SDNJ	America/Sao_Paulo
	SDNK	America/Cuiaba
	SDNL	America/Sao_Paulo
	SDNO	America/Sao_Paulo
	SDNV	America/Santarem
	SDNW	America/Cuiaba
	SDNZ	America/Campo_Grande
	SDOA	America/Fortaleza
	SDOB	America/Sao_Paulo
	SDOD	America/Fortaleza
	SDOE	America/Fortaleza
	SDOI	America/Sao_Paulo
	SDOL	America/Cuiaba
	SDOR	America/Sao_Paulo
	SDOV	America/Sao_Paulo
	SDOX	America/Sao_Paulo
	SDOZ	America/Cuiaba
	SDPA	America/Sao_Paulo
	SDPC	America/Sao_Paulo
	SDPD	America/Sao_Paulo
	SDPG	America/Sao_Paulo
	SDPN	America/Sao_Paulo
	SDPP	America/Sao_Paulo
	SDPV	America/Sao_Paulo
	SDPY	America/Sao_Paulo
	SDQE	America/Campo_Grande
	SDQG	America/Sao_Paulo
	SDQH	America/Sao_Paulo
	SDQL	America/Campo_Grande
	SDQN	America/Campo_Grande
	SDQQ	America/Sao_Paulo
	SDQV	America/Cuiaba
	SDQW	America/Cuiaba
	SDQX	America/Sao_Paulo
	SDQZ	America/Cuiaba
	SDRA	America/Sao_Paulo
	SDRC	America/Sao_Paulo
	SDRD	America/Sao_Paulo
	SDRF	America/Sao_Paulo
	SDRH	America/Campo_Grande
	SDRO	America/Cuiaba
	SDRU	America/Sao_Paulo
	SDRW	America/Sao_Paulo
	SDRX	America/Campo_Grande
	SDRY	America/Campo_Grande
	SDRZ	America/Campo_Grande
	SDSB	America/Sao_Paulo
	SDSE	America/Sao_Paulo
	SDSH	America/Sao_Paulo
	SDSJ	America/Sao_Paulo
	SDSK	America/Sao_Paulo
	SDSM	America/Sao_Paulo
	SDSO	America/Sao_Paulo
	SDSQ	America/Sao_Paulo
	SDST	America/Sao_Paulo
	SDSV	America/Sao_Paulo
	SDTB	America/Sao_Paulo
	SDTE	America/Sao_Paulo
	SDTF	America/Sao_Paulo
	SDTI	America/Sao_Paulo
	SDTK	America/Sao_Paulo
	SDTN	America/Sao_Paulo
	SDTO	America/Sao_Paulo
	SDTP	America/Sao_Paulo
	SDTQ	America/Sao_Paulo
	SDTR	America/Campo_Grande
	SDTS	America/Campo_Grande
	SDTT	America/Sao_Paulo
	SDTW	America/Campo_Grande
	SDTX	America/Sao_Paulo
	SDTY	America/Sao_Paulo
	SDTZ	America/Campo_Grande
	SDUA	America/Manaus
	SDUD	America/Sao_Paulo
	SDUE	America/Sao_Paulo
	SDUF	America/Campo_Grande
	SDUH	America/Campo_Grande
	SDUK	America/Cuiaba
	SDUL	America/Sao_Paulo
	SDUQ	America/Sao_Paulo
	SDUR	America/Sao_Paulo
	SDUS	America/Santarem
	SDUU	America/Sao_Paulo
	SDUZ	America/Sao_Paulo
	SDVA	America/Sao_Paulo
	SDVE	America/Sao_Paulo
	SDVH	America/Sao_Paulo
	SDVI	America/Cuiaba
	SDVJ	America/Belem
	SDVL	America/Sao_Paulo
	SDVN	America/Campo_Grande
	SDVQ	America/Campo_Grande
	SDVS	America/Sao_Paulo
	SDVU	America/Manaus
	SDWC	America/Manaus
	SDWD	America/Sao_Paulo
	SDWE	America/Sao_Paulo
	SDWG	America/Sao_Paulo
	SDWH	America/Sao_Paulo
	SDWI	America/Recife
	SDWJ	America/Santarem
	SDWK	America/Sao_Paulo
	SDWL	America/Sao_Paulo
	SDWM	America/Cuiaba
	SDWN	America/Sao_Paulo
	SDWR	America/Sao_Paulo
	SDWU	America/Campo_Grande
	SDWX	America/Manaus
	SDXB	America/Sao_Paulo
	SDXE	America/Sao_Paulo
	SDXF	America/Sao_Paulo
	SDXI	America/Araguaina
	SDXJ	America/Campo_Grande
	SDXO	America/Sao_Paulo
	SDXQ	America/Sao_Paulo
	SDXR	America/Asuncion
	SDXT	America/Campo_Grande
	SDXU	America/Sao_Paulo
	SDYB	America/Sao_Paulo
	SDYF	America/Cuiaba
	SDYI	America/Sao_Paulo
	SDYJ	America/Sao_Paulo
	SDYN	America/Sao_Paulo
	SDYS	America/Sao_Paulo
	SDYW	America/Sao_Paulo
	SDYX	America/Fortaleza
	SDZA	America/Sao_Paulo
	SDZH	America/Sao_Paulo
	SDZM	America/Sao_Paulo
	SDZR	America/Sao_Paulo
	SDZS	America/Sao_Paulo
	SDZT	America/Sao_Paulo
	SDZU	America/Sao_Paulo
	SDZV	America/Sao_Paulo
	SDZW	America/Sao_Paulo
	SDZX	America/Cuiaba
	SDZZ	America/Sao_Paulo
	SE01	America/Guayaquil
	SE02	America/Guayaquil
	SE03	America/Guayaquil
	SE08	America/Guayaquil
	SE09	America/Guayaquil
	SE10	America/Guayaquil
	SE11	America/Guayaquil
	SE13	America/Guayaquil
	SE14	America/Guayaquil
	SE15	America/Guayaquil
	SE16	America/Guayaquil
	SE22	America/Guayaquil
	SE58	America/Guayaquil
	SE59	America/Guayaquil
	SE60	America/Guayaquil
	SEAP	America/Guayaquil
	SEAR	America/Guayaquil
	SEAS	America/Guayaquil
	SEAY	America/Guayaquil
	SEBF	America/Guayaquil
	SECH	America/Guayaquil
	SECM	America/Guayaquil
	SECQ	America/Guayaquil
	SECR	America/Guayaquil
	SEGE	America/Guayaquil
	SEGZ	America/Guayaquil
	SEHI	America/Guayaquil
	SEIB	America/Guayaquil
	SEIS	America/Guayaquil
	SEJM	America/Guayaquil
	SEKK	America/Guayaquil
	SELI	America/Guayaquil
	SELJ	America/Guayaquil
	SELM	America/Guayaquil
	SEMO	America/Guayaquil
	SEMX	America/Guayaquil
	SEMY	America/Guayaquil
	SEPB	America/Guayaquil
	SEPC	America/Guayaquil
	SEPD	America/Guayaquil
	SEPO	America/Guayaquil
	SEPS	America/Guayaquil
	SEPU	America/Guayaquil
	SEPX	America/Guayaquil
	SEPZ	America/Guayaquil
	SEQE	America/Guayaquil
	SERB	America/Guayaquil
	SESD	America/Guayaquil
	SETA	America/Guayaquil
	SETE	America/Guayaquil
	SETG	America/Guayaquil
	SEVR	America/Guayaquil
	SG67	America/Asuncion
	SGBA	America/Asuncion
	SGGR	America/Asuncion
	SGIB	America/Asuncion
	SGNB	America/Asuncion
	SGOV	America/Asuncion
	SGPC	America/Asuncion
	SGPG	America/Asuncion
	SGPO	America/Asuncion
	SGRO	America/Asuncion
	SGSP	America/Asuncion
	SGST	America/Asuncion
	SIAB	America/Sao_Paulo
	SIAD	America/Campo_Grande
	SIAF	America/Cuiaba
	SIAI	America/Cuiaba
	SIAM	America/Sao_Paulo
	SIAO	America/Campo_Grande
	SIAP	America/Sao_Paulo
	SIAR	America/Sao_Paulo
	SIAU	America/Cuiaba
	SIAX	America/Santarem
	SIAY	America/Sao_Paulo
	SIBA	America/Campo_Grande
	SIBC	America/Sao_Paulo
	SIBD	America/Araguaina
	SIBF	America/Sao_Paulo
	SIBK	America/Sao_Paulo
	SIBN	America/Sao_Paulo
	SIBO	America/Sao_Paulo
	SIBU	America/Fortaleza
	SIBV	America/Campo_Grande
	SIBW	America/Maceio
	SIBX	America/Sao_Paulo
	SIBY	America/Recife
	SIBZ	America/Recife
	SICA	America/Fortaleza
	SICB	America/Fortaleza
	SICH	America/Campo_Grande
	SICJ	America/Cuiaba
	SICK	America/Sao_Paulo
	SICM	America/Campo_Grande
	SICN	America/Sao_Paulo
	SICO	America/Cuiaba
	SICP	America/Sao_Paulo
	SICW	America/Sao_Paulo
	SICY	America/Sao_Paulo
	SIDB	America/Fortaleza
	SIDD	America/Campo_Grande
	SIDG	America/Campo_Grande
	SIDM	America/Cuiaba
	SIDN	America/Sao_Paulo
	SIDR	America/Campo_Grande
	SIDS	America/Campo_Grande
	SIDY	America/Sao_Paulo
	SIDZ	America/Campo_Grande
	SIEA	America/Sao_Paulo
	SIEB	America/Campo_Grande
	SIEC	America/Sao_Paulo
	SIED	America/Sao_Paulo
	SIEF	America/Campo_Grande
	SIEG	America/Campo_Grande
	SIEJ	America/Cuiaba
	SIEL	America/Cuiaba
	SIEN	America/Cuiaba
	SIET	America/Campo_Grande
	SIEV	America/Campo_Grande
	SIEZ	America/Sao_Paulo
	SIFA	America/Campo_Grande
	SIFC	America/Campo_Grande
	SIFD	America/Cuiaba
	SIFE	America/Sao_Paulo
	SIFF	America/Campo_Grande
	SIFH	America/Cuiaba
	SIFJ	America/Campo_Grande
	SIFM	America/Porto_Velho
	SIFN	America/Manaus
	SIFQ	America/Sao_Paulo
	SIFR	America/Sao_Paulo
	SIFT	America/La_Paz
	SIFU	America/Sao_Paulo
	SIFV	America/Sao_Paulo
	SIFW	America/Cuiaba
	SIFY	America/Campo_Grande
	SIGF	America/Cuiaba
	SIGL	America/Campo_Grande
	SIGM	America/Cuiaba
	SIGN	America/Cuiaba
	SIGO	America/Cuiaba
	SIGS	America/Sao_Paulo
	SIGT	America/Sao_Paulo
	SIGU	America/Campo_Grande
	SIGW	America/Campo_Grande
	SIGX	America/Cuiaba
	SIGY	America/Fortaleza
	SIHB	America/Fortaleza
	SIHG	America/Araguaina
	SIHI	America/Belem
	SIHJ	America/Araguaina
	SIHN	America/Campo_Grande
	SIHV	America/Sao_Paulo
	SIHW	America/Sao_Paulo
	SIIA	America/Cuiaba
	SIID	America/Santarem
	SIIE	America/Campo_Grande
	SIIG	America/Sao_Paulo
	SIII	America/Sao_Paulo
	SIIK	America/Campo_Grande
	SIIM	America/Campo_Grande
	SIIN	America/Santarem
	SIIQ	America/Cuiaba
	SIIS	America/Sao_Paulo
	SIIU	America/Sao_Paulo
	SIIX	America/Cuiaba
	SIIZ	America/Cuiaba
	SIJE	America/Campo_Grande
	SIJG	America/Sao_Paulo
	SIJJ	America/Campo_Grande
	SIJK	America/Sao_Paulo
	SIJM	America/Cuiaba
	SIJO	America/Campo_Grande
	SIJR	America/Sao_Paulo
	SIJU	America/Cuiaba
	SIJZ	America/Santarem
	SIKB	America/Cuiaba
	SIKC	America/Cuiaba
	SIKJ	America/Cuiaba
	SIKK	America/Sao_Paulo
	SIKM	America/Fortaleza
	SIKN	America/Araguaina
	SIKO	America/Manaus
	SIKP	America/Campo_Grande
	SIKQ	America/Santarem
	SIKX	America/Sao_Paulo
	SIKY	America/Campo_Grande
	SIKZ	America/Araguaina
	SILA	America/Campo_Grande
	SILB	America/Cuiaba
	SILD	America/Campo_Grande
	SILG	America/Cuiaba
	SILI	America/Sao_Paulo
	SILJ	America/Belem
	SILM	America/Araguaina
	SILN	America/Belem
	SILQ	America/Sao_Paulo
	SILS	America/Manaus
	SILT	America/Sao_Paulo
	SILU	America/Campo_Grande
	SILW	America/Campo_Grande
	SILX	America/Cuiaba
	SILY	America/Sao_Paulo
	SILZ	America/Bahia
	SIMA	America/Cuiaba
	SIME	America/Fortaleza
	SIMF	America/Sao_Paulo
	SIMG	America/Campo_Grande
	SIMI	America/Campo_Grande
	SIMJ	America/Sao_Paulo
	SIML	America/Belem
	SIMO	America/Cuiaba
	SIMQ	America/Campo_Grande
	SIMR	America/Sao_Paulo
	SIMU	America/Campo_Grande
	SIMV	America/Sao_Paulo
	SIMW	America/Campo_Grande
	SIMX	America/Cuiaba
	SIMY	America/Campo_Grande
	SIMZ	America/Cuiaba
	SINA	America/Sao_Paulo
	SINC	America/Belem
	SING	America/Sao_Paulo
	SINH	America/Campo_Grande
	SINJ	America/Campo_Grande
	SINK	America/Sao_Paulo
	SINM	America/Cuiaba
	SINN	America/Fortaleza
	SINO	America/Fortaleza
	SINP	America/Campo_Grande
	SINQ	America/Belem
	SINR	America/Campo_Grande
	SINS	America/Campo_Grande
	SINT	America/Sao_Paulo
	SINU	America/Campo_Grande
	SINV	America/Recife
	SINZ	America/Sao_Paulo
	SIOA	America/Sao_Paulo
	SIOB	America/Sao_Paulo
	SIOC	America/Sao_Paulo
	SIOD	America/Campo_Grande
	SIOE	America/Sao_Paulo
	SIOF	America/Campo_Grande
	SIOI	America/Cuiaba
	SIOJ	America/Cuiaba
	SIOK	America/Cuiaba
	SIOL	America/Sao_Paulo
	SIOM	America/Cuiaba
	SIOO	America/Campo_Grande
	SIOP	America/Campo_Grande
	SIOQ	America/Campo_Grande
	SIOR	America/Campo_Grande
	SIOS	America/Campo_Grande
	SIOT	America/Campo_Grande
	SIOU	America/Campo_Grande
	SIOV	America/Bahia
	SIOZ	America/Araguaina
	SIPA	America/Sao_Paulo
	SIPB	America/Fortaleza
	SIPC	America/Belem
	SIPE	America/Recife
	SIPG	America/Cuiaba
	SIPH	America/Araguaina
	SIPJ	America/Sao_Paulo
	SIPK	America/Cuiaba
	SIPL	America/Cuiaba
	SIPN	America/Campo_Grande
	SIPO	America/Bahia
	SIPQ	America/Sao_Paulo
	SIPR	America/Sao_Paulo
	SIPU	America/Sao_Paulo
	SIPY	America/Belem
	SIQA	America/Recife
	SIQB	America/Belem
	SIQC	America/Campo_Grande
	SIQD	America/Campo_Grande
	SIQE	America/Sao_Paulo
	SIQG	America/Cuiaba
	SIQI	America/Sao_Paulo
	SIQJ	America/Cuiaba
	SIQK	America/Sao_Paulo
	SIQM	America/Sao_Paulo
	SIQN	America/Cuiaba
	SIQO	America/Campo_Grande
	SIQQ	America/Sao_Paulo
	SIQR	America/Araguaina
	SIQS	America/Cuiaba
	SIQU	America/Campo_Grande
	SIQV	America/Cuiaba
	SIQW	America/Cuiaba
	SIQX	America/Cuiaba
	SIQY	America/Cuiaba
	SIQZ	America/Sao_Paulo
	SIRA	America/Cuiaba
	SIRB	America/Campo_Grande
	SIRC	America/Cuiaba
	SIRD	America/Cuiaba
	SIRE	America/Araguaina
	SIRF	America/Recife
	SIRG	America/Cuiaba
	SIRH	America/Campo_Grande
	SIRI	America/Bahia
	SIRJ	America/Manaus
	SIRN	America/Cuiaba
	SIRQ	America/Porto_Velho
	SIRR	America/Cuiaba
	SIRS	America/Sao_Paulo
	SIRT	America/Cuiaba
	SIRU	America/Cuiaba
	SIRV	America/Cuiaba
	SIRW	America/Araguaina
	SISB	America/Cuiaba
	SISD	America/Sao_Paulo
	SISE	America/Araguaina
	SISF	America/Campo_Grande
	SISI	America/Sao_Paulo
	SISJ	America/Cuiaba
	SISL	America/Cuiaba
	SISN	America/Cuiaba
	SISO	America/Belem
	SISP	America/Sao_Paulo
	SISS	America/Campo_Grande
	SISU	America/Campo_Grande
	SISW	America/Cuiaba
	SISX	America/Campo_Grande
	SISY	America/Sao_Paulo
	SISZ	America/Manaus
	SITA	America/Santarem
	SITB	America/Campo_Grande
	SITC	America/Cuiaba
	SITD	America/Manaus
	SITF	America/Boa_Vista
	SITH	America/Sao_Paulo
	SITJ	America/Fortaleza
	SITL	America/Fortaleza
	SITN	America/La_Paz
	SITO	America/Santarem
	SITR	America/Campo_Grande
	SITT	America/Araguaina
	SITU	America/Sao_Paulo
	SITV	America/Cuiaba
	SITW	America/Araguaina
	SITX	America/Campo_Grande
	SITY	America/Campo_Grande
	SITZ	America/Bahia
	SIUA	America/Campo_Grande
	SIUB	America/Cuiaba
	SIUC	America/Santarem
	SIUF	America/Cuiaba
	SIUG	America/Sao_Paulo
	SIUH	America/Cuiaba
	SIUJ	America/Manaus
	SIUK	America/Santarem
	SIUL	America/Araguaina
	SIUM	America/Fortaleza
	SIUO	America/Cuiaba
	SIUQ	America/Campo_Grande
	SIUR	America/Campo_Grande
	SIUS	America/Campo_Grande
	SIUT	America/Bahia
	SIUV	America/Campo_Grande
	SIUW	America/Campo_Grande
	SIUX	America/Manaus
	SIUY	America/Santarem
	SIUZ	America/Santarem
	SIVC	America/Sao_Paulo
	SIVD	America/Sao_Paulo
	SIVE	America/Sao_Paulo
	SIVG	America/Cuiaba
	SIVJ	America/Sao_Paulo
	SIVK	America/Sao_Paulo
	SIVL	America/Fortaleza
	SIVN	America/Bahia
	SIVO	America/Cuiaba
	SIVP	America/Araguaina
	SIVQ	America/Campo_Grande
	SIVR	America/Santarem
	SIVU	America/Sao_Paulo
	SIVV	America/Cuiaba
	SIVW	America/Sao_Paulo
	SIVY	America/Fortaleza
	SIVZ	America/Sao_Paulo
	SIWA	America/Cuiaba
	SIWB	America/Campo_Grande
	SIWC	America/Cuiaba
	SIWE	America/Sao_Paulo
	SIWF	America/Cuiaba
	SIWG	America/Cuiaba
	SIWH	America/Belem
	SIWI	America/Cuiaba
	SIWJ	America/Cuiaba
	SIWK	America/Cuiaba
	SIWL	America/Cuiaba
	SIWM	America/Sao_Paulo
	SIWN	America/Sao_Paulo
	SIWP	America/Campo_Grande
	SIWQ	America/Campo_Grande
	SIWR	America/Sao_Paulo
	SIWT	America/Santarem
	SIWU	America/Cuiaba
	SIWV	America/Santarem
	SIWY	America/Cuiaba
	SIWZ	America/Campo_Grande
	SIXA	America/Sao_Paulo
	SIXB	America/Campo_Grande
	SIXE	America/Sao_Paulo
	SIXF	America/Sao_Paulo
	SIXG	America/Sao_Paulo
	SIXI	America/Bahia
	SIXL	America/Cuiaba
	SIXM	America/Manaus
	SIXO	America/Cuiaba
	SIXP	America/Cuiaba
	SIXQ	America/Asuncion
	SIXV	America/Campo_Grande
	SIXW	America/Fortaleza
	SIXX	America/Cuiaba
	SIXZ	America/Sao_Paulo
	SIYE	America/Campo_Grande
	SIYF	America/Sao_Paulo
	SIYH	America/Campo_Grande
	SIYK	America/Sao_Paulo
	SIYN	America/Porto_Velho
	SIYO	America/Sao_Paulo
	SIYP	America/Cuiaba
	SIYQ	America/Cuiaba
	SIYR	America/Sao_Paulo
	SIYS	America/Sao_Paulo
	SIYT	America/Manaus
	SIYW	America/Manaus
	SIYX	America/Sao_Paulo
	SIYY	America/Cuiaba
	SIZA	America/Bahia
	SIZC	America/Sao_Paulo
	SIZF	America/Sao_Paulo
	SIZG	America/Sao_Paulo
	SIZH	America/Campo_Grande
	SIZI	America/Sao_Paulo
	SIZK	America/Cuiaba
	SIZM	America/Campo_Grande
	SIZN	America/Porto_Velho
	SIZO	America/Cuiaba
	SIZQ	America/Sao_Paulo
	SIZR	America/Porto_Velho
	SIZS	America/Cuiaba
	SIZT	America/Campo_Grande
	SJAA	America/Cuiaba
	SJAC	America/Cuiaba
	SJAE	America/Cuiaba
	SJAF	America/Cuiaba
	SJAG	America/Cuiaba
	SJAI	America/Araguaina
	SJAK	America/Sao_Paulo
	SJAL	America/Araguaina
	SJAQ	America/Sao_Paulo
	SJAR	America/Sao_Paulo
	SJAS	America/Sao_Paulo
	SJAU	America/Araguaina
	SJAW	America/Sao_Paulo
	SJAX	America/Araguaina
	SJAY	America/Araguaina
	SJAZ	America/Bahia
	SJBF	America/Sao_Paulo
	SJBK	America/Santarem
	SJBN	America/Manaus
	SJBR	America/Campo_Grande
	SJBS	America/Campo_Grande
	SJBT	America/Campo_Grande
	SJBU	America/Sao_Paulo
	SJBW	America/Sao_Paulo
	SJBX	America/Fortaleza
	SJBY	America/Fortaleza
	SJBZ	America/Sao_Paulo
	SJCA	America/Sao_Paulo
	SJCD	America/Campo_Grande
	SJCE	America/Campo_Grande
	SJCF	America/Cuiaba
	SJCL	America/Araguaina
	SJCM	America/Cuiaba
	SJCN	America/Sao_Paulo
	SJCO	America/Sao_Paulo
	SJCP	America/Sao_Paulo
	SJCQ	America/Bahia
	SJCW	America/Manaus
	SJCY	America/Cuiaba
	SJCZ	America/Cuiaba
	SJDA	America/Sao_Paulo
	SJDD	America/Campo_Grande
	SJDG	America/Manaus
	SJDH	America/Bahia
	SJDI	America/Campo_Grande
	SJDJ	America/Sao_Paulo
	SJDL	America/Cuiaba
	SJDN	America/Campo_Grande
	SJDS	America/Fortaleza
	SJDT	America/Campo_Grande
	SJDU	America/Sao_Paulo
	SJDV	America/Campo_Grande
	SJDW	America/Campo_Grande
	SJDX	America/Campo_Grande
	SJDY	America/Campo_Grande
	SJEA	America/Araguaina
	SJED	America/Campo_Grande
	SJEF	America/Campo_Grande
	SJEG	America/Campo_Grande
	SJEH	America/Sao_Paulo
	SJEJ	America/Sao_Paulo
	SJEK	America/Cuiaba
	SJEL	America/Santarem
	SJEM	America/Cuiaba
	SJEN	America/Sao_Paulo
	SJEQ	America/Campo_Grande
	SJER	America/Sao_Paulo
	SJES	America/Campo_Grande
	SJET	America/Campo_Grande
	SJEU	America/Campo_Grande
	SJEV	America/Campo_Grande
	SJEW	America/Araguaina
	SJEX	America/Araguaina
	SJEY	America/Sao_Paulo
	SJFB	America/Araguaina
	SJFF	America/Sao_Paulo
	SJFG	America/Manaus
	SJFI	America/Cuiaba
	SJFJ	America/Cuiaba
	SJFK	America/Araguaina
	SJFL	America/Araguaina
	SJFM	America/Campo_Grande
	SJFN	America/Campo_Grande
	SJFO	America/Sao_Paulo
	SJFP	America/Porto_Velho
	SJFQ	America/Sao_Paulo
	SJFR	America/Cuiaba
	SJFT	America/Cuiaba
	SJFU	America/Fortaleza
	SJFV	America/Sao_Paulo
	SJFW	America/Sao_Paulo
	SJFX	America/Bahia
	SJGA	America/Manaus
	SJGB	America/Cuiaba
	SJGC	America/Araguaina
	SJGD	America/Bahia
	SJGE	America/Manaus
	SJGF	America/Sao_Paulo
	SJGH	America/Sao_Paulo
	SJGI	America/Campo_Grande
	SJGJ	America/Campo_Grande
	SJGK	America/Belem
	SJGN	America/Cuiaba
	SJGO	America/Campo_Grande
	SJGP	America/Cuiaba
	SJGR	America/Sao_Paulo
	SJGT	America/Porto_Velho
	SJGU	America/Araguaina
	SJGW	America/Cuiaba
	SJGX	America/Sao_Paulo
	SJGY	America/Sao_Paulo
	SJGZ	America/Campo_Grande
	SJHA	America/Campo_Grande
	SJHD	America/Campo_Grande
	SJHE	America/Cuiaba
	SJHF	America/Fortaleza
	SJHH	America/Sao_Paulo
	SJHJ	America/Porto_Velho
	SJHK	America/Sao_Paulo
	SJHL	America/Belem
	SJHM	America/Cuiaba
	SJHN	America/Sao_Paulo
	SJHO	America/Cuiaba
	SJHP	America/Campo_Grande
	SJHQ	America/Cuiaba
	SJHS	America/Sao_Paulo
	SJHT	America/Campo_Grande
	SJHU	America/Cuiaba
	SJHW	America/Sao_Paulo
	SJHX	America/Fortaleza
	SJHZ	America/Cuiaba
	SJIC	America/Campo_Grande
	SJID	America/Campo_Grande
	SJIE	America/Cuiaba
	SJIF	America/Campo_Grande
	SJII	America/Campo_Grande
	SJIJ	America/Campo_Grande
	SJIL	America/Campo_Grande
	SJIO	America/Sao_Paulo
	SJIQ	America/Sao_Paulo
	SJIR	America/Bahia
	SJIS	America/Campo_Grande
	SJIT	America/Sao_Paulo
	SJIU	America/Bahia
	SJIV	America/Sao_Paulo
	SJIY	America/Manaus
	SJIZ	America/Cuiaba
	SJJA	America/Manaus
	SJJB	America/Campo_Grande
	SJJF	America/Porto_Velho
	SJJG	America/Cuiaba
	SJJH	America/Santarem
	SJJJ	America/Porto_Velho
	SJJK	America/Cuiaba
	SJJL	America/Bahia
	SJJM	America/Cuiaba
	SJJN	America/Campo_Grande
	SJJO	America/Sao_Paulo
	SJJP	America/Santarem
	SJJR	America/Sao_Paulo
	SJJT	America/Araguaina
	SJJU	America/Cuiaba
	SJJV	America/Santarem
	SJJW	America/Campo_Grande
	SJJX	America/Belem
	SJKA	America/Cuiaba
	SJKB	America/Cuiaba
	SJKC	America/Porto_Velho
	SJKG	America/Santarem
	SJKH	America/Santarem
	SJKI	America/Belem
	SJKJ	America/Cuiaba
	SJKL	America/Guyana
	SJKM	America/Guyana
	SJKN	America/Boa_Vista
	SJKO	America/Boa_Vista
	SJKP	America/Boa_Vista
	SJKQ	America/Boa_Vista
	SJKR	America/Manaus
	SJKS	America/Boa_Vista
	SJKT	America/Boa_Vista
	SJKU	America/Boa_Vista
	SJKV	America/Boa_Vista
	SJKW	America/Boa_Vista
	SJKX	America/Guyana
	SJKZ	America/Boa_Vista
	SJLA	America/Boa_Vista
	SJLB	America/Cuiaba
	SJLC	America/Boa_Vista
	SJLD	America/Cuiaba
	SJLE	America/Boa_Vista
	SJLF	America/Boa_Vista
	SJLH	America/Guyana
	SJLI	America/Fortaleza
	SJLJ	America/Boa_Vista
	SJLK	America/Boa_Vista
	SJLL	America/Boa_Vista
	SJLM	America/Caracas
	SJLN	America/Boa_Vista
	SJLO	America/Boa_Vista
	SJLP	America/Boa_Vista
	SJLQ	America/Boa_Vista
	SJLS	America/Boa_Vista
	SJLT	America/Boa_Vista
	SJLU	America/Boa_Vista
	SJLV	America/Boa_Vista
	SJLW	America/Boa_Vista
	SJLX	America/Guyana
	SJLZ	America/Guyana
	SJMA	America/Campo_Grande
	SJMD	America/Boa_Vista
	SJME	America/Caracas
	SJMF	America/Boa_Vista
	SJMH	America/Boa_Vista
	SJMI	America/Boa_Vista
	SJMJ	America/Boa_Vista
	SJMK	America/Boa_Vista
	SJML	America/Caracas
	SJMM	America/Boa_Vista
	SJMN	America/Boa_Vista
	SJMO	America/Boa_Vista
	SJMP	America/Boa_Vista
	SJMQ	America/Boa_Vista
	SJMR	America/Campo_Grande
	SJMT	America/Caracas
	SJMU	America/Boa_Vista
	SJMV	America/Boa_Vista
	SJMW	America/Boa_Vista
	SJMX	America/Caracas
	SJMZ	America/Araguaina
	SJNA	America/Belem
	SJNB	America/Boa_Vista
	SJNC	America/Boa_Vista
	SJND	America/Manaus
	SJNE	America/Boa_Vista
	SJNF	America/Boa_Vista
	SJNG	America/Boa_Vista
	SJNH	America/Campo_Grande
	SJNI	America/Cuiaba
	SJNJ	America/Cuiaba
	SJNK	America/Porto_Velho
	SJNL	America/Cuiaba
	SJNM	America/Cuiaba
	SJNN	America/Porto_Velho
	SJNO	America/Campo_Grande
	SJNQ	America/Bahia
	SJNR	America/Belem
	SJNS	America/Cuiaba
	SJNU	America/Cuiaba
	SJNV	America/Sao_Paulo
	SJNW	America/Belem
	SJNX	America/Sao_Paulo
	SJNZ	America/Cuiaba
	SJOG	America/Porto_Velho
	SJOH	America/Manaus
	SJOI	America/Asuncion
	SJOJ	America/Fortaleza
	SJOK	America/Campo_Grande
	SJOM	America/Porto_Velho
	SJON	America/Campo_Grande
	SJOO	America/Cuiaba
	SJOR	America/Belem
	SJOU	America/Cuiaba
	SJOW	America/Sao_Paulo
	SJOX	America/Araguaina
	SJOY	America/Araguaina
	SJPA	America/Porto_Velho
	SJPG	America/Manaus
	SJPH	America/Sao_Paulo
	SJPI	America/Araguaina
	SJPK	America/Araguaina
	SJPL	America/Campo_Grande
	SJPO	America/Maceio
	SJPP	America/Cuiaba
	SJPQ	America/Sao_Paulo
	SJPS	America/Cuiaba
	SJPU	America/Santarem
	SJPV	America/Cuiaba
	SJPW	America/Cuiaba
	SJPX	America/Cuiaba
	SJQA	America/Sao_Paulo
	SJQB	America/Santarem
	SJQD	America/Campo_Grande
	SJQE	America/Sao_Paulo
	SJQF	America/Cuiaba
	SJQH	America/Porto_Velho
	SJQI	America/Campo_Grande
	SJQK	America/Boa_Vista
	SJQN	America/Sao_Paulo
	SJQQ	America/Belem
	SJQR	America/Sao_Paulo
	SJQS	America/Cuiaba
	SJQT	America/Sao_Paulo
	SJQV	America/Sao_Paulo
	SJQX	America/Manaus
	SJQZ	America/Araguaina
	SJRA	America/Santarem
	SJRB	America/Cuiaba
	SJRC	America/Cuiaba
	SJRH	America/Cuiaba
	SJRI	America/Fortaleza
	SJRJ	America/Santarem
	SJRK	America/Belem
	SJRL	America/Cuiaba
	SJRO	America/Sao_Paulo
	SJRP	America/Campo_Grande
	SJRR	America/Sao_Paulo
	SJRS	America/Sao_Paulo
	SJRT	America/Cuiaba
	SJRV	America/Cuiaba
	SJRW	America/Campo_Grande
	SJSA	America/Campo_Grande
	SJSC	America/Campo_Grande
	SJSD	America/Campo_Grande
	SJSE	America/Manaus
	SJSF	America/Sao_Paulo
	SJSH	America/Sao_Paulo
	SJSJ	America/Campo_Grande
	SJSK	America/Bahia
	SJSL	America/Sao_Paulo
	SJSM	America/Sao_Paulo
	SJSN	America/Sao_Paulo
	SJSO	America/Cuiaba
	SJSR	America/Araguaina
	SJSS	America/Cuiaba
	SJSU	America/Sao_Paulo
	SJTA	America/Sao_Paulo
	SJTB	America/Cuiaba
	SJTF	America/Porto_Velho
	SJTG	America/Cuiaba
	SJTI	America/Sao_Paulo
	SJTJ	America/Campo_Grande
	SJTK	America/Sao_Paulo
	SJTL	America/Sao_Paulo
	SJTM	America/Sao_Paulo
	SJTN	America/Araguaina
	SJTO	America/Cuiaba
	SJTP	America/Cuiaba
	SJTQ	America/Sao_Paulo
	SJTS	America/Manaus
	SJTT	America/Sao_Paulo
	SJTU	America/Cuiaba
	SJTV	America/Cuiaba
	SJTZ	America/Araguaina
	SJUA	America/Bahia
	SJUB	America/La_Paz
	SJUC	America/Bahia
	SJUD	America/Campo_Grande
	SJUH	America/Sao_Paulo
	SJUJ	America/Cuiaba
	SJUK	America/Cuiaba
	SJUL	America/Sao_Paulo
	SJUQ	America/Campo_Grande
	SJUS	America/Sao_Paulo
	SJUU	America/Sao_Paulo
	SJVB	America/La_Paz
	SJVC	America/Sao_Paulo
	SJVD	America/Sao_Paulo
	SJVF	America/Campo_Grande
	SJVL	America/Sao_Paulo
	SJVM	America/Cuiaba
	SJVN	America/Santarem
	SJVO	America/Sao_Paulo
	SJVP	America/Manaus
	SJVQ	America/Sao_Paulo
	SJVR	America/Campo_Grande
	SJVS	America/Sao_Paulo
	SJVV	America/Araguaina
	SJVW	America/Fortaleza
	SJVX	America/Belem
	SJVY	America/Fortaleza
	SJVZ	America/Cuiaba
	SJWA	America/Campo_Grande
	SJWB	America/Sao_Paulo
	SJWC	America/Campo_Grande
	SJWD	America/Campo_Grande
	SJWE	America/Cuiaba
	SJWG	America/Sao_Paulo
	SJWH	America/Cuiaba
	SJWI	America/Campo_Grande
	SJWL	America/Cuiaba
	SJWM	America/Cuiaba
	SJWN	America/Sao_Paulo
	SJWO	America/Cuiaba
	SJWP	America/Bahia
	SJWQ	America/Sao_Paulo
	SJWT	America/Cuiaba
	SJWU	America/Sao_Paulo
	SJWV	America/Sao_Paulo
	SJWW	America/Campo_Grande
	SJWX	America/Sao_Paulo
	SJXA	America/Sao_Paulo
	SJXB	America/Cuiaba
	SJXC	America/Bahia
	SJXG	America/Cuiaba
	SJXH	America/Sao_Paulo
	SJXM	America/Sao_Paulo
	SJXN	America/Cuiaba
	SJXS	America/Bahia
	SJXV	America/Campo_Grande
	SJXW	America/Campo_Grande
	SJXX	America/Campo_Grande
	SJYD	America/Porto_Velho
	SJYE	America/Boa_Vista
	SJYF	America/Boa_Vista
	SJYG	America/Boa_Vista
	SJYI	America/Boa_Vista
	SJYJ	America/Boa_Vista
	SJYK	America/Boa_Vista
	SJYL	America/Boa_Vista
	SJYM	America/Boa_Vista
	SJYO	America/Boa_Vista
	SJYP	America/Boa_Vista
	SJYR	America/Boa_Vista
	SJYS	America/Boa_Vista
	SJYT	America/Boa_Vista
	SJYU	America/Boa_Vista
	SJYW	America/Cuiaba
	SJYY	America/Cuiaba
	SJYZ	America/Cuiaba
	SJZA	America/Sao_Paulo
	SJZB	America/Porto_Velho
	SJZC	America/Recife
	SJZD	America/Campo_Grande
	SJZE	America/Campo_Grande
	SJZF	America/Campo_Grande
	SJZG	America/Cuiaba
	SJZH	America/Cuiaba
	SJZM	America/Araguaina
	SJZO	America/Campo_Grande
	SJZP	America/Cuiaba
	SJZQ	America/Fortaleza
	SJZR	America/Fortaleza
	SJZS	America/Fortaleza
	SJZT	America/Bahia
	SJZW	America/Sao_Paulo
	SJZX	America/La_Paz
	SJZZ	America/Cuiaba
	SK53	America/Bogota
	SKBE	America/Bogota
	SKBN	America/Bogota
	SKBR	America/Bogota
	SKCB	America/Bogota
	SKCH	America/Bogota
	SKFR	America/Bogota
	SKGB	America/Bogota
	SKGY	America/Bogota
	SKLA	America/Bogota
	SKMA	America/Bogota
	SKME	America/Bogota
	SKMJ	America/Bogota
	SKMN	America/Bogota
	SKOL	America/Bogota
	SKOR	America/Bogota
	SKPB	America/Bogota
	SKPG	America/Bogota
	SKSF	America/Bogota
	SKSI	America/Bogota
	SKTI	America/Bogota
	SKTJ	America/Bogota
	SKUA	America/Bogota
	SKVN	America/Bogota
	SLAB	America/La_Paz
	SLAM	America/La_Paz
	SLAN	America/La_Paz
	SLAQ	America/La_Paz
	SLBB	America/La_Paz
	SLBF	America/La_Paz
	SLBH	America/La_Paz
	SLBN	America/La_Paz
	SLBR	America/La_Paz
	SLBS	America/La_Paz
	SLBT	America/La_Paz
	SLBV	America/La_Paz
	SLCC	America/La_Paz
	SLCD	America/La_Paz
	SLCE	America/La_Paz
	SLCG	America/La_Paz
	SLCH	America/La_Paz
	SLCI	America/La_Paz
	SLCL	America/La_Paz
	SLCM	America/La_Paz
	SLCN	America/La_Paz
	SLCR	America/La_Paz
	SLCS	America/La_Paz
	SLCT	America/La_Paz
	SLCU	America/La_Paz
	SLCV	America/La_Paz
	SLCX	America/La_Paz
	SLCY	America/La_Paz
	SLDA	America/La_Paz
	SLDN	America/La_Paz
	SLEA	America/La_Paz
	SLEC	America/La_Paz
	SLEE	America/La_Paz
	SLEF	America/La_Paz
	SLEH	America/La_Paz
	SLEI	America/La_Paz
	SLEK	America/La_Paz
	SLEO	America/La_Paz
	SLEP	America/La_Paz
	SLER	America/La_Paz
	SLES	America/La_Paz
	SLEV	America/La_Paz
	SLEZ	America/La_Paz
	SLFA	America/La_Paz
	SLFL	America/La_Paz
	SLFO	America/La_Paz
	SLFR	America/La_Paz
	SLGP	America/La_Paz
	SLHA	America/La_Paz
	SLHC	America/La_Paz
	SLHS	America/La_Paz
	SLIG	America/La_Paz
	SLIN	America/La_Paz
	SLIP	America/La_Paz
	SLIR	America/La_Paz
	SLIT	America/La_Paz
	SLIX	America/La_Paz
	SLIY	America/La_Paz
	SLIZ	America/La_Paz
	SLJA	America/La_Paz
	SLJN	America/La_Paz
	SLJS	America/La_Paz
	SLLB	America/La_Paz
	SLLH	America/La_Paz
	SLLI	America/La_Paz
	SLLJ	America/La_Paz
	SLLL	America/La_Paz
	SLLQ	America/La_Paz
	SLLS	America/La_Paz
	SLLZ	America/La_Paz
	SLMB	America/La_Paz
	SLMD	America/La_Paz
	SLME	America/La_Paz
	SLMM	America/La_Paz
	SLMN	America/La_Paz
	SLMX	America/La_Paz
	SLMZ	America/La_Paz
	SLNL	America/La_Paz
	SLNO	America/La_Paz
	SLNV	America/La_Paz
	SLPA	America/La_Paz
	SLPF	America/La_Paz
	SLPG	America/La_Paz
	SLPI	America/La_Paz
	SLPL	America/La_Paz
	SLPM	America/La_Paz
	SLPN	America/La_Paz
	SLPW	America/La_Paz
	SLPY	America/La_Paz
	SLQN	America/La_Paz
	SLRF	America/La_Paz
	SLRH	America/La_Paz
	SLRL	America/La_Paz
	SLRP	America/La_Paz
	SLRR	America/La_Paz
	SLRS	America/La_Paz
	SLRT	America/La_Paz
	SLRX	America/La_Paz
	SLSD	America/La_Paz
	SLSE	America/Cuiaba
	SLSF	America/La_Paz
	SLSG	America/La_Paz
	SLSH	America/La_Paz
	SLSJ	America/La_Paz
	SLSK	America/La_Paz
	SLSN	America/La_Paz
	SLSP	America/La_Paz
	SLSQ	America/La_Paz
	SLSS	America/La_Paz
	SLSU	America/La_Paz
	SLTA	America/La_Paz
	SLTC	America/La_Paz
	SLTE	America/La_Paz
	SLTG	America/La_Paz
	SLTL	America/La_Paz
	SLTO	America/La_Paz
	SLTU	America/La_Paz
	SLTW	America/La_Paz
	SLTX	America/La_Paz
	SLTY	America/La_Paz
	SLTZ	America/La_Paz
	SLUC	America/La_Paz
	SLUK	America/La_Paz
	SLUS	America/La_Paz
	SLUU	America/La_Paz
	SLVA	America/La_Paz
	SLVD	America/La_Paz
	SLVE	America/La_Paz
	SLVI	America/La_Paz
	SLVN	America/La_Paz
	SLVT	America/La_Paz
	SLVU	America/La_Paz
	SLVV	America/La_Paz
	SLVZ	America/La_Paz
	SLYG	America/La_Paz
	SLYI	America/La_Paz
	SLZB	America/La_Paz
	SLZC	America/La_Paz
	SLZF	America/La_Paz
	SLZJ	America/La_Paz
	SLZV	America/La_Paz
	SMAF	America/Paramaribo
	SMBN	America/Paramaribo
	SMCI	America/Paramaribo
	SMCT	America/Paramaribo
	SMDU	America/Paramaribo
	SMGH	America/Paramaribo
	SMKA	America/Paramaribo
	SMKE	America/Paramaribo
	SMPG	America/Paramaribo
	SMSI	America/Paramaribo
	SMSM	America/Paramaribo
	SMTA	America/Paramaribo
	SMTB	America/Paramaribo
	SN03	America/Chicago
	SN04	America/Chicago
	SN05	America/Chicago
	SN08	America/Chicago
	SN10	America/Chicago
	SN13	America/Chicago
	SN18	America/Chicago
	SN20	America/Chicago
	SN21	America/Chicago
	SN22	America/Chicago
	SN29	America/Chicago
	SN32	America/Chicago
	SN33	America/Chicago
	SN34	America/Chicago
	SN36	America/Chicago
	SN37	America/Chicago
	SN40	America/Chicago
	SN42	America/Chicago
	SN45	America/Chicago
	SN46	America/Chicago
	SN47	America/Chicago
	SN51	America/Chicago
	SN52	America/Chicago
	SN55	America/Chicago
	SN61	America/Chicago
	SN62	America/Chicago
	SN64	America/Chicago
	SN65	America/Chicago
	SN67	America/Chicago
	SN68	America/Chicago
	SN69	America/Chicago
	SN70	America/Chicago
	SN72	America/Chicago
	SN75	America/Chicago
	SN78	America/Chicago
	SN83	America/Chicago
	SN88	America/Chicago
	SN90	America/Chicago
	SN91	America/Chicago
	SN92	America/Chicago
	SN95	America/Chicago
	SN97	America/Chicago
	SN98	America/Chicago
	SN99	America/Chicago
	SNAC	America/Belem
	SNAD	America/Belem
	SNAE	America/Recife
	SNAF	America/Sao_Paulo
	SNAG	America/Sao_Paulo
	SNAH	America/Maceio
	SNAJ	America/Belem
	SNAM	America/Sao_Paulo
	SNAP	America/Bahia
	SNAS	America/Sao_Paulo
	SNAT	America/Fortaleza
	SNAU	America/Maceio
	SNAV	America/Bahia
	SNAW	America/Sao_Paulo
	SNAY	America/Belem
	SNAZ	America/Bahia
	SNBB	America/Bahia
	SNBD	America/Bahia
	SNBE	America/Cuiaba
	SNBG	America/Sao_Paulo
	SNBI	America/Fortaleza
	SNBJ	America/Recife
	SNBM	America/Sao_Paulo
	SNBN	America/Belem
	SNBO	America/Bahia
	SNBT	America/Fortaleza
	SNBV	America/Belem
	SNBW	America/Belem
	SNBY	America/Sao_Paulo
	SNBZ	America/Bahia
	SNCA	America/Sao_Paulo
	SNCB	America/Manaus
	SNCC	America/Belem
	SNCE	America/Sao_Paulo
	SNCF	America/Santarem
	SNCG	America/Sao_Paulo
	SNCI	America/Belem
	SNCJ	America/Santarem
	SNCQ	America/Bahia
	SNCS	America/Fortaleza
	SNCT	America/Sao_Paulo
	SNCV	America/Sao_Paulo
	SNCW	America/Belem
	SNCY	America/Maceio
	SNCZ	America/Sao_Paulo
	SNDB	America/Santarem
	SNDD	America/Fortaleza
	SNDF	America/Fortaleza
	SNDH	America/Bahia
	SNDI	America/Santarem
	SNDJ	America/Bahia
	SNDO	America/Sao_Paulo
	SNDP	America/Belem
	SNDQ	America/Araguaina
	SNDR	America/Fortaleza
	SNDU	America/Sao_Paulo
	SNDW	America/Bahia
	SNDX	America/Maceio
	SNEA	America/Sao_Paulo
	SNEB	America/Belem
	SNEC	America/Bahia
	SNEE	America/Bahia
	SNEH	America/Manaus
	SNEJ	America/Sao_Paulo
	SNEK	America/Sao_Paulo
	SNEL	America/Santarem
	SNEM	America/Recife
	SNEN	America/Fortaleza
	SNEO	America/Sao_Paulo
	SNES	America/Bahia
	SNEU	America/Bahia
	SNEW	America/Campo_Grande
	SNEY	America/Bahia
	SNEZ	America/Sao_Paulo
	SNFA	America/Sao_Paulo
	SNFB	America/Cuiaba
	SNFD	America/Sao_Paulo
	SNFE	America/Sao_Paulo
	SNFF	America/Fortaleza
	SNFG	America/Belem
	SNFH	America/Campo_Grande
	SNFI	America/Sao_Paulo
	SNFJ	America/Santarem
	SNFK	America/Bahia
	SNFL	America/Manaus
	SNFN	America/Sao_Paulo
	SNFO	America/Sao_Paulo
	SNFP	America/Cuiaba
	SNFQ	America/Sao_Paulo
	SNFR	America/Maceio
	SNFS	America/Bahia
	SNFT	America/Bahia
	SNFU	America/Sao_Paulo
	SNFV	America/Bahia
	SNFW	America/Bahia
	SNFZ	America/Sao_Paulo
	SNGB	America/Fortaleza
	SNGC	America/Santarem
	SNGG	America/Fortaleza
	SNGH	America/Sao_Paulo
	SNGJ	America/Fortaleza
	SNGK	America/Sao_Paulo
	SNGO	America/Sao_Paulo
	SNGP	America/Sao_Paulo
	SNGQ	America/Belem
	SNGR	America/Araguaina
	SNGS	America/Maceio
	SNGT	America/Bahia
	SNGU	America/Belem
	SNGW	America/Belem
	SNGX	America/Sao_Paulo
	SNHD	America/Sao_Paulo
	SNHE	America/Sao_Paulo
	SNHG	America/Araguaina
	SNHJ	America/Sao_Paulo
	SNHK	America/Sao_Paulo
	SNHL	America/Sao_Paulo
	SNHO	America/Sao_Paulo
	SNHP	America/Bahia
	SNHQ	America/Sao_Paulo
	SNHR	America/Sao_Paulo
	SNHS	America/Recife
	SNHU	America/Fortaleza
	SNHW	America/Fortaleza
	SNHX	America/Sao_Paulo
	SNIA	America/Belem
	SNIB	America/Bahia
	SNIE	America/Bahia
	SNIF	America/Manaus
	SNII	America/Santarem
	SNIK	America/Bahia
	SNIN	America/Santarem
	SNIO	America/Bahia
	SNIR	America/Araguaina
	SNIS	America/Fortaleza
	SNIT	America/Bahia
	SNIV	America/Sao_Paulo
	SNIX	America/Cuiaba
	SNIY	America/Recife
	SNIZ	America/Porto_Velho
	SNJA	America/Recife
	SNJC	America/Fortaleza
	SNJE	America/Bahia
	SNJG	America/Sao_Paulo
	SNJH	America/Bahia
	SNJI	America/Sao_Paulo
	SNJJ	America/Campo_Grande
	SNJL	America/Sao_Paulo
	SNJM	America/Sao_Paulo
	SNJO	America/Fortaleza
	SNJP	America/Sao_Paulo
	SNJQ	America/Bahia
	SNJS	America/Recife
	SNJT	America/Bahia
	SNJV	America/Bahia
	SNJW	America/Sao_Paulo
	SNJZ	America/Manaus
	SNKB	America/Recife
	SNKC	America/Bahia
	SNKD	America/Sao_Paulo
	SNKH	America/Santarem
	SNKJ	America/Cuiaba
	SNKK	America/Recife
	SNKL	America/Fortaleza
	SNKO	America/Bahia
	SNKQ	America/Belem
	SNKR	America/Fortaleza
	SNKS	America/Araguaina
	SNKT	America/Santarem
	SNKU	America/Bahia
	SNKV	America/Belem
	SNKW	America/Sao_Paulo
	SNKX	America/Belem
	SNKY	America/Belem
	SNKZ	America/Campo_Grande
	SNLA	America/Belem
	SNLB	America/Manaus
	SNLC	America/Belem
	SNLD	America/Manaus
	SNLF	America/Sao_Paulo
	SNLG	America/Sao_Paulo
	SNLH	America/Sao_Paulo
	SNLI	America/Sao_Paulo
	SNLJ	America/Porto_Velho
	SNLK	America/Porto_Velho
	SNLM	America/Cuiaba
	SNLN	America/Sao_Paulo
	SNLQ	America/Sao_Paulo
	SNLT	America/Fortaleza
	SNLU	America/Maceio
	SNLV	America/Sao_Paulo
	SNLX	America/Araguaina
	SNLY	America/Sao_Paulo
	SNLZ	America/Araguaina
	SNMB	America/Fortaleza
	SNMC	America/Bahia
	SNMD	America/Santarem
	SNME	America/Bahia
	SNMF	America/Sao_Paulo
	SNMI	America/Bahia
	SNMJ	America/Bahia
	SNMK	America/Bahia
	SNML	America/Maceio
	SNMM	America/Sao_Paulo
	SNMN	America/Sao_Paulo
	SNMO	America/Fortaleza
	SNMP	America/Sao_Paulo
	SNMR	America/Bahia
	SNMS	America/Sao_Paulo
	SNMV	America/Campo_Grande
	SNMW	America/Porto_Velho
	SNNB	America/Sao_Paulo
	SNNC	America/Belem
	SNND	America/Sao_Paulo
	SNNE	America/Sao_Paulo
	SNNF	America/Fortaleza
	SNNH	America/Bahia
	SNNI	America/Bahia
	SNNJ	America/Araguaina
	SNNK	America/Sao_Paulo
	SNNM	America/Sao_Paulo
	SNNO	America/Cuiaba
	SNNP	America/Cuiaba
	SNNQ	America/Campo_Grande
	SNNS	America/Sao_Paulo
	SNNT	America/Sao_Paulo
	SNNV	America/Cuiaba
	SNNX	America/Porto_Velho
	SNNY	America/Porto_Velho
	SNNZ	America/Campo_Grande
	SNOC	America/Bahia
	SNOD	America/Maceio
	SNOE	America/Fortaleza
	SNOF	America/Sao_Paulo
	SNOG	America/Fortaleza
	SNOI	America/Cuiaba
	SNOJ	America/Cuiaba
	SNOK	America/Belem
	SNOM	America/La_Paz
	SNOO	America/Cuiaba
	SNOP	America/Maceio
	SNOQ	America/Campo_Grande
	SNOT	America/Cuiaba
	SNOV	America/Maceio
	SNOW	America/Sao_Paulo
	SNOY	America/Fortaleza
	SNOZ	America/Fortaleza
	SNPA	America/Sao_Paulo
	SNPB	America/Fortaleza
	SNPE	America/Maceio
	SNPF	America/Araguaina
	SNPI	America/Bahia
	SNPJ	America/Sao_Paulo
	SNPL	America/Sao_Paulo
	SNPM	America/Bahia
	SNPN	America/Sao_Paulo
	SNPO	America/Sao_Paulo
	SNPP	America/Bahia
	SNPQ	America/Recife
	SNPS	America/Sao_Paulo
	SNPT	America/Sao_Paulo
	SNPU	America/Sao_Paulo
	SNPW	America/Belem
	SNPY	America/Sao_Paulo
	SNPZ	America/Sao_Paulo
	SNQA	America/Belem
	SNQB	America/Belem
	SNQD	America/Fortaleza
	SNQE	America/Araguaina
	SNQI	America/Cuiaba
	SNQJ	America/Cuiaba
	SNQL	America/Cuiaba
	SNQM	America/Bahia
	SNQO	America/Campo_Grande
	SNQP	America/Sao_Paulo
	SNQR	America/Cuiaba
	SNQS	America/Campo_Grande
	SNQT	America/Sao_Paulo
	SNQU	America/Bahia
	SNQV	America/Sao_Paulo
	SNQW	America/Santarem
	SNQX	America/Fortaleza
	SNQZ	America/Campo_Grande
	SNRA	America/Sao_Paulo
	SNRB	America/Santarem
	SNRE	America/Bahia
	SNRH	America/Sao_Paulo
	SNRJ	America/Fortaleza
	SNRM	America/Bahia
	SNRN	America/Sao_Paulo
	SNRP	America/Sao_Paulo
	SNRQ	America/Santarem
	SNRR	America/Belem
	SNRS	America/Fortaleza
	SNRV	America/Belem
	SNRW	America/Araguaina
	SNRX	America/Fortaleza
	SNSA	America/Sao_Paulo
	SNSB	America/Fortaleza
	SNSC	America/Sao_Paulo
	SNSD	America/Araguaina
	SNSE	America/Bahia
	SNSF	America/Campo_Grande
	SNSG	America/Recife
	SNSH	America/Santarem
	SNSI	America/Sao_Paulo
	SNSJ	America/Cuiaba
	SNSL	America/Santarem
	SNSO	America/Sao_Paulo
	SNSR	America/Sao_Paulo
	SNSS	America/Bahia
	SNST	America/Bahia
	SNSU	America/Belem
	SNSV	America/Campo_Grande
	SNSX	America/Campo_Grande
	SNSY	America/Campo_Grande
	SNSZ	America/Campo_Grande
	SNTA	America/Sao_Paulo
	SNTB	America/Maceio
	SNTC	America/Fortaleza
	SNTD	America/Sao_Paulo
	SNTG	America/Bahia
	SNTJ	America/Manaus
	SNTK	America/Sao_Paulo
	SNTL	America/Fortaleza
	SNTM	America/Bahia
	SNTP	America/Belem
	SNTQ	America/Bahia
	SNTR	America/Bahia
	SNTS	America/Recife
	SNTT	America/Sao_Paulo
	SNTU	America/Fortaleza
	SNTV	America/Sao_Paulo
	SNTW	America/Maceio
	SNTX	America/Fortaleza
	SNTY	America/Bahia
	SNUB	America/Sao_Paulo
	SNUC	America/Fortaleza
	SNUD	America/Fortaleza
	SNUF	America/Sao_Paulo
	SNUG	America/Cuiaba
	SNUH	America/Sao_Paulo
	SNUI	America/Sao_Paulo
	SNUJ	America/Recife
	SNUK	America/Sao_Paulo
	SNUL	America/Campo_Grande
	SNUM	America/Recife
	SNUN	America/Sao_Paulo
	SNUP	America/Maceio
	SNUS	America/Sao_Paulo
	SNUT	America/Bahia
	SNUU	America/Bahia
	SNUV	America/Campo_Grande
	SNUW	America/Recife
	SNUX	America/Campo_Grande
	SNUY	America/Sao_Paulo
	SNUZ	America/Maceio
	SNVA	America/Belem
	SNVC	America/Sao_Paulo
	SNVD	America/Bahia
	SNVG	America/Sao_Paulo
	SNVH	America/Cuiaba
	SNVJ	America/Cuiaba
	SNVK	America/Campo_Grande
	SNVL	America/Bahia
	SNVM	America/Campo_Grande
	SNVN	America/Sao_Paulo
	SNVO	America/Sao_Paulo
	SNVP	America/Araguaina
	SNVQ	America/Araguaina
	SNVR	America/Bahia
	SNVU	America/Sao_Paulo
	SNVV	America/Bahia
	SNVW	America/Cuiaba
	SNVY	America/Asuncion
	SNVZ	America/Sao_Paulo
	SNWA	America/Maceio
	SNWB	America/Sao_Paulo
	SNWD	America/Campo_Grande
	SNWE	America/Campo_Grande
	SNWF	America/Campo_Grande
	SNWG	America/Campo_Grande
	SNWH	America/Sao_Paulo
	SNWI	America/Cuiaba
	SNWJ	America/Cuiaba
	SNWK	America/Cuiaba
	SNWL	America/Sao_Paulo
	SNWM	America/Sao_Paulo
	SNWN	America/Cuiaba
	SNWO	America/Campo_Grande
	SNWP	America/Maceio
	SNWR	America/Belem
	SNWS	America/Fortaleza
	SNWU	America/Campo_Grande
	SNWZ	America/Maceio
	SNXA	America/Sao_Paulo
	SNXB	America/Sao_Paulo
	SNXD	America/Manaus
	SNXF	America/Campo_Grande
	SNXG	America/Belem
	SNXH	America/Fortaleza
	SNXI	America/Sao_Paulo
	SNXK	America/Santarem
	SNXL	America/Cuiaba
	SNXM	America/Manaus
	SNXN	America/Araguaina
	SNXO	America/Santarem
	SNXQ	America/Bahia
	SNXR	America/Santarem
	SNXV	America/Porto_Velho
	SNXW	America/Belem
	SNXX	America/Fortaleza
	SNXY	America/Belem
	SNYB	America/Sao_Paulo
	SNYC	America/Santarem
	SNYD	America/Bahia
	SNYF	America/Fortaleza
	SNYI	America/Sao_Paulo
	SNYJ	America/Santarem
	SNYL	America/Sao_Paulo
	SNYM	America/Bahia
	SNYN	America/Sao_Paulo
	SNYO	America/Sao_Paulo
	SNYP	America/Belem
	SNYQ	America/Santarem
	SNYR	America/Manaus
	SNYS	America/Sao_Paulo
	SNYT	America/Bahia
	SNYU	America/Sao_Paulo
	SNYV	America/Belem
	SNYW	America/Belem
	SNYX	America/Fortaleza
	SNYZ	America/Fortaleza
	SNZB	America/Sao_Paulo
	SNZC	America/Campo_Grande
	SNZD	America/Sao_Paulo
	SNZE	America/Santarem
	SNZF	America/Belem
	SNZH	America/Fortaleza
	SNZK	America/Sao_Paulo
	SNZL	America/Sao_Paulo
	SNZO	America/Fortaleza
	SNZP	America/Bahia
	SNZQ	America/Santarem
	SNZR	America/Sao_Paulo
	SNZT	America/Belem
	SNZU	America/Belem
	SNZV	America/Belem
	SNZY	America/Sao_Paulo
	SNZZ	America/Maceio
	SOML	America/Lima
	SOOY	America/Cayenne
	SPAA	America/Lima
	SPAB	America/Lima
	SPAC	America/Lima
	SPAG	America/Lima
	SPAI	America/Lima
	SPAL	America/Lima
	SPAM	America/Lima
	SPAN	America/Lima
	SPAP	America/Lima
	SPAT	America/Lima
	SPBA	America/Lima
	SPBC	America/Lima
	SPBQ	America/Lima
	SPBS	America/Lima
	SPBT	America/Lima
	SPBY	America/Lima
	SPCC	America/Lima
	SPCG	America/Lima
	SPCH	America/Lima
	SPCM	America/Lima
	SPCN	America/Lima
	SPCP	America/Lima
	SPCR	America/Lima
	SPCT	America/Lima
	SPDO	America/Lima
	SPEB	America/Lima
	SPEE	America/Lima
	SPEN	America/Lima
	SPEP	America/Lima
	SPEQ	America/Lima
	SPEZ	America/Lima
	SPFA	America/Lima
	SPGB	America/Lima
	SPGP	America/Lima
	SPGS	America/Lima
	SPGT	America/Lima
	SPGU	America/Lima
	SPHA	America/Lima
	SPHC	America/Lima
	SPHL	America/Lima
	SPHU	America/Lima
	SPHV	America/Lima
	SPIA	America/Lima
	SPIN	America/Lima
	SPIP	America/Lima
	SPIR	America/Lima
	SPIT	America/Lima
	SPIY	America/Lima
	SPJB	America/Lima
	SPLA	America/Lima
	SPLC	America/Lima
	SPLD	America/Lima
	SPLG	America/Lima
	SPLP	America/Lima
	SPLS	America/Lima
	SPLT	America/Lima
	SPNH	America/Lima
	SPNO	America/Lima
	SPNP	America/Lima
	SPNR	America/Lima
	SPNT	America/Lima
	SPNU	America/Lima
	SPOL	America/Lima
	SPON	America/Lima
	SPOR	America/Lima
	SPOS	America/Lima
	SPOV	America/Lima
	SPOY	America/Lima
	SPPA	America/Lima
	SPPB	America/Lima
	SPPG	America/Lima
	SPPH	America/Lima
	SPPL	America/Lima
	SPPM	America/Lima
	SPPN	America/Lima
	SPPO	America/Lima
	SPPP	America/Lima
	SPPZ	America/Lima
	SPQI	America/Lima
	SPQJ	America/Lima
	SPQR	America/Lima
	SPRF	America/Lima
	SPRG	America/Lima
	SPRL	America/Lima
	SPRM	America/Lima
	SPSA	America/Lima
	SPSE	America/Lima
	SPSF	America/Lima
	SPSI	America/Lima
	SPSJ	America/Lima
	SPSL	America/Lima
	SPSN	America/Lima
	SPSS	America/Lima
	SPTA	America/Lima
	SPTE	America/Lima
	SPTI	America/Lima
	SPTP	America/Lima
	SPTQ	America/Lima
	SPTR	America/Lima
	SPTY	America/Lima
	SPUC	America/Lima
	SPVA	America/Lima
	SPVI	America/Lima
	SPVL	America/Lima
	SPVR	America/Lima
	SPYA	America/Lima
	SPYO	America/Lima
	SPYU	America/Lima
	SPZH	America/Lima
	SPZT	America/Lima
	SSAB	America/Sao_Paulo
	SSAD	America/Campo_Grande
	SSAE	America/Sao_Paulo
	SSAF	America/Sao_Paulo
	SSAG	America/Campo_Grande
	SSAJ	America/Campo_Grande
	SSAK	America/Sao_Paulo
	SSAM	America/Campo_Grande
	SSAN	America/Sao_Paulo
	SSAQ	America/Sao_Paulo
	SSAR	America/Campo_Grande
	SSAU	America/Sao_Paulo
	SSAV	America/Campo_Grande
	SSAW	America/Campo_Grande
	SSAY	America/Campo_Grande
	SSBA	America/Campo_Grande
	SSBB	America/Campo_Grande
	SSBC	America/Sao_Paulo
	SSBD	America/Sao_Paulo
	SSBE	America/Campo_Grande
	SSBF	America/Campo_Grande
	SSBH	America/Cuiaba
	SSBJ	America/Sao_Paulo
	SSBK	America/Campo_Grande
	SSBM	America/Campo_Grande
	SSBN	America/Sao_Paulo
	SSBO	America/Sao_Paulo
	SSBQ	America/Campo_Grande
	SSBR	America/Sao_Paulo
	SSBS	America/Campo_Grande
	SSBT	America/Campo_Grande
	SSBU	America/Campo_Grande
	SSBV	America/Asuncion
	SSBW	America/Campo_Grande
	SSBX	America/Campo_Grande
	SSBY	America/Campo_Grande
	SSBZ	America/Sao_Paulo
	SSCA	America/Campo_Grande
	SSCB	America/Sao_Paulo
	SSCD	America/Campo_Grande
	SSCE	America/Sao_Paulo
	SSCF	America/Sao_Paulo
	SSCH	America/Campo_Grande
	SSCI	America/Campo_Grande
	SSCJ	America/Campo_Grande
	SSCM	America/Campo_Grande
	SSCO	America/Sao_Paulo
	SSCQ	America/Sao_Paulo
	SSCR	America/Sao_Paulo
	SSCS	America/Campo_Grande
	SSCU	America/Araguaina
	SSCV	America/Sao_Paulo
	SSCW	America/Cuiaba
	SSCX	America/Sao_Paulo
	SSDB	America/Campo_Grande
	SSDC	America/Sao_Paulo
	SSDE	America/Campo_Grande
	SSDF	America/Campo_Grande
	SSDG	America/Fortaleza
	SSDH	America/Campo_Grande
	SSDI	America/Fortaleza
	SSDJ	America/Campo_Grande
	SSDK	America/Campo_Grande
	SSDL	America/Fortaleza
	SSDM	America/Sao_Paulo
	SSDN	America/Araguaina
	SSDP	America/Cuiaba
	SSDQ	America/Campo_Grande
	SSDS	America/Sao_Paulo
	SSDT	America/Belem
	SSDU	America/Campo_Grande
	SSDV	America/Campo_Grande
	SSDW	America/Cuiaba
	SSDX	America/Sao_Paulo
	SSDY	America/Cuiaba
	SSDZ	America/Campo_Grande
	SSED	America/Campo_Grande
	SSEE	America/Sao_Paulo
	SSEF	America/Sao_Paulo
	SSEG	America/Sao_Paulo
	SSEI	America/Campo_Grande
	SSEK	America/Campo_Grande
	SSEL	America/Campo_Grande
	SSEO	America/Campo_Grande
	SSEP	America/Sao_Paulo
	SSEQ	America/Campo_Grande
	SSES	America/Sao_Paulo
	SSET	America/Sao_Paulo
	SSEU	America/Santarem
	SSEV	America/Campo_Grande
	SSEW	America/Sao_Paulo
	SSEX	America/Campo_Grande
	SSEY	America/Sao_Paulo
	SSEZ	America/Sao_Paulo
	SSFA	America/Sao_Paulo
	SSFD	America/Campo_Grande
	SSFE	America/Asuncion
	SSFF	America/Campo_Grande
	SSFG	America/Sao_Paulo
	SSFH	America/Sao_Paulo
	SSFI	America/Campo_Grande
	SSFJ	America/Campo_Grande
	SSFK	America/Campo_Grande
	SSFL	America/Fortaleza
	SSFM	America/Sao_Paulo
	SSFN	America/Campo_Grande
	SSFO	America/Campo_Grande
	SSFP	America/Campo_Grande
	SSFQ	America/Campo_Grande
	SSFR	America/Sao_Paulo
	SSFU	America/Campo_Grande
	SSFW	America/Campo_Grande
	SSFX	America/Sao_Paulo
	SSGA	America/Sao_Paulo
	SSGB	America/Sao_Paulo
	SSGC	America/Campo_Grande
	SSGE	America/Campo_Grande
	SSGF	America/Campo_Grande
	SSGG	America/Campo_Grande
	SSGH	America/Campo_Grande
	SSGI	America/Sao_Paulo
	SSGJ	America/Cuiaba
	SSGK	America/Campo_Grande
	SSGM	America/Campo_Grande
	SSGN	America/Campo_Grande
	SSGO	America/Campo_Grande
	SSGP	America/Sao_Paulo
	SSGR	America/Sao_Paulo
	SSGS	America/Cuiaba
	SSGT	America/Campo_Grande
	SSGU	America/Sao_Paulo
	SSGW	America/Sao_Paulo
	SSGX	America/Campo_Grande
	SSGZ	America/Campo_Grande
	SSHA	America/Campo_Grande
	SSHB	America/Sao_Paulo
	SSHC	America/Sao_Paulo
	SSHD	America/Campo_Grande
	SSHF	America/Campo_Grande
	SSHG	America/Campo_Grande
	SSHI	America/Campo_Grande
	SSHJ	America/Campo_Grande
	SSHK	America/Campo_Grande
	SSHL	America/Sao_Paulo
	SSHN	America/Sao_Paulo
	SSHQ	America/Campo_Grande
	SSHT	America/Cuiaba
	SSHU	America/Campo_Grande
	SSHW	America/Campo_Grande
	SSHX	America/Asuncion
	SSIB	America/Campo_Grande
	SSIC	America/Campo_Grande
	SSID	America/Campo_Grande
	SSIE	America/Campo_Grande
	SSIF	America/Campo_Grande
	SSIG	America/Campo_Grande
	SSIH	America/Campo_Grande
	SSII	America/Campo_Grande
	SSIM	America/Sao_Paulo
	SSIO	America/Sao_Paulo
	SSIP	America/Campo_Grande
	SSIR	America/Sao_Paulo
	SSIS	America/Sao_Paulo
	SSIU	America/Sao_Paulo
	SSIV	America/Campo_Grande
	SSIW	America/Campo_Grande
	SSIX	America/Campo_Grande
	SSIY	America/Sao_Paulo
	SSIZ	America/Sao_Paulo
	SSJB	America/Campo_Grande
	SSJC	America/Sao_Paulo
	SSJE	America/Campo_Grande
	SSJG	America/Campo_Grande
	SSJH	America/Campo_Grande
	SSJI	America/Campo_Grande
	SSJJ	America/Campo_Grande
	SSJK	America/Sao_Paulo
	SSJL	America/Campo_Grande
	SSJM	America/Campo_Grande
	SSJO	America/Campo_Grande
	SSJP	America/Sao_Paulo
	SSJQ	America/Cuiaba
	SSJR	America/Montevideo
	SSJT	America/Campo_Grande
	SSJU	America/Campo_Grande
	SSJV	America/Campo_Grande
	SSJW	America/Campo_Grande
	SSJX	America/Campo_Grande
	SSJY	America/Campo_Grande
	SSJZ	America/Sao_Paulo
	SSKA	America/Campo_Grande
	SSKB	America/Campo_Grande
	SSKC	America/Campo_Grande
	SSKD	America/Campo_Grande
	SSKE	America/Sao_Paulo
	SSKF	America/Campo_Grande
	SSKG	America/Campo_Grande
	SSKH	America/Campo_Grande
	SSKI	America/Sao_Paulo
	SSKJ	America/Sao_Paulo
	SSKK	America/Sao_Paulo
	SSKL	America/Campo_Grande
	SSKN	America/Sao_Paulo
	SSKO	America/Campo_Grande
	SSKP	America/Sao_Paulo
	SSKQ	America/Araguaina
	SSKR	America/Sao_Paulo
	SSKT	America/Sao_Paulo
	SSKV	America/Campo_Grande
	SSKX	America/Sao_Paulo
	SSKY	America/Cuiaba
	SSKZ	America/Sao_Paulo
	SSLA	America/Sao_Paulo
	SSLB	America/Campo_Grande
	SSLC	America/Campo_Grande
	SSLD	America/Campo_Grande
	SSLF	America/Campo_Grande
	SSLG	America/Sao_Paulo
	SSLI	America/Campo_Grande
	SSLJ	America/Araguaina
	SSLK	America/Campo_Grande
	SSLL	America/Campo_Grande
	SSLO	America/Sao_Paulo
	SSLP	America/Campo_Grande
	SSLQ	America/Campo_Grande
	SSLR	America/Campo_Grande
	SSLS	America/Sao_Paulo
	SSLU	America/Campo_Grande
	SSLW	America/Campo_Grande
	SSLX	America/Campo_Grande
	SSLZ	America/Campo_Grande
	SSMC	America/Campo_Grande
	SSMD	America/Sao_Paulo
	SSME	America/Campo_Grande
	SSMH	America/Sao_Paulo
	SSMI	America/Campo_Grande
	SSMJ	America/Campo_Grande
	SSMK	America/Sao_Paulo
	SSML	America/Campo_Grande
	SSMN	America/Manaus
	SSMP	America/Sao_Paulo
	SSMR	America/Sao_Paulo
	SSMS	America/Campo_Grande
	SSMT	America/Sao_Paulo
	SSMV	America/Sao_Paulo
	SSMW	America/Sao_Paulo
	SSMX	America/Sao_Paulo
	SSMY	America/Sao_Paulo
	SSMZ	America/Cuiaba
	SSNA	America/Campo_Grande
	SSNB	America/Campo_Grande
	SSND	America/Cuiaba
	SSNF	America/Sao_Paulo
	SSNI	America/Campo_Grande
	SSNJ	America/Campo_Grande
	SSNK	America/Cuiaba
	SSNL	America/Cuiaba
	SSNM	America/Cuiaba
	SSNN	America/Sao_Paulo
	SSNO	America/Sao_Paulo
	SSNP	America/Sao_Paulo
	SSNQ	America/Campo_Grande
	SSNR	America/Campo_Grande
	SSNT	America/Campo_Grande
	SSNU	America/Sao_Paulo
	SSNV	America/Campo_Grande
	SSNW	America/Bahia
	SSNY	America/Cuiaba
	SSOC	America/Campo_Grande
	SSOD	America/Campo_Grande
	SSOF	America/Bahia
	SSOI	America/Sao_Paulo
	SSOJ	America/Campo_Grande
	SSOK	America/Sao_Paulo
	SSOL	America/Sao_Paulo
	SSON	America/Campo_Grande
	SSOO	America/Sao_Paulo
	SSOP	America/Campo_Grande
	SSOQ	America/Campo_Grande
	SSOR	America/Sao_Paulo
	SSOS	America/Sao_Paulo
	SSOT	America/Sao_Paulo
	SSOV	America/Sao_Paulo
	SSOW	America/Santarem
	SSOY	America/Cuiaba
	SSPC	America/Cuiaba
	SSPD	America/Cuiaba
	SSPE	America/Cuiaba
	SSPF	America/Sao_Paulo
	SSPJ	America/Sao_Paulo
	SSPK	America/Sao_Paulo
	SSPL	America/Sao_Paulo
	SSPM	America/Campo_Grande
	SSPO	America/Campo_Grande
	SSPP	America/Sao_Paulo
	SSPQ	America/Rio_Branco
	SSPR	America/Rio_Branco
	SSPS	America/Sao_Paulo
	SSPT	America/Sao_Paulo
	SSPV	America/Rio_Branco
	SSPX	America/Rio_Branco
	SSPY	America/Cuiaba
	SSQA	America/Cuiaba
	SSQB	America/Eirunepe
	SSQC	America/Sao_Paulo
	SSQF	America/Campo_Grande
	SSQI	America/Cuiaba
	SSQL	America/Sao_Paulo
	SSQM	America/Bahia
	SSQN	America/Bahia
	SSQO	America/Campo_Grande
	SSQP	America/Bahia
	SSQR	America/Campo_Grande
	SSQU	America/Campo_Grande
	SSQZ	America/Bahia
	SSRA	America/Campo_Grande
	SSRB	America/Campo_Grande
	SSRC	America/Campo_Grande
	SSRD	America/Campo_Grande
	SSRE	America/Sao_Paulo
	SSRF	America/Bahia
	SSRG	America/Campo_Grande
	SSRH	America/Campo_Grande
	SSRI	America/Campo_Grande
	SSRJ	America/Campo_Grande
	SSRK	America/Bahia
	SSRL	America/Campo_Grande
	SSRM	America/Campo_Grande
	SSRN	America/Sao_Paulo
	SSRO	America/Campo_Grande
	SSRQ	America/Sao_Paulo
	SSRT	America/Manaus
	SSRX	America/Cuiaba
	SSRY	America/Sao_Paulo
	SSRZ	America/Sao_Paulo
	SSSA	America/Campo_Grande
	SSSD	America/Sao_Paulo
	SSSG	America/Sao_Paulo
	SSSH	America/Campo_Grande
	SSSO	America/Campo_Grande
	SSSP	America/Campo_Grande
	SSSQ	America/Sao_Paulo
	SSSR	America/Campo_Grande
	SSSS	America/Sao_Paulo
	SSST	America/Sao_Paulo
	SSSW	America/Campo_Grande
	SSSX	America/Campo_Grande
	SSSY	America/Campo_Grande
	SSSZ	America/Sao_Paulo
	SSTA	America/Sao_Paulo
	SSTB	America/Sao_Paulo
	SSTD	America/Sao_Paulo
	SSTF	America/Campo_Grande
	SSTG	America/Campo_Grande
	SSTH	America/Sao_Paulo
	SSTI	America/Bahia
	SSTJ	America/Sao_Paulo
	SSTK	America/Campo_Grande
	SSTL	America/Campo_Grande
	SSTN	America/Sao_Paulo
	SSTO	America/Sao_Paulo
	SSTP	America/Sao_Paulo
	SSTQ	America/Belem
	SSTS	America/Campo_Grande
	SSTU	America/Campo_Grande
	SSTY	America/Sao_Paulo
	SSUA	America/Campo_Grande
	SSUC	America/Campo_Grande
	SSUL	America/Sao_Paulo
	SSUQ	America/Campo_Grande
	SSUR	America/Campo_Grande
	SSUT	America/Cuiaba
	SSUU	America/Araguaina
	SSUX	America/Sao_Paulo
	SSUY	America/Sao_Paulo
	SSUZ	America/Sao_Paulo
	SSVA	America/Campo_Grande
	SSVB	America/Campo_Grande
	SSVC	America/Sao_Paulo
	SSVD	America/Sao_Paulo
	SSVE	America/Campo_Grande
	SSVF	America/Sao_Paulo
	SSVG	America/Campo_Grande
	SSVH	America/Campo_Grande
	SSVJ	America/Campo_Grande
	SSVK	America/Campo_Grande
	SSVL	America/Campo_Grande
	SSVM	America/Campo_Grande
	SSVN	America/Sao_Paulo
	SSVO	America/Sao_Paulo
	SSVQ	America/Campo_Grande
	SSVU	America/Sao_Paulo
	SSVW	America/Cuiaba
	SSVX	America/Campo_Grande
	SSVY	America/Sao_Paulo
	SSWA	America/Sao_Paulo
	SSWC	America/Campo_Grande
	SSWE	America/Sao_Paulo
	SSWF	America/Sao_Paulo
	SSWH	America/Sao_Paulo
	SSWK	America/Sao_Paulo
	SSWL	America/Belem
	SSWM	America/Sao_Paulo
	SSWN	America/Cuiaba
	SSWO	America/Campo_Grande
	SSWP	America/Araguaina
	SSWQ	America/Cuiaba
	SSWR	America/Campo_Grande
	SSWS	America/Sao_Paulo
	SSWT	America/Sao_Paulo
	SSWV	America/Sao_Paulo
	SSWW	America/Campo_Grande
	SSWX	America/Campo_Grande
	SSWZ	America/Sao_Paulo
	SSXA	America/Sao_Paulo
	SSXB	America/Cuiaba
	SSXC	America/Cuiaba
	SSXD	America/Sao_Paulo
	SSXH	America/Cuiaba
	SSXI	America/Cuiaba
	SSXK	America/Cuiaba
	SSXL	America/Campo_Grande
	SSXM	America/Campo_Grande
	SSXN	America/Manaus
	SSXO	America/Sao_Paulo
	SSXP	America/Belem
	SSXQ	America/Campo_Grande
	SSXR	America/Belem
	SSXU	America/Belem
	SSXV	America/Campo_Grande
	SSXW	America/Campo_Grande
	SSXY	America/Cuiaba
	SSXZ	America/Sao_Paulo
	SSYB	America/Campo_Grande
	SSYC	America/Campo_Grande
	SSYD	America/Araguaina
	SSYE	America/Cuiaba
	SSYF	America/Sao_Paulo
	SSYL	America/Campo_Grande
	SSYM	America/Campo_Grande
	SSYN	America/Campo_Grande
	SSYO	America/Cuiaba
	SSYQ	America/Sao_Paulo
	SSYR	America/Campo_Grande
	SSYS	America/Campo_Grande
	SSYT	America/Sao_Paulo
	SSYU	America/Campo_Grande
	SSYV	America/Campo_Grande
	SSYW	America/Campo_Grande
	SSYY	America/Campo_Grande
	SSYZ	America/Campo_Grande
	SSZA	America/Campo_Grande
	SSZB	America/Campo_Grande
	SSZC	America/Campo_Grande
	SSZF	America/Campo_Grande
	SSZG	America/Campo_Grande
	SSZH	America/Campo_Grande
	SSZJ	America/Campo_Grande
	SSZK	America/Asuncion
	SSZL	America/Campo_Grande
	SSZM	America/Campo_Grande
	SSZN	America/Sao_Paulo
	SSZP	America/Campo_Grande
	SSZQ	America/Campo_Grande
	SSZS	America/Sao_Paulo
	SSZT	America/Sao_Paulo
	SSZU	America/Campo_Grande
	SSZV	America/Cuiaba
	SSZX	America/Campo_Grande
	SSZY	America/Sao_Paulo
	SSZZ	America/Campo_Grande
	SUAA	America/Montevideo
	SUCM	America/Montevideo
	SUME	America/Montevideo
	SUPE	America/Montevideo
	SURB	America/Montevideo
	SV02	America/Caracas
	SV73	America/Caracas
	SV74	America/Caracas
	SV75	America/Caracas
	SVAE	America/Caracas
	SVAF	America/Caracas
	SVAH	America/Caracas
	SVAI	America/Caracas
	SVAJ	America/Caracas
	SVAL	America/Caracas
	SVAM	America/Caracas
	SVAO	America/Caracas
	SVAP	America/Caracas
	SVAQ	America/Caracas
	SVAR	America/Caracas
	SVAT	America/Caracas
	SVAU	America/Caracas
	SVAV	America/Caracas
	SVAW	America/Caracas
	SVAX	America/Caracas
	SVAY	America/Caracas
	SVAZ	America/Caracas
	SVBA	America/Caracas
	SVBD	America/Caracas
	SVBE	America/Caracas
	SVBF	America/Caracas
	SVBG	America/Caracas
	SVBH	America/Caracas
	SVBJ	America/Caracas
	SVBK	America/Caracas
	SVBL	America/Caracas
	SVBN	America/Caracas
	SVBP	America/Caracas
	SVBQ	America/Caracas
	SVBR	America/Caracas
	SVBT	America/Caracas
	SVBU	America/Caracas
	SVBV	America/Caracas
	SVBW	America/Caracas
	SVBX	America/Caracas
	SVCE	America/Caracas
	SVCH	America/Caracas
	SVCI	America/Caracas
	SVCJ	America/Caracas
	SVCK	America/Caracas
	SVCM	America/Caracas
	SVCQ	America/Caracas
	SVCS	America/Caracas
	SVCT	America/Caracas
	SVCV	America/Caracas
	SVCW	America/Caracas
	SVCX	America/Caracas
	SVCY	America/Caracas
	SVCZ	America/Caracas
	SVDB	America/Caracas
	SVDC	America/Caracas
	SVDF	America/Caracas
	SVDG	America/Caracas
	SVDM	America/Caracas
	SVDP	America/Caracas
	SVDR	America/Caracas
	SVDS	America/Caracas
	SVDV	America/Caracas
	SVDW	America/Caracas
	SVDX	America/Caracas
	SVDZ	America/Caracas
	SVEB	America/Caracas
	SVEE	America/Caracas
	SVEF	America/Caracas
	SVEG	America/Caracas
	SVEJ	America/Caracas
	SVEK	America/Caracas
	SVEL	America/Caracas
	SVEM	America/Caracas
	SVEN	America/Caracas
	SVEP	America/Caracas
	SVER	America/Caracas
	SVES	America/Caracas
	SVET	America/Caracas
	SVEW	America/Caracas
	SVEX	America/Caracas
	SVEY	America/Caracas
	SVFE	America/Caracas
	SVFG	America/Caracas
	SVFK	America/Caracas
	SVFL	America/Caracas
	SVFM	America/Caracas
	SVFR	America/Caracas
	SVFS	America/Caracas
	SVFT	America/Caracas
	SVFU	America/Caracas
	SVFX	America/Caracas
	SVFY	America/Caracas
	SVGA	America/Caracas
	SVGC	America/Caracas
	SVGE	America/Caracas
	SVGG	America/Caracas
	SVGH	America/Caracas
	SVGL	America/Caracas
	SVGP	America/Caracas
	SVGR	America/Caracas
	SVGT	America/Caracas
	SVGX	America/Caracas
	SVGZ	America/Caracas
	SVHA	America/Caracas
	SVHC	America/Caracas
	SVHD	America/Caracas
	SVHE	America/Caracas
	SVHH	America/Caracas
	SVHK	America/Caracas
	SVHL	America/Caracas
	SVHM	America/Caracas
	SVHN	America/Caracas
	SVHO	America/Caracas
	SVHP	America/Caracas
	SVHR	America/Caracas
	SVHS	America/Caracas
	SVHT	America/Caracas
	SVHX	America/Caracas
	SVHY	America/Caracas
	SVIM	America/Caracas
	SVJF	America/Caracas
	SVJH	America/Caracas
	SVJI	America/Caracas
	SVJJ	America/Caracas
	SVJL	America/Caracas
	SVJM	America/Caracas
	SVJO	America/Caracas
	SVJU	America/Caracas
	SVKB	America/Caracas
	SVKC	America/Caracas
	SVKI	America/Caracas
	SVKL	America/Caracas
	SVKN	America/Caracas
	SVKV	America/Caracas
	SVLA	America/Caracas
	SVLB	America/Caracas
	SVLC	America/Caracas
	SVLD	America/Caracas
	SVLE	America/Caracas
	SVLG	America/Caracas
	SVLH	America/Caracas
	SVLI	America/Caracas
	SVLJ	America/Caracas
	SVLK	America/Caracas
	SVLL	America/Caracas
	SVLM	America/Caracas
	SVLN	America/Caracas
	SVLO	America/Caracas
	SVLP	America/Caracas
	SVLS	America/Caracas
	SVLT	America/Caracas
	SVLU	America/Caracas
	SVLW	America/Caracas
	SVLX	America/Caracas
	SVLY	America/Caracas
	SVLZ	America/Caracas
	SVMA	America/Caracas
	SVMB	America/Caracas
	SVME	America/Caracas
	SVMF	America/Caracas
	SVMH	America/Caracas
	SVMJ	America/Caracas
	SVMK	America/Caracas
	SVML	America/Caracas
	SVMM	America/Caracas
	SVMN	America/Caracas
	SVMO	America/Caracas
	SVMP	America/Caracas
	SVMQ	America/Caracas
	SVMS	America/Caracas
	SVMV	America/Caracas
	SVMW	America/Caracas
	SVMX	America/Caracas
	SVMY	America/Caracas
	SVMZ	America/Caracas
	SVNA	America/Caracas
	SVNB	America/Caracas
	SVNE	America/Caracas
	SVNF	America/Caracas
	SVNG	America/Caracas
	SVNJ	America/Caracas
	SVNK	America/Caracas
	SVNP	America/Caracas
	SVNR	America/Caracas
	SVNT	America/Caracas
	SVNV	America/Caracas
	SVNX	America/Caracas
	SVOA	America/Caracas
	SVOB	America/Caracas
	SVOC	America/Caracas
	SVOD	America/Caracas
	SVOE	America/Caracas
	SVOF	America/Caracas
	SVOG	America/Caracas
	SVOH	America/Caracas
	SVOI	America/Caracas
	SVOJ	America/Caracas
	SVOK	America/Caracas
	SVOL	America/Caracas
	SVOO	America/Caracas
	SVOP	America/Caracas
	SVOQ	America/Caracas
	SVOR	America/Caracas
	SVOS	America/Caracas
	SVOT	America/Caracas
	SVOW	America/Caracas
	SVOZ	America/Caracas
	SVPB	America/Caracas
	SVPD	America/Caracas
	SVPF	America/Caracas
	SVPG	America/Caracas
	SVPI	America/Caracas
	SVPJ	America/Caracas
	SVPK	America/Caracas
	SVPL	America/Caracas
	SVPN	America/Caracas
	SVPO	America/Caracas
	SVPP	America/Caracas
	SVPQ	America/Caracas
	SVPS	America/Caracas
	SVPU	America/Caracas
	SVPV	America/Caracas
	SVPW	America/Caracas
	SVPX	America/Caracas
	SVPY	America/Caracas
	SVPZ	America/Caracas
	SVQA	America/Caracas
	SVQB	America/Caracas
	SVQC	America/Caracas
	SVQD	America/Caracas
	SVQI	America/Caracas
	SVQJ	America/Caracas
	SVQK	America/Caracas
	SVQL	America/Caracas
	SVQN	America/Caracas
	SVQO	America/Caracas
	SVQP	America/Caracas
	SVQQ	America/Caracas
	SVQR	America/Caracas
	SVQS	America/Caracas
	SVQT	America/Caracas
	SVQU	America/Caracas
	SVQW	America/Caracas
	SVQX	America/Caracas
	SVQY	America/Caracas
	SVQZ	America/Caracas
	SVRA	America/Caracas
	SVRB	America/Caracas
	SVRC	America/Caracas
	SVRE	America/Caracas
	SVRG	America/Caracas
	SVRH	America/Caracas
	SVRI	America/Caracas
	SVRK	America/Caracas
	SVRL	America/Caracas
	SVRM	America/Caracas
	SVRN	America/Caracas
	SVRO	America/Caracas
	SVRQ	America/Caracas
	SVRR	America/Caracas
	SVRT	America/Caracas
	SVRU	America/Caracas
	SVRW	America/Caracas
	SVRX	America/Caracas
	SVRY	America/Caracas
	SVRZ	America/Caracas
	SVSC	America/Caracas
	SVSD	America/Caracas
	SVSF	America/Caracas
	SVSG	America/Caracas
	SVSH	America/Caracas
	SVSI	America/Caracas
	SVSJ	America/Caracas
	SVSK	America/Caracas
	SVSL	America/Caracas
	SVSM	America/Caracas
	SVSN	America/Caracas
	SVSQ	America/Caracas
	SVSS	America/Caracas
	SVSU	America/Caracas
	SVSW	America/Caracas
	SVSX	America/Caracas
	SVSY	America/Caracas
	SVTB	America/Caracas
	SVTD	America/Caracas
	SVTE	America/Caracas
	SVTF	America/Caracas
	SVTG	America/Caracas
	SVTJ	America/Caracas
	SVTK	America/Caracas
	SVTL	America/Caracas
	SVTN	America/Caracas
	SVTO	America/Caracas
	SVTP	America/Caracas
	SVTR	America/Caracas
	SVTT	America/Caracas
	SVTU	America/Caracas
	SVTV	America/Caracas
	SVTY	America/Caracas
	SVUA	America/Caracas
	SVUK	America/Caracas
	SVUP	America/Caracas
	SVUQ	America/Caracas
	SVUY	America/Caracas
	SVVB	America/Caracas
	SVVD	America/Caracas
	SVVH	America/Caracas
	SVVK	America/Caracas
	SVVM	America/Caracas
	SVVQ	America/Caracas
	SVVR	America/Caracas
	SVVS	America/Caracas
	SVVV	America/Caracas
	SVVX	America/Caracas
	SVWA	America/Caracas
	SVWB	America/Caracas
	SVWE	America/Caracas
	SVXF	America/Caracas
	SVYA	America/Caracas
	SVYG	America/Caracas
	SVYI	America/Caracas
	SVYP	America/Caracas
	SVYT	America/Caracas
	SWAA	America/Sao_Paulo
	SWAE	America/Boa_Vista
	SWAF	America/Cuiaba
	SWAH	America/Cuiaba
	SWAK	America/Manaus
	SWAN	America/Cuiaba
	SWAO	America/Boa_Vista
	SWAP	America/Cuiaba
	SWAQ	America/Boa_Vista
	SWAR	America/Cuiaba
	SWAT	America/Cuiaba
	SWAU	America/Sao_Paulo
	SWAV	America/Cuiaba
	SWAY	America/Sao_Paulo
	SWAZ	America/Manaus
	SWBA	America/Sao_Paulo
	SWBB	America/Cuiaba
	SWBF	America/Araguaina
	SWBG	America/Cuiaba
	SWBH	America/Araguaina
	SWBI	America/Manaus
	SWBJ	America/Cuiaba
	SWBL	America/Manaus
	SWBN	America/Cuiaba
	SWBO	America/Araguaina
	SWBQ	America/Cuiaba
	SWBT	America/Cuiaba
	SWBU	America/Cuiaba
	SWBV	America/Caracas
	SWBW	America/Cuiaba
	SWBX	America/Cuiaba
	SWBY	America/Sao_Paulo
	SWBZ	America/Cuiaba
	SWCB	America/Araguaina
	SWCC	America/Porto_Velho
	SWCD	America/Sao_Paulo
	SWCE	America/Cuiaba
	SWCF	America/Cuiaba
	SWCG	America/Sao_Paulo
	SWCH	America/Cuiaba
	SWCJ	America/Araguaina
	SWCK	America/Cuiaba
	SWCL	America/Cuiaba
	SWCM	America/Cuiaba
	SWCN	America/Sao_Paulo
	SWCO	America/Cuiaba
	SWCP	America/Cuiaba
	SWCR	America/Cuiaba
	SWCT	America/Campo_Grande
	SWCU	America/Araguaina
	SWCV	America/Cuiaba
	SWCW	America/Araguaina
	SWCX	America/Cuiaba
	SWCY	America/Cuiaba
	SWCZ	America/Sao_Paulo
	SWDA	America/Cuiaba
	SWDB	America/Cuiaba
	SWDC	America/Cuiaba
	SWDE	America/Araguaina
	SWDF	America/Belem
	SWDG	America/Sao_Paulo
	SWDI	America/Araguaina
	SWDJ	America/Cuiaba
	SWDK	America/Porto_Velho
	SWDO	America/Cuiaba
	SWDQ	America/Cuiaba
	SWDS	America/Cuiaba
	SWDT	America/Cuiaba
	SWDU	America/Cuiaba
	SWDV	America/Cuiaba
	SWDW	America/Cuiaba
	SWDY	America/Araguaina
	SWDZ	America/Cuiaba
	SWEB	America/Cuiaba
	SWED	America/Araguaina
	SWEE	America/Lima
	SWEF	America/Cuiaba
	SWEG	America/Cuiaba
	SWEL	America/Cuiaba
	SWEM	America/Cuiaba
	SWEN	America/Cuiaba
	SWEO	America/Boa_Vista
	SWER	America/Cuiaba
	SWET	America/Cuiaba
	SWEU	America/Boa_Vista
	SWEW	America/Cuiaba
	SWEX	America/Cuiaba
	SWEY	America/Araguaina
	SWEZ	America/Cuiaba
	SWFA	America/Sao_Paulo
	SWFC	America/Cuiaba
	SWFD	America/Cuiaba
	SWFE	America/Cuiaba
	SWFF	America/Cuiaba
	SWFG	America/Cuiaba
	SWFH	America/Araguaina
	SWFK	America/Sao_Paulo
	SWFL	America/Cuiaba
	SWFN	America/Manaus
	SWFO	America/Cuiaba
	SWFP	America/Cuiaba
	SWFQ	America/Araguaina
	SWFR	America/Sao_Paulo
	SWFS	America/Cuiaba
	SWFT	America/Sao_Paulo
	SWFU	America/Cuiaba
	SWFW	America/Cuiaba
	SWFY	America/Cuiaba
	SWFZ	America/Cuiaba
	SWGA	America/Cuiaba
	SWGE	America/Cuiaba
	SWGF	America/Porto_Velho
	SWGH	America/Cuiaba
	SWGK	America/Cuiaba
	SWGL	America/Sao_Paulo
	SWGM	America/Cuiaba
	SWGO	America/Araguaina
	SWGP	America/Sao_Paulo
	SWGQ	America/Cuiaba
	SWGS	America/Cuiaba
	SWGT	America/Sao_Paulo
	SWGU	America/Araguaina
	SWGV	America/Cuiaba
	SWGW	America/Cuiaba
	SWGZ	America/Cuiaba
	SWHA	America/Araguaina
	SWHE	America/Cuiaba
	SWHF	America/Araguaina
	SWHG	America/Sao_Paulo
	SWHJ	America/Cuiaba
	SWHL	America/Cuiaba
	SWHN	America/Cuiaba
	SWHO	America/Cuiaba
	SWHQ	America/Cuiaba
	SWHS	America/Sao_Paulo
	SWHU	America/Sao_Paulo
	SWHY	America/Belem
	SWHZ	America/Cuiaba
	SWIA	America/Araguaina
	SWIB	America/Cuiaba
	SWID	America/Sao_Paulo
	SWIE	America/Sao_Paulo
	SWIG	America/Cuiaba
	SWIJ	America/Cuiaba
	SWIK	America/Cuiaba
	SWIL	America/Cuiaba
	SWIM	America/Sao_Paulo
	SWIN	America/Cuiaba
	SWIO	America/Sao_Paulo
	SWIP	America/Sao_Paulo
	SWIU	America/Porto_Velho
	SWIV	America/Santarem
	SWIW	America/Cuiaba
	SWIX	America/Cuiaba
	SWJA	America/Cuiaba
	SWJB	America/Cuiaba
	SWJC	America/Cuiaba
	SWJD	America/Sao_Paulo
	SWJE	America/Sao_Paulo
	SWJF	America/Cuiaba
	SWJG	America/Cuiaba
	SWJJ	America/Cuiaba
	SWJK	America/Cuiaba
	SWJL	America/Sao_Paulo
	SWJM	America/Araguaina
	SWJO	America/Araguaina
	SWJP	America/Eirunepe
	SWJQ	America/Campo_Grande
	SWJR	America/Cuiaba
	SWJS	America/Sao_Paulo
	SWJT	America/Cuiaba
	SWJV	America/Eirunepe
	SWJX	America/Sao_Paulo
	SWJY	America/Cuiaba
	SWJZ	America/Cuiaba
	SWKA	America/Sao_Paulo
	SWKB	America/Manaus
	SWKE	America/Araguaina
	SWKG	America/Cuiaba
	SWKH	America/Cuiaba
	SWKJ	America/Cuiaba
	SWKL	America/Porto_Velho
	SWKM	America/Cuiaba
	SWKP	America/Cuiaba
	SWKR	America/Sao_Paulo
	SWKU	America/Manaus
	SWKV	America/Cuiaba
	SWKX	America/La_Paz
	SWKY	America/Sao_Paulo
	SWKZ	America/Cuiaba
	SWLA	America/Cuiaba
	SWLD	America/Bahia
	SWLE	America/Cuiaba
	SWLF	America/Cuiaba
	SWLG	America/Cuiaba
	SWLI	America/Cuiaba
	SWLK	America/Cuiaba
	SWLM	America/Cuiaba
	SWLN	America/Cuiaba
	SWLP	America/Porto_Velho
	SWLR	America/Cuiaba
	SWLT	America/Cuiaba
	SWLV	America/Cuiaba
	SWMA	America/Araguaina
	SWMB	America/Sao_Paulo
	SWMC	America/Sao_Paulo
	SWME	America/Sao_Paulo
	SWMG	America/Sao_Paulo
	SWMH	America/Sao_Paulo
	SWMJ	America/Campo_Grande
	SWMK	America/Manaus
	SWML	America/Sao_Paulo
	SWMM	America/Porto_Velho
	SWMN	America/Araguaina
	SWMO	America/Cuiaba
	SWMQ	America/Cuiaba
	SWMR	America/Sao_Paulo
	SWMT	America/Cuiaba
	SWMU	America/Boa_Vista
	SWMV	America/Boa_Vista
	SWMX	America/Sao_Paulo
	SWMY	America/Araguaina
	SWMZ	America/Cuiaba
	SWNB	America/Cuiaba
	SWNC	America/Porto_Velho
	SWNF	America/Cuiaba
	SWNG	America/Cuiaba
	SWNH	America/Cuiaba
	SWNJ	America/Cuiaba
	SWNL	America/Cuiaba
	SWNM	America/Boa_Vista
	SWNN	America/Boa_Vista
	SWNO	America/Manaus
	SWNR	America/Cuiaba
	SWNT	America/Sao_Paulo
	SWNV	America/Sao_Paulo
	SWNW	America/Cuiaba
	SWNX	America/Cuiaba
	SWOA	America/Sao_Paulo
	SWOC	America/Campo_Grande
	SWOE	America/Cuiaba
	SWOF	America/Boa_Vista
	SWOG	America/Cuiaba
	SWOI	America/Cuiaba
	SWOJ	America/Cuiaba
	SWOK	America/Cuiaba
	SWOL	America/Cuiaba
	SWOM	America/Cuiaba
	SWOO	America/Cuiaba
	SWOP	America/Cuiaba
	SWOQ	America/Sao_Paulo
	SWOR	America/Sao_Paulo
	SWOS	America/Sao_Paulo
	SWOT	America/Cuiaba
	SWOV	America/Cuiaba
	SWOW	America/Manaus
	SWOX	America/Cuiaba
	SWOY	America/Cuiaba
	SWOZ	America/Cuiaba
	SWPA	America/Araguaina
	SWPB	America/Porto_Velho
	SWPC	America/Boa_Vista
	SWPD	America/Boa_Vista
	SWPE	America/Cuiaba
	SWPH	America/Cuiaba
	SWPJ	America/Cuiaba
	SWPK	America/Cuiaba
	SWPL	America/Cuiaba
	SWPN	America/Araguaina
	SWPO	America/Cuiaba
	SWPP	America/Sao_Paulo
	SWPR	America/Sao_Paulo
	SWPS	America/Cuiaba
	SWPT	America/Cuiaba
	SWPV	America/Sao_Paulo
	SWPW	America/Cuiaba
	SWPY	America/Cuiaba
	SWPZ	America/Sao_Paulo
	SWQE	America/Bogota
	SWQG	America/Campo_Grande
	SWQH	America/Cuiaba
	SWQI	America/Boa_Vista
	SWQJ	America/Cuiaba
	SWQK	America/Fortaleza
	SWQL	America/Sao_Paulo
	SWQM	America/Cuiaba
	SWQP	America/Sao_Paulo
	SWQQ	America/Campo_Grande
	SWQR	America/Boa_Vista
	SWQT	America/Porto_Velho
	SWQU	America/Cuiaba
	SWQV	America/Cuiaba
	SWQW	America/Cuiaba
	SWQX	America/Araguaina
	SWQZ	America/Campo_Grande
	SWRB	America/Cuiaba
	SWRC	America/Cuiaba
	SWRF	America/Cuiaba
	SWRG	America/Porto_Velho
	SWRI	America/Cuiaba
	SWRJ	America/Cuiaba
	SWRK	Australia/Sydney
	SWRL	America/Porto_Velho
	SWRM	America/Sao_Paulo
	SWRO	America/Porto_Velho
	SWRP	America/Cuiaba
	SWRR	America/Cuiaba
	SWRS	America/Cuiaba
	SWRT	America/Cuiaba
	SWRU	America/Cuiaba
	SWRV	America/Cuiaba
	SWRW	America/Cuiaba
	SWRX	America/Cuiaba
	SWRY	America/Cuiaba
	SWRZ	America/Cuiaba
	SWSA	America/Cuiaba
	SWSB	America/Cuiaba
	SWSC	America/Cuiaba
	SWSD	America/Sao_Paulo
	SWSF	America/La_Paz
	SWSG	America/Cuiaba
	SWSH	America/Cuiaba
	SWSK	America/Boa_Vista
	SWSM	America/Cuiaba
	SWSP	America/Cuiaba
	SWSQ	America/Manaus
	SWSR	America/Cuiaba
	SWSS	America/La_Paz
	SWSU	America/Cuiaba
	SWSV	America/Cuiaba
	SWSX	America/Rio_Branco
	SWSY	America/Cuiaba
	SWSZ	America/Porto_Velho
	SWTA	America/Cuiaba
	SWTB	America/Porto_Velho
	SWTC	America/Araguaina
	SWTD	America/Cuiaba
	SWTE	America/Cuiaba
	SWTH	America/Porto_Velho
	SWTI	America/Cuiaba
	SWTJ	America/Cuiaba
	SWTK	America/Cuiaba
	SWTL	America/Porto_Velho
	SWTN	America/Cuiaba
	SWTO	America/Araguaina
	SWTQ	America/Sao_Paulo
	SWTR	America/Manaus
	SWTV	America/Cuiaba
	SWTW	America/Cuiaba
	SWTX	America/Cuiaba
	SWUB	America/Cuiaba
	SWUC	America/Cuiaba
	SWUE	America/Cuiaba
	SWUI	America/Porto_Velho
	SWUJ	America/Cuiaba
	SWUK	America/Boa_Vista
	SWUL	America/Araguaina
	SWUM	America/Cuiaba
	SWUN	America/Cuiaba
	SWUP	America/Cuiaba
	SWUQ	America/Boa_Vista
	SWUR	America/Araguaina
	SWUS	America/Cuiaba
	SWUT	America/Cuiaba
	SWUU	America/Cuiaba
	SWUW	America/Cuiaba
	SWUY	America/Manaus
	SWUZ	America/Sao_Paulo
	SWVD	America/Sao_Paulo
	SWVE	America/Rio_Branco
	SWVF	America/Cuiaba
	SWVH	America/Cuiaba
	SWVI	America/Araguaina
	SWVJ	America/Cuiaba
	SWVK	America/Cuiaba
	SWVL	America/Cuiaba
	SWVN	America/Cuiaba
	SWVO	America/Cuiaba
	SWVP	America/Belem
	SWVR	America/Campo_Grande
	SWVS	America/Cuiaba
	SWVT	America/Cuiaba
	SWVU	America/Campo_Grande
	SWVV	America/Cuiaba
	SWVY	America/Campo_Grande
	SWVZ	America/Cuiaba
	SWWA	America/Sao_Paulo
	SWWB	America/Cuiaba
	SWWD	America/Manaus
	SWWF	America/Cuiaba
	SWWG	America/Sao_Paulo
	SWWI	America/Cuiaba
	SWWJ	America/Cuiaba
	SWWK	America/Manaus
	SWWL	America/Cuiaba
	SWWM	America/Bahia
	SWWN	America/Cuiaba
	SWWT	America/Sao_Paulo
	SWWU	America/Sao_Paulo
	SWWV	America/Cuiaba
	SWWW	America/Cuiaba
	SWWX	America/Cuiaba
	SWWY	America/Cuiaba
	SWWZ	America/Fortaleza
	SWXA	America/Cuiaba
	SWXC	America/Porto_Velho
	SWXD	America/Sao_Paulo
	SWXG	America/Cuiaba
	SWXH	America/Araguaina
	SWXJ	America/Cuiaba
	SWXK	America/Cuiaba
	SWXL	America/Araguaina
	SWXO	America/Manaus
	SWXP	America/Cuiaba
	SWXR	America/Cuiaba
	SWXS	America/Cuiaba
	SWXT	America/La_Paz
	SWXU	America/Rio_Branco
	SWXW	America/Cuiaba
	SWXY	America/Cuiaba
	SWXZ	America/Porto_Velho
	SWYA	America/Cuiaba
	SWYC	America/Cuiaba
	SWYG	America/Sao_Paulo
	SWYH	America/Cuiaba
	SWYI	America/Araguaina
	SWYJ	America/Santarem
	SWYK	America/Cuiaba
	SWYM	America/Cuiaba
	SWYN	America/Manaus
	SWYO	America/Sao_Paulo
	SWYP	America/Cuiaba
	SWYQ	America/Cuiaba
	SWYR	America/Cuiaba
	SWYT	America/Araguaina
	SWYU	America/Sao_Paulo
	SWYV	America/Sao_Paulo
	SWYW	America/Cuiaba
	SWYY	America/Cuiaba
	SWZA	America/Cuiaba
	SWZB	America/Cuiaba
	SWZC	America/La_Paz
	SWZD	America/Sao_Paulo
	SWZE	America/Cuiaba
	SWZF	America/Cuiaba
	SWZG	America/Cuiaba
	SWZH	America/Sao_Paulo
	SWZJ	America/Sao_Paulo
	SWZL	America/Sao_Paulo
	SWZM	America/Sao_Paulo
	SWZN	America/Sao_Paulo
	SWZO	America/Cuiaba
	SWZP	America/Cuiaba
	SWZQ	America/Sao_Paulo
	SWZR	America/Sao_Paulo
	SWZS	America/Cuiaba
	SWZT	America/Sao_Paulo
	SWZU	America/Sao_Paulo
	SWZV	America/Campo_Grande
	SWZW	America/Cuiaba
	SWZY	America/Cuiaba
	SYAP	America/Guyana
	SYAW	America/Guyana
	SYEB	America/Guyana
	SYKK	America/Guyana
	SYKW	America/Guyana
	SYLD	America/Guyana
	SYMN	America/Guyana
	SYMP	America/Guyana
	SYMW	America/Guyana
	SYWI	America/Guyana
	TA00	America/Chicago
	TA01	America/Chicago
	TA02	America/Chicago
	TA05	America/Chicago
	TA09	America/Chicago
	TA13	America/Chicago
	TA16	America/Chicago
	TA17	America/Chicago
	TA18	America/Chicago
	TA19	America/Chicago
	TA20	America/Chicago
	TA23	America/Chicago
	TA24	America/Chicago
	TA25	America/Chicago
	TA26	America/Chicago
	TA27	America/Chicago
	TA28	America/Chicago
	TA31	America/Chicago
	TA34	America/Chicago
	TA35	America/Chicago
	TA37	America/Chicago
	TA42	America/Chicago
	TA44	America/Chicago
	TA45	America/Chicago
	TA46	America/Chicago
	TA47	America/Chicago
	TA51	America/Chicago
	TA52	America/Chicago
	TA54	America/Chicago
	TA55	America/Chicago
	TA56	America/Chicago
	TA57	America/Chicago
	TA58	America/Chicago
	TA60	America/Chicago
	TA61	America/Chicago
	TA62	America/Denver
	TA64	America/Chicago
	TA65	America/Chicago
	TA66	America/Chicago
	TA67	America/Chicago
	TA68	America/Chicago
	TA70	America/Chicago
	TA76	America/Chicago
	TA77	America/Chicago
	TA78	America/Chicago
	TA81	America/Chicago
	TA82	America/Chicago
	TA85	America/Chicago
	TA87	America/Chicago
	TA88	America/Chicago
	TA90	America/Chicago
	TA93	America/Chicago
	TA95	America/Chicago
	TA97	America/Chicago
	TAPH	America/Antigua
	TAPT	America/Antigua
	TCYT	Australia/Brisbane
	TE01	America/Chicago
	TE02	America/Chicago
	TE05	America/Chicago
	TE06	America/Chicago
	TE09	America/Chicago
	TE10	America/Chicago
	TE13	America/Chicago
	TE15	America/Chicago
	TE16	America/Chicago
	TE17	America/Chicago
	TE21	America/Chicago
	TE24	America/Chicago
	TE25	America/Chicago
	TE26	America/Chicago
	TE27	America/Chicago
	TE29	America/Chicago
	TE32	America/Chicago
	TE33	America/Chicago
	TE34	America/Chicago
	TE35	America/Chicago
	TE37	America/Chicago
	TE38	America/Chicago
	TE39	America/Chicago
	TE40	America/Chicago
	TE44	America/Chicago
	TE45	America/Chicago
	TE48	America/Chicago
	TE50	America/Chicago
	TE51	America/Chicago
	TE52	America/Chicago
	TE54	America/Chicago
	TE57	America/Chicago
	TE58	America/Chicago
	TE62	America/Chicago
	TE67	America/Chicago
	TE68	America/Chicago
	TE70	America/Chicago
	TE73	America/Chicago
	TE74	America/Chicago
	TE75	America/Chicago
	TE76	America/Chicago
	TE78	America/Chicago
	TE81	America/Chicago
	TE83	America/Chicago
	TE84	America/Chicago
	TE85	America/Chicago
	TE86	America/Chicago
	TE87	America/Chicago
	TE88	America/Chicago
	TE89	America/Chicago
	TE90	America/Chicago
	TE91	America/Chicago
	TE96	America/Chicago
	TE97	America/Chicago
	TE99	America/Chicago
	TN01	America/Chicago
	TN02	America/New_York
	TN07	America/Chicago
	TN08	America/New_York
	TN09	America/Chicago
	TN11	America/New_York
	TN12	America/Chicago
	TN13	America/Chicago
	TN14	America/Chicago
	TN16	America/Chicago
	TN17	America/New_York
	TN18	America/Chicago
	TN20	America/New_York
	TN21	America/Chicago
	TN23	America/Chicago
	TN26	America/Chicago
	TN27	America/Chicago
	TN30	America/New_York
	TN36	America/Chicago
	TN37	America/Chicago
	TN39	America/Chicago
	TN41	America/New_York
	TN43	America/Chicago
	TN44	America/New_York
	TN45	America/Chicago
	TN49	America/Chicago
	TN50	America/Chicago
	TN51	America/Chicago
	TN52	America/Chicago
	TN53	America/Chicago
	TN54	America/New_York
	TN56	America/Chicago
	TN58	America/Chicago
	TN64	America/New_York
	TN65	America/Chicago
	TN66	America/Chicago
	TN67	America/Chicago
	TN68	America/Chicago
	TN70	America/Chicago
	TN71	America/New_York
	TN75	America/New_York
	TN77	America/Chicago
	TN79	America/Chicago
	TN80	America/Chicago
	TN81	America/Chicago
	TN83	America/Chicago
	TN85	America/Chicago
	TN87	America/New_York
	TN89	America/Chicago
	TN94	America/New_York
	TN95	America/Chicago
	TN96	America/Chicago
	TN97	America/Chicago
	TN98	America/New_York
	TN99	America/New_York
	TS00	America/Chicago
	TS04	America/Chicago
	TS07	America/Chicago
	TS08	America/Chicago
	TS11	America/Chicago
	TS13	America/Chicago
	TS14	America/Chicago
	TS15	America/Chicago
	TS18	America/Chicago
	TS20	America/Chicago
	TS21	America/Chicago
	TS22	America/Chicago
	TS25	America/Chicago
	TS27	America/Chicago
	TS28	America/Chicago
	TS35	America/Chicago
	TS36	America/Chicago
	TS40	America/Chicago
	TS41	America/Chicago
	TS44	America/Chicago
	TS47	America/Chicago
	TS55	America/Chicago
	TS57	America/Chicago
	TS61	America/Chicago
	TS63	America/Chicago
	TS65	America/Chicago
	TS69	America/Chicago
	TS71	America/Chicago
	TS74	America/Chicago
	TS75	America/Chicago
	TS76	America/Chicago
	TS77	America/Chicago
	TS79	America/Chicago
	TS80	America/Chicago
	TS81	America/Chicago
	TS84	America/Chicago
	TS85	America/Chicago
	TS87	America/Chicago
	TS89	America/Chicago
	TS90	America/Chicago
	TS94	America/Chicago
	TS95	America/Chicago
	TS96	America/Chicago
	TS99	America/Chicago
	TT00	America/Chicago
	TT01	Pacific/Saipan
	TT05	America/Chicago
	TT10	America/Chicago
	TT11	America/Chicago
	TT12	America/Chicago
	TT16	America/Chicago
	TT18	America/Chicago
	TT19	America/Chicago
	TT20	America/Chicago
	TT21	America/Chicago
	TT26	America/Chicago
	TT27	America/Chicago
	TT29	America/Chicago
	TT31	America/Chicago
	TT32	America/Chicago
	TT34	America/Chicago
	TT35	America/Chicago
	TT36	America/Chicago
	TT37	America/Chicago
	TT40	America/Chicago
	TT41	America/Chicago
	TT44	America/Chicago
	TT45	America/Chicago
	TT46	America/Chicago
	TT47	America/Chicago
	TT48	America/New_York
	TT50	America/Chicago
	TT53	America/Chicago
	TT54	America/Chicago
	TT57	America/Chicago
	TT61	America/Chicago
	TT65	America/Chicago
	TT66	America/Chicago
	TT68	America/Chicago
	TT73	America/Chicago
	TT75	America/Chicago
	TT80	America/Chicago
	TT86	America/Chicago
	TT87	America/Chicago
	TT91	America/Chicago
	TT94	America/Chicago
	TT97	America/Chicago
	TT98	America/Chicago
	TT99	America/Chicago
	TX00	America/Chicago
	TX04	America/Chicago
	TX05	America/Chicago
	TX07	America/Chicago
	TX12	America/Chicago
	TX13	America/Chicago
	TX14	America/Chicago
	TX15	America/Chicago
	TX16	America/Chicago
	TX19	America/Chicago
	TX21	America/Chicago
	TX22	America/Chicago
	TX25	America/Chicago
	TX28	America/Chicago
	TX29	America/Chicago
	TX31	America/Chicago
	TX32	America/Chicago
	TX34	America/Chicago
	TX35	America/Chicago
	TX36	America/Chicago
	TX38	America/Chicago
	TX40	America/Chicago
	TX41	America/Chicago
	TX42	America/Chicago
	TX43	America/Chicago
	TX45	America/Chicago
	TX46	America/Chicago
	TX47	America/Chicago
	TX48	America/Chicago
	TX49	America/Chicago
	TX51	America/Chicago
	TX52	America/Chicago
	TX56	America/Chicago
	TX61	America/Chicago
	TX62	America/Chicago
	TX64	America/Chicago
	TX65	America/Chicago
	TX67	America/Chicago
	TX70	America/Chicago
	TX71	America/Chicago
	TX74	America/Chicago
	TX75	America/Chicago
	TX79	America/Chicago
	TX82	America/Chicago
	TX88	America/Chicago
	TX90	America/Chicago
	TX93	America/Chicago
	TX94	America/Chicago
	TX96	America/Chicago
	TX99	America/Chicago
	UA34	Asia/Almaty
	UA36	Asia/Almaty
	UAFA	Asia/Bishkek
	UAFB	Asia/Bishkek
	UAFE	Asia/Bishkek
	UAFF	Asia/Bishkek
	UAFG	Asia/Bishkek
	UAFI	Asia/Bishkek
	UAFJ	Asia/Bishkek
	UAFN	Asia/Bishkek
	UAFR	Asia/Bishkek
	UAFS	Asia/Bishkek
	UAFT	Asia/Bishkek
	UAFW	Asia/Bishkek
	UAFZ	Asia/Bishkek
	UAON	Asia/Almaty
	UASA	Asia/Almaty
	UASB	Asia/Qyzylorda
	UASU	Asia/Almaty
	UASZ	Asia/Almaty
	UATA	Asia/Qyzylorda
	UATR	Asia/Aqtobe
	UATZ	Asia/Oral
	UAUR	Asia/Almaty
	UBBA	Asia/Baku
	UD21	Asia/Yerevan
	UDLS	Asia/Yerevan
	UDYE	Asia/Yerevan
	UEBB	Asia/Vladivostok
	UEBN	Asia/Vladivostok
	UEBW	Asia/Vladivostok
	UENK	Asia/Yakutsk
	UERA	Asia/Yakutsk
	UERT	Asia/Yakutsk
	UEWD	Asia/Vladivostok
	UG0U	Asia/Tbilisi
	UGEJ	Asia/Yerevan
	UGMM	Asia/Tbilisi
	UGSP	Asia/Tbilisi
	UHB1	Asia/Vladivostok
	UHBE	Asia/Yakutsk
	UHBP	Asia/Yakutsk
	UHBS	Asia/Yakutsk
	UHHB	Asia/Vladivostok
	UHHT	Asia/Vladivostok
	UHHY	Asia/Vladivostok
	UHK1	Asia/Vladivostok
	UHK2	Asia/Vladivostok
	UHKD	Asia/Vladivostok
	UHKG	Asia/Vladivostok
	UHME	Asia/Anadyr
	UHMF	Asia/Magadan
	UHMG	Asia/Magadan
	UHMI	Asia/Anadyr
	UHML	Asia/Anadyr
	UHMN	Asia/Anadyr
	UHMR	Asia/Anadyr
	UHMS	Asia/Srednekolymsk
	UHMT	Asia/Magadan
	UHNA	Asia/Vladivostok
	UHPA	Asia/Kamchatka
	UHPG	Asia/Kamchatka
	UHPH	Asia/Kamchatka
	UHPK	Asia/Anadyr
	UHPL	Asia/Kamchatka
	UHPM	Asia/Kamchatka
	UHPT	Asia/Kamchatka
	UHPU	Asia/Kamchatka
	UHPX	Asia/Kamchatka
	UHU1	Asia/Vladivostok
	UIAE	Asia/Chita
	UIAO	Asia/Irkutsk
	UIAR	Asia/Yakutsk
	UIBV	Asia/Irkutsk
	UIIB	Asia/Irkutsk
	UIIR	Asia/Irkutsk
	UIIV	Asia/Irkutsk
	UIKM	Asia/Irkutsk
	UIOO	Asia/Irkutsk
	UITK	Asia/Irkutsk
	UIUB	Asia/Irkutsk
	UIUN	Asia/Irkutsk
	UK59	Europe/Kyiv
	UK61	Europe/Kyiv
	UKBF	Europe/Kyiv
	UKFG	Europe/Simferopol
	UKFI	Europe/Simferopol
	UKFV	Europe/Simferopol
	UKFY	Europe/Simferopol
	UKHD	Europe/Zaporozhye
	UKKH	Europe/Kyiv
	UKKM	Europe/Kyiv
	UKKT	Europe/Kyiv
	UKOI	Europe/Kyiv
	UKOM	Europe/Kyiv
	UKON	Europe/Kyiv
	ULAE	Europe/Moscow
	ULAH	Europe/Moscow
	ULAK	Europe/Moscow
	ULAN	Europe/Moscow
	ULAO	Europe/Moscow
	ULAP	Europe/Moscow
	ULAR	Europe/Moscow
	ULAT	Europe/Moscow
	ULAV	Europe/Moscow
	ULBC	Europe/Moscow
	ULBD	Europe/Moscow
	ULBI	Europe/Moscow
	ULBL	Europe/Moscow
	ULBM	Europe/Moscow
	ULBO	Europe/Moscow
	ULBW	Europe/Moscow
	ULBZ	Europe/Moscow
	ULDA	Europe/Moscow
	ULDT	Europe/Moscow
	ULEH	Europe/Moscow
	ULER	Europe/Moscow
	ULJC	Europe/Moscow
	ULJO	Europe/Moscow
	ULKO	Europe/Moscow
	ULKS	Europe/Moscow
	ULKW	Europe/Moscow
	ULLK	Europe/Moscow
	ULLP	Europe/Moscow
	ULLS	Europe/Moscow
	ULMA	Europe/Moscow
	ULML	Europe/Moscow
	ULMU	Europe/Moscow
	ULMX	Europe/Moscow
	ULNB	Europe/Moscow
	ULNR	Europe/Moscow
	ULPA	Europe/Moscow
	ULPK	Europe/Moscow
	ULPM	Europe/Moscow
	ULPP	Europe/Moscow
	ULPS	Europe/Moscow
	ULPW	Europe/Moscow
	ULSC	Europe/Moscow
	ULSG	Europe/Moscow
	ULSI	Europe/Moscow
	ULSK	Europe/Moscow
	ULSM	Europe/Moscow
	ULSO	Europe/Moscow
	ULWK	Europe/Moscow
	ULWR	Europe/Moscow
	UMDD	Europe/Minsk
	UMLI	Europe/Minsk
	UMMA	Europe/Minsk
	UMMB	Europe/Minsk
	UMMO	Europe/Minsk
	UMMR	Europe/Minsk
	UMNB	Europe/Minsk
	UMNM	Europe/Minsk
	UMNV	Europe/Minsk
	UNAU	Asia/Krasnoyarsk
	UNBI	Asia/Krasnoyarsk
	UNBM	Asia/Barnaul
	UNBU	Asia/Omsk
	UNCC	Asia/Novosibirsk
	UNCN	Asia/Novosibirsk
	UNIB	Asia/Krasnoyarsk
	UNIJ	Asia/Krasnoyarsk
	UNIS	Asia/Krasnoyarsk
	UNIT	Asia/Krasnoyarsk
	UNIW	Asia/Krasnoyarsk
	UNKB	Asia/Krasnoyarsk
	UNKI	Asia/Krasnoyarsk
	UNKK	Asia/Krasnoyarsk
	UNKM	Asia/Krasnoyarsk
	UNKO	Asia/Krasnoyarsk
	UNLL	Asia/Krasnoyarsk
	UNNE	Asia/Krasnoyarsk
	UNNS	Asia/Novosibirsk
	UNOK	Asia/Omsk
	UNOS	Asia/Omsk
	UNOT	Asia/Omsk
	UNOW	Asia/Omsk
	UNRR	Asia/Novosibirsk
	UNSA	Asia/Tomsk
	UODN	Europe/Moscow
	UODS	Asia/Krasnoyarsk
	UOIC	Asia/Krasnoyarsk
	UOIG	Asia/Krasnoyarsk
	UOOW	Asia/Krasnoyarsk
	URKH	Europe/Moscow
	URKM	Europe/Moscow
	URKR	Europe/Moscow
	URKS	Europe/Moscow
	URME	Europe/Moscow
	UROD	Asia/Krasnoyarsk
	URRH	Europe/Moscow
	URRM	Europe/Moscow
	URRS	Europe/Moscow
	URRW	Europe/Moscow
	URRY	Europe/Moscow
	USCG	Asia/Yekaterinburg
	USCV	Asia/Yekaterinburg
	USDH	Asia/Yekaterinburg
	USDO	Asia/Yekaterinburg
	USDR	Asia/Yekaterinburg
	USDT	Asia/Yekaterinburg
	USHL	Asia/Yekaterinburg
	USMQ	Asia/Yekaterinburg
	USPB	Asia/Yekaterinburg
	USPT	Asia/Yekaterinburg
	USSK	Asia/Yekaterinburg
	USTL	Asia/Yekaterinburg
	USUK	Asia/Yekaterinburg
	UT00	America/Denver
	UT01	America/Denver
	UT03	America/Denver
	UT10	America/Denver
	UT15	America/Denver
	UT24	America/Denver
	UT26	America/Denver
	UT27	America/Denver
	UT28	America/Denver
	UT29	America/Denver
	UT30	America/Denver
	UT42	America/Denver
	UT43	America/Denver
	UT47	America/Denver
	UT53	America/Denver
	UT54	America/Denver
	UT65	America/Denver
	UT68	America/Denver
	UT74	America/Denver
	UT75	America/Denver
	UT79	America/Denver
	UT82	America/Denver
	UT83	America/Denver
	UT89	America/Denver
	UT90	America/Denver
	UT91	America/Denver
	UT94	America/Denver
	UT97	America/Denver
	UTOD	Asia/Dushanbe
	UUBD	Europe/Moscow
	UUBL	Europe/Moscow
	UUBM	Europe/Moscow
	UUBN	Europe/Moscow
	UUEI	Europe/Moscow
	UUMI	Europe/Moscow
	UUML	Europe/Moscow
	UUMT	Europe/Moscow
	UUMX	Europe/Moscow
	UUOD	Europe/Moscow
	UUOS	Europe/Moscow
	UUUS	Europe/Moscow
	UUWE	Europe/Moscow
	UUWV	Europe/Moscow
	UUYK	Europe/Moscow
	UUYM	Europe/Moscow
	UUYT	Europe/Moscow
	UUYV	Europe/Moscow
	UWGB	Europe/Moscow
	UWKG	Europe/Moscow
	UWKI	Europe/Moscow
	UWLS	Europe/Ulyanovsk
	UWOF	Asia/Yekaterinburg
	UWOX	Asia/Yekaterinburg
	UWSK	Europe/Saratov
	UWUA	Asia/Yekaterinburg
	UWUM	Asia/Yekaterinburg
	UWWB	Asia/Yekaterinburg
	UWWE	Europe/Samara
	UWWG	Europe/Samara
	UWWS	Europe/Samara
	UWWT	Europe/Samara
	UWWZ	Asia/Yekaterinburg
	UZ1M	Asia/Samarkand
	UZ1N	Asia/Samarkand
	UZ1O	Asia/Samarkand
	UZ1P	Asia/Samarkand
	UZ1Q	Asia/Samarkand
	UZ77	Asia/Samarkand
	UZNM	Asia/Samarkand
	UZNT	Asia/Samarkand
	UZSH	Asia/Samarkand
	UZSL	Asia/Samarkand
	UZSM	Asia/Samarkand
	UZSR	Asia/Samarkand
	UZSU	Asia/Samarkand
	UZTC	Asia/Tashkent
	UZTP	Asia/Tashkent
	VA02	America/New_York
	VA04	America/New_York
	VA06	America/New_York
	VA07	America/New_York
	VA08	America/New_York
	VA10	America/New_York
	VA11	America/New_York
	VA12	America/New_York
	VA13	America/New_York
	VA17	America/New_York
	VA19	America/New_York
	VA1B	Asia/Kolkata
	VA1C	Asia/Kolkata
	VA1D	Asia/Kolkata
	VA1E	Asia/Kolkata
	VA1F	Asia/Kolkata
	VA1G	Asia/Kolkata
	VA1H	Asia/Kolkata
	VA1J	Asia/Kolkata
	VA1K	Asia/Kolkata
	VA1L	Asia/Kolkata
	VA1M	Asia/Kolkata
	VA1N	Asia/Kolkata
	VA1O	Asia/Kolkata
	VA20	America/New_York
	VA23	America/New_York
	VA24	America/New_York
	VA25	America/New_York
	VA27	America/New_York
	VA28	America/New_York
	VA2A	Asia/Kolkata
	VA2B	Asia/Kolkata
	VA2C	Asia/Kolkata
	VA2D	Asia/Kolkata
	VA30	America/New_York
	VA38	Asia/Kolkata
	VA41	America/New_York
	VA42	America/New_York
	VA46	America/New_York
	VA47	Asia/Kolkata
	VA49	America/New_York
	VA50	America/New_York
	VA51	Asia/Kolkata
	VA52	America/New_York
	VA53	Asia/Kolkata
	VA57	America/New_York
	VA58	America/New_York
	VA59	America/New_York
	VA61	America/New_York
	VA62	America/New_York
	VA63	America/New_York
	VA65	America/New_York
	VA68	America/New_York
	VA72	America/New_York
	VA73	America/New_York
	VA74	Asia/Kolkata
	VA79	America/New_York
	VA81	America/New_York
	VA83	America/New_York
	VA85	America/New_York
	VA89	America/New_York
	VA92	America/New_York
	VA93	America/New_York
	VA96	America/New_York
	VA98	America/New_York
	VA99	America/New_York
	VADS	Asia/Kolkata
	VAJJ	Asia/Kolkata
	VANR	Asia/Kolkata
	VCCV	Asia/Colombo
	VDKC	Asia/Phnom_Penh
	VDKH	Asia/Phnom_Penh
	VDKK	Asia/Phnom_Penh
	VDMK	Asia/Phnom_Penh
	VDSR	Asia/Phnom_Penh
	VDST	Asia/Phnom_Penh
	VE23	Asia/Kolkata
	VE24	Asia/Kolkata
	VE36	Asia/Kolkata
	VE41	Asia/Kolkata
	VE44	Asia/Kolkata
	VE54	Asia/Kolkata
	VE62	Asia/Kolkata
	VE67	Asia/Kolkata
	VE91	Asia/Kolkata
	VE96	Asia/Kolkata
	VEAL	Asia/Kolkata
	VEBA	Asia/Kolkata
	VEBK	Asia/Kolkata
	VECA	Asia/Kolkata
	VECK	Asia/Kolkata
	VEDX	Asia/Kolkata
	VEHK	Asia/Kolkata
	VENP	Asia/Kolkata
	VEPH	Asia/Kolkata
	VEPI	Asia/Kolkata
	VEPU	Asia/Kolkata
	VERL	Asia/Kolkata
	VEUK	Asia/Kolkata
	VG05	America/New_York
	VG06	America/New_York
	VG07	America/New_York
	VG09	America/New_York
	VG12	America/New_York
	VG16	America/New_York
	VG18	America/New_York
	VG19	America/New_York
	VG20	America/New_York
	VG22	America/New_York
	VG24	America/New_York
	VG25	America/New_York
	VG29	America/New_York
	VG30	America/New_York
	VG31	America/New_York
	VG34	America/New_York
	VG37	America/New_York
	VG39	America/New_York
	VG40	America/New_York
	VG42	America/New_York
	VG44	America/New_York
	VG52	America/New_York
	VG53	America/New_York
	VG54	America/New_York
	VG55	America/New_York
	VG56	America/New_York
	VG57	America/New_York
	VG58	America/New_York
	VG64	America/New_York
	VG65	America/New_York
	VG67	America/New_York
	VGIS	Asia/Dhaka
	VGLM	Asia/Dhaka
	VGSH	Asia/Dhaka
	VGTJ	Asia/Dhaka
	VHSK	Asia/Hong_Kong
	VI20	Asia/Kolkata
	VI40	Asia/Kolkata
	VI43	Asia/Kolkata
	VI57	Asia/Kolkata
	VI65	Asia/Kolkata
	VI66	Asia/Kolkata
	VI69	Asia/Kolkata
	VI70	Asia/Kolkata
	VI71	Asia/Kolkata
	VI73	Asia/Kolkata
	VI75	Asia/Kolkata
	VI76	Asia/Kolkata
	VI82	Asia/Kolkata
	VI88	Asia/Kolkata
	VI90	Asia/Kolkata
	VIAH	Asia/Kolkata
	VIAM	Asia/Kolkata
	VIAW	Asia/Kolkata
	VIBL	Asia/Kolkata
	VIBW	Asia/Kolkata
	VIDD	Asia/Kolkata
	VIDF	Asia/Kolkata
	VIJN	Asia/Kolkata
	VIKA	Asia/Kolkata
	VILP	Asia/Kolkata
	VIPL	Asia/Kolkata
	VIRB	Asia/Kolkata
	VISA	Asia/Kolkata
	VISP	Asia/Kolkata
	VIUT	Asia/Kolkata
	VIUX	Asia/Kolkata
	VLAP	Asia/Vientiane
	VLPV	Asia/Vientiane
	VLSV	Asia/Vientiane
	VNBG	Asia/Kathmandu
	VNBL	Asia/Kathmandu
	VNDL	Asia/Kathmandu
	VNDR	Asia/Kathmandu
	VNGK	Asia/Kathmandu
	VNKL	Asia/Kathmandu
	VNMA	Asia/Kathmandu
	VNMN	Asia/Kathmandu
	VNRG	Asia/Kathmandu
	VNRP	Asia/Kathmandu
	VNTH	Asia/Kathmandu
	VO26	Asia/Kolkata
	VO52	Asia/Kolkata
	VO94	Asia/Kolkata
	VO95	Asia/Kolkata
	VOAR	Asia/Kolkata
	VOBG	Asia/Kolkata
	VOBR	Asia/Kolkata
	VOCC	Asia/Kolkata
	VODG	Asia/Kolkata
	VODK	Asia/Kolkata
	VOHK	Asia/Kolkata
	VOKP	Asia/Kolkata
	VONS	Asia/Kolkata
	VORM	Asia/Kolkata
	VOSX	Asia/Kolkata
	VOTX	Asia/Kolkata
	VOVR	Asia/Kolkata
	VOYK	Asia/Kolkata
	VQ10	Asia/Thimphu
	VRMR	Indian/Maldives
	VRQF	Indian/Maldives
	VT03	America/New_York
	VT06	America/New_York
	VT09	America/New_York
	VT10	America/New_York
	VT11	America/New_York
	VT12	America/New_York
	VT13	America/New_York
	VT15	America/New_York
	VT17	America/New_York
	VT22	America/New_York
	VT23	America/New_York
	VT25	America/New_York
	VT30	America/New_York
	VT31	America/New_York
	VT34	America/New_York
	VT38	America/New_York
	VT42	America/New_York
	VT43	America/New_York
	VT44	America/New_York
	VT45	America/New_York
	VT46	America/New_York
	VT47	America/New_York
	VT52	America/New_York
	VT53	America/New_York
	VT55	America/New_York
	VT56	America/New_York
	VT59	America/New_York
	VT60	America/New_York
	VT62	America/New_York
	VT72	America/New_York
	VT73	America/New_York
	VT76	America/New_York
	VTBI	Asia/Bangkok
	VTBN	Asia/Bangkok
	VTBP	Asia/Bangkok
	VTBT	Asia/Bangkok
	VTBW	Asia/Bangkok
	VTCB	Asia/Bangkok
	VTCO	Asia/Bangkok
	VTCR	Asia/Bangkok
	VTCS	Asia/Bangkok
	VTPL	Asia/Bangkok
	VTPN	Asia/Bangkok
	VTPR	Asia/Bangkok
	VTPY	Asia/Bangkok
	VTSA	Asia/Bangkok
	VTSN	Asia/Bangkok
	VTUN	Asia/Bangkok
	VTUR	Asia/Bangkok
	VTUZ	Asia/Bangkok
	VVCL	Asia/Ho_Chi_Minh
	VVGL	Asia/Ho_Chi_Minh
	VVKP	Asia/Ho_Chi_Minh
	VVNT	Asia/Ho_Chi_Minh
	VY02	Asia/Yangon
	VY03	Asia/Yangon
	VYAS	Asia/Yangon
	VYCI	Asia/Yangon
	VYCZ	Asia/Yangon
	VYHB	Asia/Yangon
	VYLN	Asia/Yangon
	VYLY	Asia/Yangon
	VYMH	Asia/Yangon
	VYMI	Asia/Yangon
	VYML	Asia/Yangon
	VYMP	Asia/Yangon
	VYMU	Asia/Yangon
	VYNM	Asia/Yangon
	VYNP	Asia/Yangon
	VYPA	Asia/Yangon
	VYPB	Asia/Yangon
	VYPE	Asia/Yangon
	VYPI	Asia/Yangon
	VYPL	Asia/Yangon
	VYPW	Asia/Yangon
	VYSA	Asia/Yangon
	VYSL	Asia/Yangon
	VYSO	Asia/Yangon
	VYST	Asia/Yangon
	VYTN	Asia/Yangon
	VYTO	Asia/Yangon
	VYTY	Asia/Yangon
	VYXG	Asia/Yangon
	VYYE	Asia/Yangon
	WA00	America/Los_Angeles
	WA01	America/Los_Angeles
	WA04	America/Los_Angeles
	WA07	America/Los_Angeles
	WA08	America/Los_Angeles
	WA09	America/Los_Angeles
	WA10	America/Los_Angeles
	WA12	America/Los_Angeles
	WA14	America/Los_Angeles
	WA16	America/Los_Angeles
	WA18	America/Los_Angeles
	WA1B	Asia/Jayapura
	WA21	America/Los_Angeles
	WA22	America/Los_Angeles
	WA23	America/Los_Angeles
	WA24	America/Los_Angeles
	WA25	America/Los_Angeles
	WA29	America/Los_Angeles
	WA30	America/Los_Angeles
	WA35	America/Los_Angeles
	WA39	America/Los_Angeles
	WA42	America/Los_Angeles
	WA45	America/Los_Angeles
	WA46	America/Los_Angeles
	WA49	America/Los_Angeles
	WA52	America/Los_Angeles
	WA57	America/Los_Angeles
	WA59	America/Los_Angeles
	WA61	America/Los_Angeles
	WA62	America/Los_Angeles
	WA63	America/Los_Angeles
	WA66	America/Los_Angeles
	WA67	America/Los_Angeles
	WA68	America/Los_Angeles
	WA72	America/Los_Angeles
	WA73	America/Los_Angeles
	WA74	America/Los_Angeles
	WA76	America/Los_Angeles
	WA77	America/Los_Angeles
	WA78	America/Los_Angeles
	WA79	America/Los_Angeles
	WA80	America/Los_Angeles
	WA81	America/Los_Angeles
	WA84	America/Los_Angeles
	WA87	America/Los_Angeles
	WA88	America/Los_Angeles
	WA90	America/Los_Angeles
	WA93	America/Los_Angeles
	WA96	America/Los_Angeles
	WA97	America/Los_Angeles
	WA98	Asia/Makassar
	WAAG	Asia/Makassar
	WAAL	Asia/Makassar
	WAAP	Asia/Makassar
	WAAT	Asia/Makassar
	WABU	Asia/Jayapura
	WABW	Asia/Jayapura
	WAJD	Asia/Jayapura
	WAKG	Asia/Jayapura
	WALE	Asia/Makassar
	WALQ	Asia/Makassar
	WALX	Asia/Makassar
	WAMB	Asia/Makassar
	WAMC	Asia/Makassar
	WAMD	Asia/Jayapura
	WAMU	Asia/Makassar
	WAOH	Asia/Makassar
	WAOL	Asia/Pontianak
	WAOU	Asia/Pontianak
	WAPB	Asia/Jayapura
	WAPO	Asia/Jayapura
	WAPQ	Asia/Makassar
	WARI	Asia/Jakarta
	WARU	Asia/Jakarta
	WAWT	Asia/Makassar
	WAXX	Asia/Jayapura
	WBAK	Asia/Brunei
	WBGA	Asia/Kuching
	WBGE	Asia/Kuching
	WBGO	Asia/Kuching
	WBKB	Asia/Kuching
	WBKU	Asia/Kuching
	WI00	America/Chicago
	WI03	America/Chicago
	WI05	America/Chicago
	WI07	America/Chicago
	WI09	America/Chicago
	WI10	America/Chicago
	WI11	America/Chicago
	WI12	America/Chicago
	WI13	America/Chicago
	WI14	America/Chicago
	WI16	America/Chicago
	WI18	America/Chicago
	WI1A	Asia/Jakarta
	WI1B	Asia/Jakarta
	WI1C	Asia/Jakarta
	WI1G	Asia/Jakarta
	WI1S	Asia/Jakarta
	WI21	America/Chicago
	WI22	America/Chicago
	WI24	America/Chicago
	WI25	America/Chicago
	WI26	America/Chicago
	WI27	America/Chicago
	WI29	America/Chicago
	WI31	America/Chicago
	WI32	America/Chicago
	WI33	America/Chicago
	WI36	America/Chicago
	WI37	America/Chicago
	WI40	America/Chicago
	WI42	America/Chicago
	WI43	America/Chicago
	WI46	America/Chicago
	WI47	America/Chicago
	WI49	America/Chicago
	WI50	America/Chicago
	WI51	America/Chicago
	WI52	America/Chicago
	WI53	America/Chicago
	WI54	America/Chicago
	WI55	America/Chicago
	WI56	America/Chicago
	WI58	America/Chicago
	WI60	America/Chicago
	WI61	America/Chicago
	WI62	America/Chicago
	WI65	America/Chicago
	WI66	America/Chicago
	WI67	America/Chicago
	WI69	America/Chicago
	WI70	America/Chicago
	WI72	America/Chicago
	WI73	America/Chicago
	WI74	America/Chicago
	WI76	America/Chicago
	WI77	America/Chicago
	WI78	America/Chicago
	WI79	America/Chicago
	WI80	America/Chicago
	WI81	America/Chicago
	WI84	America/Chicago
	WI86	America/Chicago
	WI87	America/Chicago
	WI89	America/Chicago
	WI90	America/Chicago
	WI91	America/Chicago
	WI92	America/Chicago
	WI95	America/Chicago
	WI97	America/Chicago
	WI99	America/Chicago
	WIAJ	Asia/Jakarta
	WIAK	Asia/Jakarta
	WIAP	Asia/Jakarta
	WIBS	Asia/Jakarta
	WICB	Asia/Jakarta
	WIIK	Asia/Jakarta
	WIIR	Asia/Jakarta
	WIKL	Asia/Jakarta
	WIMA	Asia/Jakarta
	WIMG	Asia/Jakarta
	WIMH	Asia/Jakarta
	WIML	Asia/Jakarta
	WIMO	Asia/Jakarta
	WIMR	Asia/Jakarta
	WIMT	Asia/Jakarta
	WIOB	Asia/Pontianak
	WIOI	Asia/Pontianak
	WIOS	Asia/Pontianak
	WIPD	Asia/Jakarta
	WIPF	Asia/Jakarta
	WIPY	Asia/Jakarta
	WITG	Asia/Jakarta
	WITS	Asia/Jakarta
	WMAA	Asia/Kuala_Lumpur
	WMAB	Asia/Kuala_Lumpur
	WMAC	Asia/Kuala_Lumpur
	WMAD	Asia/Kuala_Lumpur
	WMAE	Asia/Kuala_Lumpur
	WMAG	Asia/Kuala_Lumpur
	WMAH	Asia/Kuala_Lumpur
	WMAJ	Asia/Kuala_Lumpur
	WMAL	Asia/Kuala_Lumpur
	WMAP	Asia/Kuala_Lumpur
	WMAQ	Asia/Kuala_Lumpur
	WMAV	Asia/Kuala_Lumpur
	WMAZ	Asia/Kuala_Lumpur
	WMBB	Asia/Kuala_Lumpur
	WMBE	Asia/Kuala_Lumpur
	WMBF	Asia/Kuala_Lumpur
	WMBH	Asia/Kuala_Lumpur
	WMGK	Asia/Kuala_Lumpur
	WMKF	Asia/Kuala_Lumpur
	WMLU	Asia/Kuching
	WN00	America/Los_Angeles
	WN04	America/Los_Angeles
	WN08	America/Los_Angeles
	WN09	America/Chicago
	WN11	America/Chicago
	WN13	America/Los_Angeles
	WN15	America/Los_Angeles
	WN17	America/Los_Angeles
	WN18	America/Los_Angeles
	WN19	America/Los_Angeles
	WN21	America/Los_Angeles
	WN22	America/Los_Angeles
	WN23	America/Los_Angeles
	WN26	America/Los_Angeles
	WN28	America/Chicago
	WN29	America/Los_Angeles
	WN31	America/Los_Angeles
	WN35	America/Los_Angeles
	WN39	America/Chicago
	WN40	America/Los_Angeles
	WN41	America/Los_Angeles
	WN42	America/Los_Angeles
	WN44	America/Chicago
	WN45	America/Los_Angeles
	WN46	America/Chicago
	WN47	America/Los_Angeles
	WN48	America/Los_Angeles
	WN49	America/Los_Angeles
	WN51	America/Los_Angeles
	WN53	America/Los_Angeles
	WN54	America/Los_Angeles
	WN55	America/Los_Angeles
	WN59	America/Los_Angeles
	WN63	America/Chicago
	WN64	America/Los_Angeles
	WN65	America/Los_Angeles
	WN72	America/Los_Angeles
	WN74	America/Los_Angeles
	WN75	America/Chicago
	WN76	America/Los_Angeles
	WN85	America/Chicago
	WN86	America/Chicago
	WN87	America/Los_Angeles
	WN88	America/Los_Angeles
	WN90	America/Chicago
	WN92	America/Los_Angeles
	WN98	America/Chicago
	WPFL	Asia/Dili
	WRBU	Asia/Pontianak
	WRKJ	Asia/Makassar
	WRKM	Asia/Makassar
	WRKN	Asia/Makassar
	WRKR	Asia/Makassar
	WRLL	Asia/Makassar
	WRLM	Asia/Makassar
	WRLN	Asia/Makassar
	WRLU	Asia/Makassar
	WRLW	Asia/Makassar
	WRSP	Asia/Jakarta
	WS02	America/Chicago
	WS06	America/Chicago
	WS12	America/Chicago
	WS13	America/Chicago
	WS14	America/Chicago
	WS15	America/Chicago
	WS16	America/Chicago
	WS17	America/Chicago
	WS19	America/Chicago
	WS20	America/Chicago
	WS25	America/Chicago
	WS28	America/Chicago
	WS29	America/Chicago
	WS33	America/Chicago
	WS36	America/Chicago
	WS39	America/Chicago
	WS41	America/Chicago
	WS43	America/Chicago
	WS45	America/Chicago
	WS46	America/Chicago
	WS49	America/Chicago
	WS51	America/Chicago
	WS55	America/Chicago
	WS62	America/Chicago
	WS67	America/Chicago
	WS69	America/Chicago
	WS71	America/Chicago
	WS74	America/Chicago
	WS76	America/Chicago
	WS78	America/Chicago
	WS81	America/Chicago
	WS84	America/Chicago
	WS87	America/Los_Angeles
	WS91	America/Chicago
	WS96	America/Chicago
	WSAC	Asia/Singapore
	WSAG	Asia/Singapore
	WT01	America/Los_Angeles
	WT03	America/Los_Angeles
	WT04	America/Los_Angeles
	WT05	America/Los_Angeles
	WT15	America/Los_Angeles
	WT18	America/Los_Angeles
	WT21	America/Los_Angeles
	WT24	America/Los_Angeles
	WT32	America/Los_Angeles
	WT37	America/Los_Angeles
	WT44	America/Los_Angeles
	WT77	America/Los_Angeles
	WT88	America/Los_Angeles
	WV00	America/New_York
	WV01	America/New_York
	WV06	America/New_York
	WV08	America/New_York
	WV09	America/New_York
	WV12	America/New_York
	WV15	America/New_York
	WV17	America/New_York
	WV19	America/New_York
	WV21	America/New_York
	WV22	America/New_York
	WV28	America/New_York
	WV29	America/New_York
	WV30	America/New_York
	WV32	America/New_York
	WV52	America/New_York
	WV53	America/New_York
	WV57	America/New_York
	WV59	America/New_York
	WV62	America/New_York
	WV63	America/New_York
	WV65	America/New_York
	WV66	America/New_York
	WV67	America/New_York
	WV68	America/New_York
	WV70	America/New_York
	WV77	America/New_York
	WY01	America/Denver
	WY02	America/Denver
	WY05	America/Denver
	WY06	America/Denver
	WY07	America/Denver
	WY08	America/Denver
	WY09	America/Denver
	WY11	America/Denver
	WY12	America/Denver
	WY13	America/Denver
	WY14	America/Denver
	WY15	America/Denver
	WY16	America/Denver
	WY17	America/Denver
	WY18	America/Denver
	WY19	America/Denver
	WY22	America/Denver
	WY23	America/Denver
	WY25	America/Denver
	WY27	America/Denver
	WY29	America/Denver
	WY30	America/Denver
	WY31	America/Denver
	WY32	America/Denver
	WY33	America/Denver
	WY34	America/Denver
	WY36	America/Denver
	WY41	America/Denver
	WY44	America/Denver
	WY45	America/Denver
	WY46	America/Denver
	WY53	America/Denver
	WY55	America/Denver
	WY56	America/Denver
	WY58	America/Denver
	WY60	America/Denver
	WY61	America/Denver
	WY64	America/Denver
	WY65	America/Denver
	WY66	America/Denver
	XA02	America/Chicago
	XA03	America/Chicago
	XA04	America/Chicago
	XA05	America/Chicago
	XA07	America/Chicago
	XA08	America/Chicago
	XA09	America/Chicago
	XA12	America/Chicago
	XA15	America/Chicago
	XA16	America/Chicago
	XA17	America/Chicago
	XA23	America/Chicago
	XA31	America/Chicago
	XA32	America/Chicago
	XA33	America/Chicago
	XA34	America/Chicago
	XA41	America/Chicago
	XA42	America/Chicago
	XA43	America/Chicago
	XA44	America/Chicago
	XA45	America/Chicago
	XA46	America/Chicago
	XA47	America/Chicago
	XA48	America/Chicago
	XA49	America/Chicago
	XA51	America/Chicago
	XA52	America/Chicago
	XA66	America/Chicago
	XA71	America/Chicago
	XA72	America/Chicago
	XA75	America/Chicago
	XA77	America/Chicago
	XA78	America/Chicago
	XA81	America/Chicago
	XA85	America/Chicago
	XA86	America/Chicago
	XA88	America/Chicago
	XA89	America/Chicago
	XA91	America/Chicago
	XA93	America/Chicago
	XA95	America/Chicago
	XA96	America/Chicago
	XA98	America/Chicago
	XA99	America/Chicago
	XIUW	Asia/Irkutsk
	XLAP	Europe/Moscow
	XLLL	Europe/Moscow
	XLLN	Europe/Moscow
	XLML	Europe/Moscow
	XLMV	Europe/Moscow
	XLOS	Europe/Moscow
	XLPD	Europe/Moscow
	XLPO	Europe/Moscow
	XLWF	Europe/Moscow
	XLWT	Europe/Moscow
	XRMB	Europe/Moscow
	XRWL	Europe/Volgograd
	XS00	America/Chicago
	XS01	America/Chicago
	XS02	America/Chicago
	XS03	America/Chicago
	XS05	America/Chicago
	XS06	America/Chicago
	XS07	America/Chicago
	XS09	America/Chicago
	XS12	America/Chicago
	XS14	America/Chicago
	XS16	America/Chicago
	XS18	America/Chicago
	XS20	America/Chicago
	XS21	America/Chicago
	XS22	America/Chicago
	XS23	America/Chicago
	XS24	America/Chicago
	XS25	America/Chicago
	XS27	America/Chicago
	XS30	America/Chicago
	XS31	America/Chicago
	XS33	America/Chicago
	XS36	America/Chicago
	XS39	America/Chicago
	XS40	America/Chicago
	XS42	America/Chicago
	XS43	America/Chicago
	XS44	America/Chicago
	XS45	America/Chicago
	XS46	America/Chicago
	XS47	America/Chicago
	XS48	America/Chicago
	XS53	America/Chicago
	XS55	America/Chicago
	XS56	America/Chicago
	XS57	America/Chicago
	XS58	America/Chicago
	XS59	America/Chicago
	XS60	America/Chicago
	XS62	America/Chicago
	XS64	America/Chicago
	XS66	America/Chicago
	XS67	America/Chicago
	XS69	America/Chicago
	XS70	America/Chicago
	XS71	America/Chicago
	XS72	America/Chicago
	XS75	America/Chicago
	XS76	America/Chicago
	XS77	America/Chicago
	XS78	America/Chicago
	XS79	America/Chicago
	XS80	America/Chicago
	XS86	America/Chicago
	XS88	America/Chicago
	XS90	America/Chicago
	XS91	America/Chicago
	XS93	America/Chicago
	XS94	America/Chicago
	XS95	America/Chicago
	XS99	America/Chicago
	XUBS	Europe/Moscow
	XUMR	Europe/Moscow
	XWPD	Europe/Moscow
	XWSG	Europe/Saratov
	YAAL	Australia/Darwin
	YABS	Australia/Perth
	YABU	Australia/Darwin
	YACI	Australia/Brisbane
	YACS	Australia/Sydney
	YADD	Australia/Eucla
	YADG	Australia/Adelaide
	YADI	Australia/Sydney
	YADM	Australia/Brisbane
	YADO	Australia/Darwin
	YADY	Australia/Sydney
	YAHD	Australia/Perth
	YAKG	Australia/Adelaide
	YALC	Australia/Darwin
	YALG	Australia/Brisbane
	YALH	Australia/Brisbane
	YALM	Australia/Darwin
	YALN	Australia/Sydney
	YALY	Australia/Brisbane
	YAMB	Australia/Brisbane
	YAMJ	Australia/Darwin
	YAML	Australia/Brisbane
	YAND	Australia/Brisbane
	YANJ	Australia/Adelaide
	YANK	Australia/Adelaide
	YANN	Australia/Darwin
	YANW	Australia/Darwin
	YAOR	Australia/Brisbane
	YAPA	Australia/Perth
	YAPO	Australia/Melbourne
	YARD	Australia/Darwin
	YARI	Australia/Brisbane
	YARK	Australia/Adelaide
	YARL	Australia/Sydney
	YARN	Australia/Darwin
	YARP	Australia/Darwin
	YARS	Australia/Adelaide
	YASF	Australia/Sydney
	YASS	Australia/Sydney
	YATL	Australia/Darwin
	YATN	Australia/Brisbane
	YATR	Australia/Melbourne
	YATY	Australia/Perth
	YAUA	Australia/Brisbane
	YAUG	Australia/Perth
	YAVD	Australia/Darwin
	YAVM	Australia/Melbourne
	YAWT	Australia/Brisbane
	YBAB	Australia/Brisbane
	YBAD	Australia/Sydney
	YBAF	Australia/Brisbane
	YBAH	Australia/Darwin
	YBAL	Australia/Perth
	YBAN	Australia/Perth
	YBAO	Australia/Sydney
	YBBA	Australia/Sydney
	YBBC	Australia/Perth
	YBBE	Australia/Perth
	YBBL	Australia/Perth
	YBBO	Australia/Adelaide
	YBBT	Australia/Melbourne
	YBCB	Australia/Perth
	YBCH	Australia/Melbourne
	YBCL	Australia/Sydney
	YBCM	Australia/Brisbane
	YBCR	Australia/Darwin
	YBDP	Australia/Hobart
	YBDS	Australia/Adelaide
	YBDU	Australia/Darwin
	YBDX	Australia/Perth
	YBEC	Australia/Perth
	YBEE	Australia/Adelaide
	YBEF	Australia/Melbourne
	YBEL	Australia/Hobart
	YBEU	Australia/Melbourne
	YBEV	Australia/Perth
	YBEW	Australia/Sydney
	YBFR	Australia/Hobart
	YBFT	Australia/Melbourne
	YBGB	Australia/Perth
	YBGI	Australia/Perth
	YBGR	Australia/Melbourne
	YBGT	Australia/Brisbane
	YBGY	Australia/Sydney
	YBHB	Australia/Hobart
	YBHK	Australia/Brisbane
	YBIA	Australia/Sydney
	YBID	Australia/Sydney
	YBIK	Australia/Sydney
	YBIN	Australia/Brisbane
	YBIR	Australia/Melbourne
	YBIU	Australia/Perth
	YBJW	Australia/Perth
	YBKS	Australia/Darwin
	YBLB	Australia/Perth
	YBLD	Australia/Perth
	YBLG	Australia/Adelaide
	YBLH	Australia/Brisbane
	YBLM	Australia/Adelaide
	YBLT	Australia/Hobart
	YBLU	Australia/Perth
	YBMD	Australia/Brisbane
	YBMI	Australia/Sydney
	YBMM	Australia/Melbourne
	YBMO	Australia/Sydney
	YBMR	Australia/Adelaide
	YBMY	Australia/Darwin
	YBNC	Australia/Brisbane
	YBNM	Australia/Darwin
	YBNY	Australia/Darwin
	YBOA	Australia/Brisbane
	YBOC	Australia/Adelaide
	YBOD	Australia/Brisbane
	YBOG	Australia/Sydney
	YBOM	Australia/Sydney
	YBOO	Australia/Perth
	YBOP	Australia/Perth
	YBOR	Australia/Adelaide
	YBOT	Australia/Brisbane
	YBOV	Australia/Adelaide
	YBOY	Australia/Perth
	YBRA	Australia/Melbourne
	YBRC	Australia/Darwin
	YBRJ	Australia/Sydney
	YBRO	Australia/Perth
	YBRS	Australia/Melbourne
	YBSG	Australia/Brisbane
	YBSP	Australia/Darwin
	YBSR	Australia/Perth
	YBSS	Australia/Melbourne
	YBTD	Australia/Brisbane
	YBTK	Australia/Brisbane
	YBTN	Australia/Adelaide
	YBTS	Australia/Brisbane
	YBTT	Australia/Sydney
	YBTV	Australia/Brisbane
	YBUA	Australia/Brisbane
	YBUC	Australia/Perth
	YBUG	Australia/Perth
	YBUI	Australia/Hobart
	YBUL	Australia/Adelaide
	YBUO	Australia/Perth
	YBUP	Australia/Melbourne
	YBUU	Australia/Perth
	YBUX	Australia/Brisbane
	YBUY	Australia/Sydney
	YBVA	Australia/Adelaide
	YBVL	Australia/Sydney
	YBVY	Australia/Darwin
	YBWG	Australia/Perth
	YBWI	Australia/Brisbane
	YBWR	Australia/Brisbane
	YBWS	Australia/Perth
	YBWT	Australia/Brisbane
	YBXH	Australia/Melbourne
	YBYA	Australia/Perth
	YBYD	Australia/Perth
	YBYI	Australia/Hobart
	YBYR	Australia/Sydney
	YBYW	Australia/Brisbane
	YBZA	Australia/Sydney
	YCAB	Australia/Brisbane
	YCAC	Australia/Darwin
	YCAE	Australia/Hobart
	YCAI	Australia/Perth
	YCAJ	Australia/Perth
	YCAL	Australia/Melbourne
	YCAM	Australia/Brisbane
	YCAN	Australia/Darwin
	YCBG	Australia/Hobart
	YCBO	Australia/Adelaide
	YCBY	Australia/Brisbane
	YCCF	Australia/Darwin
	YCCK	Australia/Darwin
	YCDB	Australia/Adelaide
	YCDE	Australia/Melbourne
	YCDH	Australia/Adelaide
	YCDL	Australia/Hobart
	YCDS	Australia/Brisbane
	YCDT	Australia/Brisbane
	YCDV	Australia/Brisbane
	YCEL	Australia/Brisbane
	YCEM	Australia/Melbourne
	YCES	Australia/Melbourne
	YCFF	Australia/Melbourne
	YCFL	Australia/Brisbane
	YCFN	Australia/Brisbane
	YCGH	Australia/Brisbane
	YCGI	Australia/Perth
	YCHB	Australia/Brisbane
	YCHL	Australia/Melbourne
	YCHR	Australia/Adelaide
	YCIG	Australia/Perth
	YCJU	Australia/Brisbane
	YCKA	Australia/Adelaide
	YCKD	Australia/Hobart
	YCKY	Australia/Eucla
	YCLA	Australia/Sydney
	YCLE	Australia/Adelaide
	YCLG	Australia/Perth
	YCLM	Australia/Sydney
	YCLQ	Australia/Perth
	YCLT	Australia/Sydney
	YCLY	Australia/Sydney
	YCMH	Australia/Sydney
	YCMK	Australia/Brisbane
	YCMM	Australia/Adelaide
	YCNA	Australia/Sydney
	YCNG	Australia/Adelaide
	YCNH	Australia/Perth
	YCNN	Australia/Perth
	YCNO	Australia/Sydney
	YCNQ	Australia/Adelaide
	YCNR	Australia/Melbourne
	YCNS	Australia/Darwin
	YCNX	Australia/Sydney
	YCNY	Australia/Brisbane
	YCOF	Australia/Adelaide
	YCOG	Australia/Perth
	YCOH	Australia/Melbourne
	YCOL	Australia/Melbourne
	YCOS	Australia/Perth
	YCOY	Australia/Perth
	YCPD	Australia/Darwin
	YCPG	Australia/Perth
	YCPH	Australia/Adelaide
	YCPN	Australia/Brisbane
	YCPP	Australia/Adelaide
	YCRA	Australia/Sydney
	YCRL	Australia/Sydney
	YCRN	Australia/Perth
	YCRT	Australia/Adelaide
	YCSI	Australia/Sydney
	YCSL	Australia/Brisbane
	YCSP	Australia/Darwin
	YCTC	Australia/Perth
	YCTH	Australia/Brisbane
	YCTI	Australia/Perth
	YCTN	Australia/Melbourne
	YCTS	Australia/Brisbane
	YCTY	Australia/Melbourne
	YCUD	Australia/Brisbane
	YCUN	Australia/Perth
	YCUR	Australia/Sydney
	YCUS	Australia/Adelaide
	YCUT	Australia/Sydney
	YCVG	Australia/Adelaide
	YCVS	Australia/Perth
	YCWE	Australia/Darwin
	YCWH	Australia/Adelaide
	YCWN	Australia/Brisbane
	YCWO	Australia/Melbourne
	YCWS	Australia/Melbourne
	YCWW	Australia/Sydney
	YCXA	Australia/Brisbane
	YCYT	Australia/Brisbane
	YDAG	Australia/Brisbane
	YDAJ	Australia/Brisbane
	YDAL	Australia/Sydney
	YDAR	Australia/Hobart
	YDEG	Australia/Sydney
	YDEK	Australia/Perth
	YDER	Australia/Melbourne
	YDEV	Australia/Brisbane
	YDGI	Australia/Adelaide
	YDGN	Australia/Perth
	YDGR	Australia/Perth
	YDGT	Australia/Perth
	YDGY	Australia/Perth
	YDHL	Australia/Darwin
	YDIM	Australia/Brisbane
	YDLC	Australia/Brisbane
	YDLD	Australia/Darwin
	YDLH	Australia/Adelaide
	YDLL	Australia/Melbourne
	YDLO	Australia/Perth
	YDME	Australia/Perth
	YDMF	Australia/Perth
	YDMR	Australia/Darwin
	YDNB	Australia/Brisbane
	YDNK	Australia/Sydney
	YDNR	Australia/Sydney
	YDNV	Australia/Brisbane
	YDOC	Australia/Sydney
	YDOD	Australia/Melbourne
	YDON	Australia/Perth
	YDOO	Australia/Brisbane
	YDOP	Australia/Brisbane
	YDPR	Australia/Darwin
	YDPS	Australia/Perth
	YDPT	Australia/Perth
	YDPW	Australia/Darwin
	YDRC	Australia/Perth
	YDRL	Australia/Adelaide
	YDUK	Australia/Perth
	YDUM	Australia/Perth
	YDUN	Australia/Brisbane
	YDVE	Australia/Perth
	YDWF	Australia/Darwin
	YDWU	Australia/Perth
	YDYD	Australia/Darwin
	YEAB	Australia/Sydney
	YEAT	Australia/Melbourne
	YEDE	Australia/Melbourne
	YEDM	Australia/Perth
	YEES	Australia/Sydney
	YEGA	Australia/Sydney
	YELE	Australia/Perth
	YELG	Australia/Sydney
	YELK	Australia/Darwin
	YELL	Australia/Darwin
	YELM	Australia/Melbourne
	YELN	Australia/Adelaide
	YELR	Australia/Sydney
	YELS	Australia/Melbourne
	YELW	Australia/Melbourne
	YEMG	Australia/Brisbane
	YEMJ	Australia/Adelaide
	YEMP	Australia/Brisbane
	YEPL	Australia/Brisbane
	YEPR	Australia/Darwin
	YEQO	Australia/Perth
	YERA	Australia/Perth
	YERH	Australia/Perth
	YERL	Australia/Darwin
	YERO	Australia/Perth
	YERU	Australia/Adelaide
	YESC	Australia/Brisbane
	YEUA	Australia/Melbourne
	YEUD	Australia/Perth
	YEUL	Australia/Sydney
	YEUO	Australia/Brisbane
	YEVP	Australia/Adelaide
	YEYD	Australia/Adelaide
	YFCK	Australia/Melbourne
	YFCU	Australia/Perth
	YFDN	Australia/Sydney
	YFFT	Australia/Adelaide
	YFLS	Australia/Adelaide
	YFOR	Australia/Perth
	YFRD	Australia/Adelaide
	YFRG	Australia/Adelaide
	YFRI	Australia/Hobart
	YFRK	Australia/Perth
	YFSA	Australia/Brisbane
	YFSK	Australia/Melbourne
	YFTA	Australia/Perth
	YFTN	Australia/Adelaide
	YFVW	Australia/Sydney
	YFWY	Australia/Perth
	YGAD	Australia/Perth
	YGAH	Australia/Sydney
	YGAN	Australia/Darwin
	YGAR	Australia/Perth
	YGAW	Australia/Adelaide
	YGBO	Australia/Melbourne
	YGBW	Australia/Melbourne
	YGCR	Australia/Sydney
	YGDA	Australia/Sydney
	YGDR	Australia/Darwin
	YGDV	Australia/Brisbane
	YGDW	Australia/Adelaide
	YGGE	Australia/Perth
	YGGI	Australia/Sydney
	YGGL	Australia/Brisbane
	YGGO	Australia/Sydney
	YGGS	Australia/Brisbane
	YGHG	Australia/Brisbane
	YGID	Australia/Perth
	YGIF	Australia/Perth
	YGIG	Australia/Perth
	YGIL	Australia/Sydney
	YGIR	Australia/Perth
	YGLD	Australia/Adelaide
	YGLN	Australia/Sydney
	YGLP	Australia/Darwin
	YGLS	Australia/Perth
	YGLY	Australia/Perth
	YGMD	Australia/Darwin
	YGMP	Australia/Melbourne
	YGNA	Australia/Brisbane
	YGNF	Australia/Sydney
	YGNW	Australia/Perth
	YGOM	Australia/Perth
	YGOV	Australia/Melbourne
	YGPI	Australia/Perth
	YGPR	Australia/Brisbane
	YGRD	Australia/Hobart
	YGRL	Australia/Melbourne
	YGRU	Australia/Brisbane
	YGTP	Australia/Sydney
	YGUL	Australia/Perth
	YGUW	Australia/Brisbane
	YGVE	Australia/Hobart
	YGWA	Australia/Adelaide
	YGWD	Australia/Brisbane
	YHAA	Australia/Darwin
	YHAB	Australia/Brisbane
	YHAE	Australia/Sydney
	YHAG	Australia/Perth
	YHBK	Australia/Sydney
	YHCT	Australia/Sydney
	YHDD	Australia/Darwin
	YHEC	Australia/Brisbane
	YHEG	Australia/Brisbane
	YHEW	Australia/Brisbane
	YHGR	Australia/Darwin
	YHGS	Australia/Adelaide
	YHKT	Australia/Darwin
	YHLG	Australia/Brisbane
	YHLM	Australia/Perth
	YHLS	Australia/Sydney
	YHMT	Australia/Adelaide
	YHOA	Australia/Darwin
	YHOV	Australia/Darwin
	YHOY	Australia/Brisbane
	YHPE	Australia/Perth
	YHRD	Australia/Brisbane
	YHRG	Australia/Sydney
	YHSB	Australia/Darwin
	YHSL	Australia/Perth
	YHTA	Australia/Adelaide
	YHTN	Australia/Brisbane
	YHTR	Australia/Hobart
	YHTS	Australia/Darwin
	YHVH	Australia/Brisbane
	YHYD	Australia/Perth
	YIDR	Australia/Darwin
	YIGR	Australia/Adelaide
	YIKL	Australia/Darwin
	YILA	Australia/Melbourne
	YILT	Australia/Sydney
	YILW	Australia/Brisbane
	YIMA	Australia/Darwin
	YIMB	Australia/Adelaide
	YIMP	Australia/Darwin
	YIMT	Australia/Adelaide
	YING	Australia/Brisbane
	YINO	Australia/Sydney
	YINV	Australia/Brisbane
	YISD	Australia/Brisbane
	YISV	Australia/Darwin
	YITT	Australia/Melbourne
	YIVO	Australia/Sydney
	YJAK	Australia/Brisbane
	YJAM	Australia/Perth
	YJBY	Australia/Sydney
	YJCO	Australia/Hobart
	YJCW	Australia/Brisbane
	YJEM	Australia/Sydney
	YJER	Australia/Sydney
	YJEY	Australia/Perth
	YJGP	Australia/Perth
	YJIG	Australia/Perth
	YJIN	Australia/Sydney
	YJNK	Australia/Darwin
	YJNY	Australia/Brisbane
	YJRO	Australia/Brisbane
	YJST	Australia/Adelaide
	YJUK	Australia/Perth
	YJUN	Australia/Perth
	YJVM	Australia/Darwin
	YJVS	Australia/Darwin
	YJWB	Australia/Brisbane
	YKAE	Australia/Perth
	YKAJ	Australia/Brisbane
	YKAN	Australia/Perth
	YKAP	Australia/Adelaide
	YKAT	Australia/Sydney
	YKAY	Australia/Sydney
	YKBG	Australia/Perth
	YKBN	Australia/Brisbane
	YKCK	Australia/Hobart
	YKDI	Australia/Adelaide
	YKDL	Australia/Adelaide
	YKDM	Australia/Darwin
	YKDN	Australia/Perth
	YKEB	Australia/Perth
	YKEL	Australia/Sydney
	YKEN	Australia/Adelaide
	YKEP	Australia/Sydney
	YKFC	Australia/Brisbane
	YKGA	Australia/Adelaide
	YKHA	Australia/Sydney
	YKHG	Australia/Darwin
	YKIA	Australia/Darwin
	YKID	Australia/Brisbane
	YKIG	Australia/Adelaide
	YKIL	Australia/Darwin
	YKIU	Australia/Brisbane
	YKKH	Australia/Adelaide
	YKLE	Australia/Darwin
	YKLG	Australia/Brisbane
	YKLL	Australia/Brisbane
	YKLN	Australia/Brisbane
	YKLR	Australia/Adelaide
	YKNC	Australia/Brisbane
	YKNM	Australia/Perth
	YKNP	Australia/Perth
	YKNT	Australia/Darwin
	YKNV	Australia/Melbourne
	YKOG	Australia/Melbourne
	YKOJ	Australia/Perth
	YKOK	Australia/Perth
	YKOL	Australia/Adelaide
	YKRV	Australia/Brisbane
	YKTA	Australia/Melbourne
	YKTH	Australia/Adelaide
	YKTN	Australia/Melbourne
	YKUW	Australia/Melbourne
	YKUY	Australia/Brisbane
	YKWG	Australia/Adelaide
	YKYB	Australia/Melbourne
	YKYN	Australia/Brisbane
	YLAG	Australia/Hobart
	YLAK	Australia/Brisbane
	YLAM	Australia/Adelaide
	YLAN	Australia/Sydney
	YLAO	Australia/Adelaide
	YLAW	Australia/Perth
	YLBD	Australia/Perth
	YLBG	Australia/Darwin
	YLBO	Australia/Melbourne
	YLCG	Australia/Sydney
	YLCS	Australia/Melbourne
	YLDB	Australia/Hobart
	YLDO	Australia/Perth
	YLEA	Australia/Perth
	YLED	Australia/Melbourne
	YLEE	Australia/Sydney
	YLEG	Australia/Melbourne
	YLET	Australia/Melbourne
	YLGA	Australia/Perth
	YLGB	Australia/Perth
	YLGC	Australia/Perth
	YLGD	Australia/Hobart
	YLGL	Australia/Brisbane
	YLGN	Australia/Perth
	YLGU	Australia/Darwin
	YLHL	Australia/Hobart
	YLIL	Australia/Hobart
	YLKD	Australia/Brisbane
	YLKE	Australia/Melbourne
	YLKG	Australia/Perth
	YLLA	Australia/Adelaide
	YLLC	Australia/Darwin
	YLLD	Australia/Brisbane
	YLLR	Australia/Melbourne
	YLLV	Australia/Brisbane
	YLMB	Australia/Sydney
	YLMU	Australia/Sydney
	YLNR	Australia/Perth
	YLOC	Australia/Perth
	YLOD	Australia/Melbourne
	YLOH	Australia/Sydney
	YLOU	Australia/Perth
	YLOX	Australia/Adelaide
	YLOY	Australia/Melbourne
	YLPR	Australia/Hobart
	YLRG	Australia/Perth
	YLRN	Australia/Brisbane
	YLSM	Australia/Melbourne
	YLSS	Australia/Brisbane
	YLSY	Australia/Adelaide
	YLUC	Australia/Darwin
	YLUI	Australia/Adelaide
	YLUL	Australia/Adelaide
	YLUW	Australia/Perth
	YLVB	Australia/Melbourne
	YLVD	Australia/Adelaide
	YLVK	Australia/Brisbane
	YLVY	Australia/Perth
	YLWY	Australia/Perth
	YLYD	Australia/Brisbane
	YLYK	Australia/Adelaide
	YLYN	Australia/Perth
	YLZR	Australia/Brisbane
	YMAC	Australia/Adelaide
	YMAD	Australia/Eucla
	YMAG	Australia/Melbourne
	YMAI	Australia/Adelaide
	YMAK	Australia/Adelaide
	YMAU	Australia/Perth
	YMBD	Australia/Adelaide
	YMBT	Australia/Melbourne
	YMBU	Australia/Melbourne
	YMBX	Australia/Eucla
	YMBZ	Australia/Darwin
	YMCE	Australia/Perth
	YMCK	Australia/Brisbane
	YMCL	Australia/Brisbane
	YMCS	Australia/Brisbane
	YMCU	Australia/Perth
	YMDA	Australia/Brisbane
	YMDB	Australia/Perth
	YMDK	Australia/Darwin
	YMDN	Australia/Perth
	YMDR	Australia/Perth
	YMDT	Australia/Eucla
	YMDV	Australia/Adelaide
	YMDW	Australia/Brisbane
	YMDY	Australia/Darwin
	YMDZ	Australia/Perth
	YMEB	Australia/Adelaide
	YMED	Australia/Sydney
	YMEI	Australia/Darwin
	YMEL	Australia/Melbourne
	YMEO	Australia/Melbourne
	YMEP	Australia/Brisbane
	YMES	Australia/Hobart
	YMEW	Australia/Perth
	YMEY	Australia/Sydney
	YMFD	Australia/Melbourne
	YMGG	Australia/Adelaide
	YMGI	Australia/Sydney
	YMGO	Australia/Perth
	YMGS	Australia/Perth
	YMHL	Australia/Perth
	YMHT	Australia/Perth
	YMHW	Australia/Brisbane
	YMIB	Australia/Adelaide
	YMIG	Australia/Sydney
	YMIJ	Australia/Darwin
	YMIL	Australia/Perth
	YMIS	Australia/Perth
	YMIV	Australia/Adelaide
	YMIX	Australia/Perth
	YMJE	Australia/Perth
	YMKA	Australia/Darwin
	YMKB	Australia/Perth
	YMKT	Australia/Darwin
	YMLA	Australia/Perth
	YMLC	Australia/Hobart
	YMLD	Australia/Adelaide
	YMLK	Australia/Brisbane
	YMLL	Australia/Brisbane
	YMLN	Australia/Sydney
	YMLR	Australia/Adelaide
	YMLX	Australia/Perth
	YMMN	Australia/Brisbane
	YMMT	Australia/Brisbane
	YMNA	Australia/Darwin
	YMNB	Australia/Adelaide
	YMNF	Australia/Perth
	YMNG	Australia/Melbourne
	YMNN	Australia/Darwin
	YMNO	Australia/Brisbane
	YMNP	Australia/Adelaide
	YMNT	Australia/Perth
	YMNW	Australia/Perth
	YMNX	Australia/Perth
	YMOE	Australia/Adelaide
	YMOM	Australia/Sydney
	YMOU	Australia/Brisbane
	YMPC	Australia/Melbourne
	YMPE	Australia/Brisbane
	YMPH	Australia/Melbourne
	YMPK	Australia/Darwin
	YMQD	Australia/Sydney
	YMRA	Australia/Adelaide
	YMRS	Australia/Perth
	YMRT	Australia/Brisbane
	YMSK	Australia/Darwin
	YMSO	Australia/Sydney
	YMSP	Australia/Brisbane
	YMSS	Australia/Perth
	YMTA	Australia/Darwin
	YMTC	Australia/Adelaide
	YMTP	Australia/Adelaide
	YMTW	Australia/Adelaide
	YMTX	Australia/Adelaide
	YMTZ	Australia/Perth
	YMUA	Australia/Brisbane
	YMUE	Australia/Darwin
	YMUJ	Australia/Perth
	YMUL	Australia/Perth
	YMUR	Australia/Sydney
	YMUX	Australia/Perth
	YMVH	Australia/Perth
	YMVM	Australia/Sydney
	YMVN	Australia/Brisbane
	YMVR	Australia/Perth
	YMVY	Australia/Darwin
	YMWE	Australia/Darwin
	YMWM	Australia/Melbourne
	YMWO	Australia/Adelaide
	YMYH	Australia/Darwin
	YMYI	Australia/Perth
	YMYV	Australia/Darwin
	YMYW	Australia/Darwin
	YMYY	Australia/Brisbane
	YMZI	Australia/Perth
	YNAB	Australia/Darwin
	YNAN	Australia/Brisbane
	YNAU	Australia/Perth
	YNCD	Australia/Brisbane
	YNCS	Australia/Darwin
	YNDG	Australia/Perth
	YNDR	Australia/Adelaide
	YNDS	Australia/Brisbane
	YNES	Australia/Darwin
	YNGB	Australia/Melbourne
	YNHE	Australia/Hobart
	YNHL	Australia/Melbourne
	YNHP	Australia/Perth
	YNHV	Australia/Darwin
	YNIG	Australia/Adelaide
	YNIN	Australia/Adelaide
	YNKA	Australia/Perth
	YNMN	Australia/Brisbane
	YNNT	Australia/Perth
	YNOC	Australia/Brisbane
	YNOF	Australia/Brisbane
	YNON	Australia/Perth
	YNOO	Australia/Brisbane
	YNOR	Australia/Sydney
	YNPA	Australia/Adelaide
	YNPB	Australia/Darwin
	YNPD	Australia/Perth
	YNPU	Australia/Adelaide
	YNRB	Australia/Perth
	YNRL	Australia/Brisbane
	YNRM	Australia/Sydney
	YNRR	Australia/Darwin
	YNTI	Australia/Perth
	YNTM	Australia/Perth
	YNUD	Australia/Perth
	YNUE	Australia/Darwin
	YNUJ	Australia/Darwin
	YNUT	Australia/Darwin
	YNVE	Australia/Melbourne
	YNVL	Australia/Melbourne
	YNVR	Australia/Brisbane
	YNWL	Australia/Adelaide
	YNWT	Australia/Darwin
	YNYG	Australia/Perth
	YNYM	Australia/Sydney
	YNYP	Australia/Adelaide
	YOAD	Australia/Darwin
	YOAP	Australia/Perth
	YOAS	Australia/Sydney
	YOAY	Australia/Brisbane
	YOBR	Australia/Sydney
	YODA	Australia/Adelaide
	YODL	Australia/Brisbane
	YOIT	Australia/Brisbane
	YOKE	Australia/Brisbane
	YOKV	Australia/Adelaide
	YOLY	Australia/Sydney
	YOMI	Australia/Brisbane
	YOMO	Australia/Melbourne
	YOOK	Australia/Adelaide
	YOOO	Australia/Darwin
	YORA	Australia/Eucla
	YORL	Australia/Perth
	YORR	Australia/Adelaide
	YORT	Australia/Darwin
	YORW	Australia/Perth
	YOTN	Australia/Brisbane
	YOUN	Australia/Perth
	YPAC	Australia/Brisbane
	YPAY	Australia/Darwin
	YPBH	Australia/Currie
	YPCE	Australia/Sydney
	YPCH	Australia/Melbourne
	YPCS	Australia/Perth
	YPDY	Australia/Adelaide
	YPEA	Australia/Perth
	YPED	Australia/Adelaide
	YPEF	Australia/Melbourne
	YPFT	Australia/Sydney
	YPGH	Australia/Darwin
	YPID	Australia/Hobart
	YPIN	Australia/Brisbane
	YPIX	Australia/Perth
	YPIY	Australia/Perth
	YPJI	Australia/Perth
	YPKE	Australia/Adelaide
	YPKH	Australia/Sydney
	YPKI	Australia/Adelaide
	YPKL	Australia/Melbourne
	YPLG	Australia/Sydney
	YPLI	Australia/Sydney
	YPLL	Australia/Perth
	YPLU	Australia/Perth
	YPMB	Australia/Adelaide
	YPME	Australia/Darwin
	YPNC	Australia/Darwin
	YPNG	Australia/Adelaide
	YPNI	Australia/Perth
	YPNN	Australia/Adelaide
	YPNW	Australia/Perth
	YPOP	Australia/Perth
	YPPF	Australia/Adelaide
	YPRA	Australia/Melbourne
	YPRE	Australia/Sydney
	YPTB	Australia/Adelaide
	YPTJ	Australia/Perth
	YPUA	Australia/Darwin
	YPUN	Australia/Perth
	YPVD	Australia/Brisbane
	YPWH	Australia/Brisbane
	YPYD	Australia/Melbourne
	YPYF	Australia/Perth
	YQBE	Australia/Sydney
	YQBK	Australia/Melbourne
	YQDG	Australia/Perth
	YQON	Australia/Adelaide
	YQRN	Australia/Adelaide
	YQUA	Australia/Adelaide
	YQUE	Australia/Sydney
	YRAG	Australia/Melbourne
	YRAM	Australia/Brisbane
	YRAT	Australia/Perth
	YRAV	Australia/Perth
	YRAW	Australia/Perth
	YRBB	Australia/Brisbane
	YRBE	Australia/Adelaide
	YRBM	Australia/Darwin
	YRBR	Australia/Darwin
	YRBT	Australia/Darwin
	YRBW	Australia/Melbourne
	YRDA	Australia/Adelaide
	YRDM	Australia/Perth
	YRDY	Australia/Perth
	YRED	Australia/Brisbane
	YRHL	Australia/Perth
	YRID	Australia/Melbourne
	YRKE	Australia/Melbourne
	YRKS	Australia/Brisbane
	YRLE	Australia/Perth
	YRLL	Australia/Brisbane
	YRNW	Australia/Darwin
	YROK	Australia/Adelaide
	YROT	Australia/Perth
	YROV	Australia/Darwin
	YRRG	Australia/Perth
	YRRR	Australia/Darwin
	YRSH	Australia/Sydney
	YRSK	Australia/Perth
	YRSV	Australia/Brisbane
	YRSY	Australia/Melbourne
	YRUD	Australia/Perth
	YRUG	Australia/Sydney
	YRVE	Australia/Darwin
	YRWA	Australia/Perth
	YRWH	Australia/Sydney
	YRXB	Australia/Adelaide
	YRYK	Australia/Adelaide
	YSAH	Australia/Perth
	YSAI	Australia/Darwin
	YSAR	Australia/Adelaide
	YSBG	Australia/Melbourne
	YSBO	Australia/Brisbane
	YSCA	Australia/Sydney
	YSDL	Australia/Brisbane
	YSDN	Australia/Darwin
	YSDW	Australia/Melbourne
	YSEN	Australia/Perth
	YSFI	Australia/Perth
	YSFL	Australia/Adelaide
	YSFY	Australia/Hobart
	YSGD	Australia/Brisbane
	YSGR	Australia/Sydney
	YSHN	Australia/Perth
	YSHR	Australia/Brisbane
	YSHW	Australia/Sydney
	YSIA	Australia/Adelaide
	YSLE	Australia/Melbourne
	YSLG	Australia/Perth
	YSLK	Australia/Melbourne
	YSLN	Australia/Brisbane
	YSLT	Australia/Melbourne
	YSLV	Australia/Perth
	YSMY	Australia/Brisbane
	YSNT	Australia/Adelaide
	YSOW	Australia/Brisbane
	YSPF	Australia/Brisbane
	YSPI	Australia/Brisbane
	YSRD	Australia/Perth
	YSRT	Australia/Brisbane
	YSTA	Australia/Melbourne
	YSTB	Australia/Brisbane
	YSTC	Australia/Adelaide
	YSTO	Australia/Brisbane
	YSTR	Australia/Adelaide
	YSTT	Australia/Darwin
	YSUJ	Australia/Darwin
	YSVH	Australia/Brisbane
	YSVN	Australia/Brisbane
	YSWA	Australia/Hobart
	YSWE	Australia/Lindeman
	YSYN	Australia/Adelaide
	YTAD	Australia/Sydney
	YTAN	Australia/Darwin
	YTBB	Australia/Adelaide
	YTBF	Asia/Bangkok
	YTBG	Australia/Sydney
	YTCF	Australia/Perth
	YTCK	Australia/Brisbane
	YTCY	Australia/Adelaide
	YTDL	Australia/Melbourne
	YTDM	Australia/Adelaide
	YTDN	Australia/Melbourne
	YTEC	Australia/Adelaide
	YTEN	Australia/Adelaide
	YTFA	Australia/Adelaide
	YTFD	Australia/Sydney
	YTGG	Australia/Melbourne
	YTGI	Australia/Sydney
	YTGV	Australia/Sydney
	YTHI	Australia/Adelaide
	YTHR	Australia/Perth
	YTHS	Australia/Perth
	YTHV	Australia/Perth
	YTII	Australia/Brisbane
	YTIN	Australia/Adelaide
	YTIT	Australia/Darwin
	YTJI	Australia/Perth
	YTJU	Australia/Perth
	YTKS	Australia/Brisbane
	YTLG	Australia/Sydney
	YTLL	Australia/Sydney
	YTLP	Australia/Sydney
	YTLT	Australia/Darwin
	YTMB	Australia/Brisbane
	YTML	Australia/Perth
	YTMN	Australia/Darwin
	YTMS	Australia/Sydney
	YTNB	Australia/Brisbane
	YTNC	Australia/Sydney
	YTNE	Australia/Adelaide
	YTNN	Australia/Adelaide
	YTNR	Australia/Darwin
	YTNS	Australia/Brisbane
	YTOA	Australia/Adelaide
	YTOB	Australia/Brisbane
	YTOG	Australia/Sydney
	YTOK	Australia/Brisbane
	YTOS	Australia/Adelaide
	YTOT	Australia/Sydney
	YTPE	Australia/Darwin
	YTQY	Australia/Melbourne
	YTRB	Australia/Melbourne
	YTRC	Australia/Brisbane
	YTRK	Australia/Perth
	YTTE	Australia/Brisbane
	YTTI	Australia/Perth
	YTUA	Australia/Hobart
	YTUC	Australia/Perth
	YTUG	Australia/Brisbane
	YTUN	Australia/Hobart
	YTUY	Australia/Brisbane
	YTVA	Australia/Brisbane
	YTWE	Australia/Brisbane
	YTWN	Australia/Sydney
	YTYA	Australia/Melbourne
	YTYH	Australia/Sydney
	YTYN	Australia/Adelaide
	YUCH	Australia/Darwin
	YUDG	Australia/Brisbane
	YUDL	Australia/Brisbane
	YUMB	Australia/Darwin
	YUMU	Australia/Adelaide
	YUPG	Australia/Darwin
	YUPH	Australia/Sydney
	YUTP	Australia/Darwin
	YUTS	Australia/Darwin
	YVAF	Australia/Hobart
	YVIV	Australia/Adelaide
	YVLG	Australia/Brisbane
	YVNS	Australia/Darwin
	YVSH	Australia/Darwin
	YVVA	Australia/Melbourne
	YVVL	Australia/Brisbane
	YWAB	Australia/Perth
	YWAC	Australia/Darwin
	YWAG	Australia/Sydney
	YWAT	Australia/Brisbane
	YWAX	Australia/Perth
	YWBH	Australia/Sydney
	YWBI	Australia/Darwin
	YWBN	Australia/Sydney
	YWBR	Australia/Perth
	YWCM	Australia/Darwin
	YWDC	Australia/Perth
	YWDJ	Australia/Perth
	YWDR	Australia/Sydney
	YWDS	Australia/Sydney
	YWDT	Australia/Brisbane
	YWDV	Australia/Brisbane
	YWEC	Australia/Brisbane
	YWED	Australia/Melbourne
	YWEE	Australia/Perth
	YWEL	Australia/Sydney
	YWEO	Australia/Adelaide
	YWER	Australia/Brisbane
	YWEX	Australia/Perth
	YWFD	Australia/Perth
	YWGN	Australia/Perth
	YWGW	Australia/Perth
	YWHC	Australia/Sydney
	YWHI	Australia/Brisbane
	YWHL	Australia/Darwin
	YWIB	Australia/Adelaide
	YWIE	Australia/Brisbane
	YWIL	Australia/Sydney
	YWIO	Australia/Sydney
	YWIS	Australia/Brisbane
	YWJS	Australia/Sydney
	YWKI	Australia/Adelaide
	YWKM	Australia/Perth
	YWKS	Antarctica/Casey
	YWKW	Australia/Sydney
	YWLA	Australia/Darwin
	YWLB	Australia/Adelaide
	YWLH	Australia/Darwin
	YWLN	Australia/Adelaide
	YWLP	Australia/Melbourne
	YWLX	Australia/Sydney
	YWMA	Australia/Sydney
	YWMC	Australia/Adelaide
	YWMG	Australia/Sydney
	YWML	Australia/Brisbane
	YWMM	Australia/Sydney
	YWMY	Australia/Perth
	YWNA	Australia/Adelaide
	YWNI	Australia/Brisbane
	YWNL	Australia/Perth
	YWNO	Australia/Perth
	YWNS	Australia/Brisbane
	YWOH	Australia/Perth
	YWOM	Australia/Sydney
	YWON	Australia/Melbourne
	YWOV	Australia/Melbourne
	YWOX	Australia/Perth
	YWPA	Australia/Adelaide
	YWPE	Australia/Perth
	YWPL	Australia/Perth
	YWRA	Australia/Brisbane
	YWRC	Australia/Perth
	YWRE	Australia/Brisbane
	YWRL	Australia/Sydney
	YWRN	Australia/Sydney
	YWRR	Australia/Perth
	YWRT	Australia/Hobart
	YWRV	Australia/Darwin
	YWSD	Australia/Sydney
	YWSG	Australia/Brisbane
	YWSI	Australia/Adelaide
	YWSX	Australia/Perth
	YWTO	Australia/Sydney
	YWTV	Australia/Brisbane
	YWVA	Australia/Sydney
	YWVL	Australia/Sydney
	YWWH	Australia/Brisbane
	YWYA	Australia/Brisbane
	YWYB	Australia/Adelaide
	YWYF	Australia/Melbourne
	YXGS	Australia/Sydney
	YXTA	Australia/Brisbane
	YYAA	Australia/Sydney
	YYAC	Australia/Brisbane
	YYAG	Australia/Perth
	YYAK	Australia/Brisbane
	YYAS	Australia/Sydney
	YYBE	Australia/Brisbane
	YYDE	Australia/Perth
	YYDM	Australia/Perth
	YYEA	Australia/Melbourne
	YYER	Australia/Perth
	YYGG	Australia/Perth
	YYLD	Australia/Sydney
	YYLG	Australia/Perth
	YYNR	Australia/Perth
	YYOO	Australia/Adelaide
	YYRK	Australia/Perth
	YYRM	Australia/Hobart
	YYRN	Australia/Perth
	YYRW	Australia/Perth
	YYUM	Australia/Perth
	YYUN	Australia/Adelaide
	YYWA	Australia/Brisbane
	YYWG	Australia/Melbourne
	YZAN	Australia/Perth
	YZHN	Australia/Hobart
	Z19M	Asia/Kuwait
	Z23Z	America/Asuncion
	ZBBB	Asia/Shanghai
	ZBSH	Asia/Shanghai
	ZGLD	Asia/Shanghai
	ZJYX	Asia/Shanghai
	ZLSN	Asia/Shanghai
	ZMBD	Asia/Ulaanbaatar
	ZMOT	Asia/Ulaanbaatar
	ZMSH	Asia/Ulaanbaatar
	ZSSL	Asia/Shanghai
	ZYTH	Asia/Shanghai
	ZYYY	Asia/Shanghai
AAA	NTGA	Pacific/Tahiti
AAB	YARY	Australia/Brisbane
AAC	HEAR	Africa/Cairo
AAD	HCAD	Africa/Mogadishu
AAE	DABB	Africa/Algiers
AAF	KAAF	America/New_York
AAG	SSYA	America/Sao_Paulo
AAH	EDKA	Europe/Berlin
AAI	SWRA	America/Araguaina
AAJ	SMCA	America/Paramaribo
AAK	NGUK	Pacific/Tarawa
AAL	EKYT	Europe/Copenhagen
AAM	FAMD	Africa/Johannesburg
AAN	OMAL	Asia/Dubai
AAO	SVAN	America/Caracas
AAP	WALS	Asia/Makassar
AAQ	URKA	Europe/Moscow
AAR	EKAH	Europe/Copenhagen
AAT	ZWAT	Asia/Shanghai
AAU	NSAU	Pacific/Apia
AAV	RPMA	Asia/Manila
AAW	OPAB	Asia/Karachi
AAX	SBAX	America/Sao_Paulo
AAY	OYGD	Asia/Aden
AAZ	MGQZ	America/Guatemala
ABA	UNAA	Asia/Krasnoyarsk
ABB	DNAS	Africa/Lagos
ABC	LEAB	Europe/Madrid
ABD	OIAA	Asia/Tehran
ABE	KABE	America/New_York
ABF	NGAB	Pacific/Tarawa
ABG	YABI	Australia/Brisbane
ABH	YAPH	Australia/Brisbane
ABI	KABI	America/Chicago
ABJ	DIAP	Africa/Abidjan
ABK	HAKD	Africa/Addis_Ababa
ABL	PAFM	America/Anchorage
ABM	YBAM	Australia/Brisbane
ABO	DIAO	Africa/Abidjan
ABQ	KABQ	America/Denver
ABR	KABR	America/Chicago
ABS	HEBL	Africa/Cairo
ABT	OEBA	Asia/Riyadh
ABU	WRKA	Asia/Makassar
ABV	DNAA	Africa/Lagos
ABX	YMAY	Australia/Sydney
ABY	KABY	America/New_York
ABZ	EGPD	Europe/London
ACA	MMAA	America/Mexico_City
ACB	KACB	America/Detroit
ACC	DGAA	Africa/Accra
ACD	SKAD	America/Bogota
ACE	GCRR	Atlantic/Canary
ACF	ZWAL	Asia/Shanghai
ACH	LSZR	Europe/Zurich
ACI	EGJA	Europe/Guernsey
ACJ	VCCA	Asia/Colombo
ACK	KACK	America/New_York
ACN	MMCC	America/Mexico_City
ACO	MRAF	America/Costa_Rica
ACP	OITM	Asia/Tehran
ACR	SKAC	America/Bogota
ACS	UNKS	Asia/Krasnoyarsk
ACT	KACT	America/Chicago
ACV	KACV	America/Los_Angeles
ACX	ZUYI	Asia/Shanghai
ACY	KACY	America/New_York
ACZ	OIZB	Asia/Tehran
ADA	LTAF	Europe/Istanbul
ADB	LTBJ	Europe/Istanbul
ADC	AYAN	Pacific/Port_Moresby
ADD	HAAB	Africa/Addis_Ababa
ADE	OYAA	Asia/Aden
ADF	LTCP	Europe/Istanbul
ADG	KADG	America/Detroit
ADH	UEEA	Asia/Yakutsk
ADI	FYAR	Africa/Windhoek
ADJ	OJAM	Asia/Amman
ADK	PADK	America/Adak
ADL	YPAD	Australia/Adelaide
ADM	KADM	America/Chicago
ADO	YAMK	Australia/Adelaide
ADQ	PADQ	America/Anchorage
ADR	KPHH	America/New_York
ADS	KADS	America/Chicago
ADT	KADH	America/Chicago
ADU	OITL	Asia/Tehran
ADW	KADW	America/New_York
ADX	EGQL	Europe/London
ADY	FAAL	Africa/Johannesburg
ADZ	SKSP	America/Bogota
AEA	NGTB	Pacific/Tarawa
AEB	ZBGS	Asia/Shanghai
AEG	WIME	Asia/Jakarta
AEH	FTTC	Africa/Ndjamena
AEL	KAEL	America/Chicago
AEM	UHTG	Asia/Vladivostok
AEO	GQNA	Africa/Nouakchott
AEP	SABE	America/Argentina/Buenos_Aires
AER	URSS	Europe/Moscow
AES	ENAL	Europe/Oslo
AET	PFAL	America/Anchorage
AEU	OIBA	Asia/Tehran
AEX	KAEX	America/Chicago
AEY	BIAR	Atlantic/Reykjavik
AFA	SAMR	America/Argentina/Mendoza
AFD	FAPA	Africa/Johannesburg
AFF	KAFF	America/Denver
AFI	SKAM	America/Bogota
AFL	SBAT	America/Cuiaba
AFN	KAFN	America/New_York
AFO	KAFO	America/Denver
AFR	AYAF	Pacific/Port_Moresby
AFS	UZSN	Asia/Samarkand
AFT	AGAF	Pacific/Guadalcanal
AFW	KAFW	America/Chicago
AFY	LTAH	Europe/Istanbul
AFZ	OIMS	Asia/Tehran
AGA	GMAD	Africa/Casablanca
AGB	EDMA	Europe/Berlin
AGC	KAGC	America/New_York
AGE	EDWG	Europe/Berlin
AGF	LFBA	Europe/Paris
AGH	ESTA	Europe/Stockholm
AGI	SMWA	America/Paramaribo
AGJ	RORA	Asia/Tokyo
AGL	AYWG	Pacific/Port_Moresby
AGN	PAGN	America/Juneau
AGO	KAGO	America/Chicago
AGP	LEMG	Europe/Madrid
AGQ	LGAG	Europe/Athens
AGR	VIAG	Asia/Kolkata
AGS	KAGS	America/New_York
AGT	SGES	America/Asuncion
AGU	MMAS	America/Mexico_City
AGV	SVAC	America/Caracas
AGX	VOAT	Asia/Kolkata
AGZ	FAAG	Africa/Johannesburg
AHA	VEAP	Asia/Kolkata
AHB	OEAB	Asia/Riyadh
AHC	KAHC	America/Los_Angeles
AHD	K1F0	America/Chicago
AHE	NTHE	Pacific/Tahiti
AHF	K37V	America/Chicago
AHG	FIMA	Indian/Mauritius
AHH	KAHH	America/Chicago
AHI	WAPA	Asia/Jayapura
AHJ	ZUHY	Asia/Shanghai
AHL	SYAH	America/Guyana
AHM	KS03	America/Los_Angeles
AHN	KAHN	America/New_York
AHO	LIEA	Europe/Rome
AHS	MHAH	America/Tegucigalpa
AHU	GMTA	Africa/Casablanca
AHZ	LFHU	Europe/Paris
AIA	KAIA	America/Denver
AID	KAID	America/Indiana/Indianapolis
AIE	AYAO	Pacific/Port_Moresby
AIF	SBAS	America/Sao_Paulo
AIG	FEFY	Africa/Bangui
AII	HDAS	Africa/Djibouti
AIK	KAIK	America/New_York
AIN	PAWI	America/Anchorage
AIO	KAIO	America/Chicago
AIP	VIAX	Asia/Kolkata
AIR	SSOU	America/Sao_Paulo
AIS	NGTR	Pacific/Tarawa
AIT	NCAI	Pacific/Rarotonga
AIU	NCAT	Pacific/Rarotonga
AIV	KAIV	America/Chicago
AIZ	KAIZ	America/Chicago
AJA	LFKJ	Europe/Paris
AJF	OESK	Asia/Riyadh
AJI	LTCO	Europe/Istanbul
AJJ	GQNJ	Africa/Nouakchott
AJK	OIHR	Asia/Tehran
AJL	VELP	Asia/Kolkata
AJN	FMCV	Indian/Comoro
AJR	ESNX	Europe/Stockholm
AJU	SBAR	America/Fortaleza
AJY	DRZA	Africa/Niamey
AKA	ZLAK	Asia/Shanghai
AKB	PAAK	America/Adak
AKC	KAKR	America/New_York
AKD	VAAK	Asia/Kolkata
AKE	FOGA	Africa/Libreville
AKF	HLKF	Africa/Tripoli
AKH	OEPS	Asia/Riyadh
AKI	PFAK	America/Anchorage
AKJ	RJEC	Asia/Tokyo
AKK	PAKH	America/Anchorage
AKL	NZAA	Pacific/Auckland
AKN	PAKN	America/Anchorage
AKO	KAKO	America/Denver
AKP	PAKP	America/Anchorage
AKQ	WIAG	Asia/Jakarta
AKS	AGGA	Pacific/Guadalcanal
AKT	LCRA	Asia/Nicosia
AKU	ZWAK	Asia/Shanghai
AKV	CYKO	America/Toronto
AKW	OIAG	Asia/Tehran
AKX	UATT	Asia/Aqtobe
AKY	VYSW	Asia/Yangon
ALA	UAAA	Asia/Almaty
ALB	KALB	America/New_York
ALC	LEAL	Europe/Madrid
ALD	SPAR	America/Lima
ALE	KE38	America/Chicago
ALF	ENAT	Europe/Oslo
ALG	DAAG	Africa/Algiers
ALH	YABA	Australia/Perth
ALI	KALI	America/Chicago
ALJ	FAAB	Africa/Johannesburg
ALL	LIMG	Europe/Rome
ALM	KALM	America/Denver
ALN	KALN	America/Chicago
ALO	KALO	America/Chicago
ALP	OSAP	Asia/Damascus
ALQ	SSLT	America/Sao_Paulo
ALR	NZLX	Pacific/Auckland
ALS	KALS	America/Denver
ALT	SDWQ	America/Santarem
ALU	HCMA	Africa/Mogadishu
ALW	KALW	America/Los_Angeles
ALX	KALX	America/Chicago
AMA	KAMA	America/Chicago
AMB	FMNE	Indian/Antananarivo
AMC	FTTN	Africa/Ndjamena
AMD	VAAH	Asia/Kolkata
AMH	HAAM	Africa/Addis_Ababa
AMJ	SNAR	America/Sao_Paulo
AMK	K00C	America/Denver
AMM	OJAI	Asia/Amman
AMN	KAMN	America/Detroit
AMO	FTTU	Africa/Ndjamena
AMP	FMSY	Indian/Antananarivo
AMQ	WAPP	Asia/Jayapura
AMS	EHAM	Europe/Amsterdam
AMT	YAMT	Australia/Adelaide
AMU	AYAM	Pacific/Port_Moresby
AMV	ULDD	Europe/Moscow
AMW	KAMW	America/Chicago
AMX	YAMM	Australia/Darwin
AMZ	NZAR	Pacific/Auckland
ANB	KANB	America/Chicago
ANC	PANC	America/Anchorage
AND	KAND	America/New_York
ANE	LFJR	Europe/Paris
ANF	SCFA	America/Santiago
ANG	LFBU	Europe/Paris
ANI	PANI	America/Anchorage
ANJ	FCBZ	Africa/Brazzaville
ANK	LTAD	Europe/Istanbul
ANM	FMNH	Indian/Antananarivo
ANN	PANT	America/Anchorage
ANO	FQAG	Africa/Maputo
ANP	KANP	America/New_York
ANQ	KANQ	America/Indiana/Indianapolis
ANR	EBAW	Europe/Brussels
ANS	SPHY	America/Lima
ANU	TAPA	America/Antigua
ANV	PANV	America/Anchorage
ANW	KANW	America/Chicago
ANX	ENAN	Europe/Oslo
ANY	KANY	America/Chicago
AOC	EDAC	Europe/Berlin
AOE	LTBY	Europe/Istanbul
AOG	ZYAS	Asia/Shanghai
AOH	KAOH	America/New_York
AOI	LIPY	Europe/Rome
AOJ	RJSA	Asia/Tokyo
AOK	LGKP	Europe/Athens
AOL	SARL	America/Argentina/Cordoba
AOM	OOAD	Asia/Muscat
AOO	KAOO	America/New_York
AOP	SPAS	America/Lima
AOR	WMKA	Asia/Kuala_Lumpur
AOT	LIMW	Europe/Rome
AOY	OIBI	Asia/Tehran
APA	KAPA	America/Denver
APB	SLAP	America/La_Paz
APC	KAPC	America/Los_Angeles
APE	SPAO	America/Lima
APF	KAPF	America/New_York
APG	KAPG	America/New_York
APH	KAPH	America/New_York
API	SKAP	America/Bogota
APJ	ZUPL	Asia/Shanghai
APK	NTGD	Pacific/Tahiti
APL	FQNP	Africa/Maputo
APN	KAPN	America/New_York
APO	SKLC	America/Bogota
APQ	SNAL	America/Maceio
APS	SWNS	America/Sao_Paulo
APT	KAPT	America/Chicago
APU	SSAP	America/Sao_Paulo
APV	KAPV	America/Los_Angeles
APW	NSFA	Pacific/Apia
APX	SSOG	America/Sao_Paulo
APY	SNAI	America/Fortaleza
APZ	SAHZ	America/Argentina/Salta
AQA	SBAQ	America/Sao_Paulo
AQB	MGQC	America/Guatemala
AQG	ZSAQ	Asia/Shanghai
AQI	OEPA	Asia/Riyadh
AQJ	OJAQ	Asia/Amman
AQM	SWNI	America/Porto_Velho
AQP	SPQU	America/Lima
AQY	KAQY	America/Anchorage
ARA	KARA	America/Chicago
ARB	KARB	America/Detroit
ARC	PARC	America/Anchorage
ARD	WATM	Asia/Makassar
ARE	TJAB	America/Puerto_Rico
ARG	KARG	America/Chicago
ARH	ULAA	Europe/Moscow
ARI	SCAR	America/Santiago
ARJ	WAJA	Asia/Jayapura
ARK	HTAR	Africa/Dar_es_Salaam
ARL	DFER	Africa/Ouagadougou
ARM	YARM	Australia/Sydney
ARN	ESSA	Europe/Stockholm
ARR	SAVR	America/Argentina/Catamarca
ARS	SWEC	America/Cuiaba
ART	KART	America/New_York
ARU	SBAU	America/Sao_Paulo
ARV	KARV	America/Chicago
ARW	LRAR	Europe/Bucharest
ARY	YARA	Australia/Melbourne
ARZ	FNZE	Africa/Luanda
ASA	HHSB	Africa/Asmara
ASB	UTAA	Asia/Ashgabat
ASC	SLAS	America/La_Paz
ASD	MYAF	America/Nassau
ASE	KASE	America/Denver
ASF	URWA	Europe/Astrakhan
ASG	NZAS	Pacific/Auckland
ASH	KASH	America/New_York
ASI	FHAW	Atlantic/St_Helena
ASJ	RJKA	Asia/Tokyo
ASK	DIYO	Africa/Abidjan
ASL	KASL	America/Chicago
ASM	HHAS	Africa/Asmara
ASN	KASN	America/Chicago
ASO	HASO	Africa/Addis_Ababa
ASP	YBAS	Australia/Darwin
ASQ	KTMT	America/Los_Angeles
ASR	LTAU	Europe/Istanbul
ASS	FACC	Africa/Johannesburg
AST	KAST	America/Los_Angeles
ASU	SGAS	America/Asuncion
ASV	HKAM	Africa/Nairobi
ASW	HESN	Africa/Cairo
ASX	KASX	America/Chicago
ASY	KASY	America/Chicago
ATA	SPHZ	America/Lima
ATB	HSAT	Africa/Khartoum
ATC	MYCA	America/Nassau
ATD	AGAT	Pacific/Guadalcanal
ATE	K80F	America/Chicago
ATF	SEAM	America/Guayaquil
ATH	LGAV	Europe/Athens
ATI	SUAG	America/Montevideo
ATJ	FMME	Indian/Antananarivo
ATK	PATQ	America/Anchorage
ATL	KATL	America/New_York
ATM	SBHT	America/Santarem
ATO	KUNI	America/New_York
ATP	AYAI	Pacific/Port_Moresby
ATQ	VIAR	Asia/Kolkata
ATR	GQPA	Africa/Nouakchott
ATS	KATS	America/Denver
ATT	PAAB	America/Nome
ATU	PAAT	America/Adak
ATV	FTTI	Africa/Ndjamena
ATW	KATW	America/Chicago
ATY	KATY	America/Chicago
ATZ	HEAT	Africa/Cairo
AUA	TNCA	America/Aruba
AUC	SKUC	America/Bogota
AUD	YAGD	Australia/Brisbane
AUF	LFLA	Europe/Paris
AUG	KAUG	America/New_York
AUH	OMAA	Asia/Dubai
AUJ	AYAT	Pacific/Port_Moresby
AUK	PAUK	America/Anchorage
AUM	KAUM	America/Chicago
AUN	KAUN	America/Los_Angeles
AUO	KAUO	America/Chicago
AUQ	NTMN	Pacific/Marquesas
AUR	LFLW	Europe/Paris
AUS	KAUS	America/Chicago
AUT	WPAT	Asia/Dili
AUU	YAUR	Australia/Brisbane
AUW	KAUW	America/Chicago
AUX	SWGN	America/Fortaleza
AUY	NVVA	Pacific/Efate
AUZ	KARR	America/Chicago
AVA	ZUAS	Asia/Shanghai
AVB	LIPA	Europe/Rome
AVG	YAUV	Australia/Darwin
AVI	MUCA	America/Havana
AVK	ZMAH	Asia/Ulaanbaatar
AVL	KAVL	America/New_York
AVN	LFMV	Europe/Paris
AVO	KAVO	America/New_York
AVP	KAVP	America/New_York
AVU	AGGJ	Pacific/Guadalcanal
AVV	YMAV	Australia/Melbourne
AVW	KAVQ	America/Phoenix
AVX	KAVX	America/Los_Angeles
AWA	HALA	Africa/Addis_Ababa
AWB	AYAW	Pacific/Port_Moresby
AWD	NVVB	Pacific/Efate
AWK	PWAK	Pacific/Wake
AWM	KAWM	America/Chicago
AWN	YADS	Australia/Adelaide
AWP	YAUS	Australia/Darwin
AWZ	OIAW	Asia/Tehran
AXA	TQPF	America/Anguilla
AXB	89NY	America/New_York
AXC	YAMC	Australia/Brisbane
AXD	LGAL	Europe/Athens
AXE	SSXX	America/Sao_Paulo
AXF	ZBAL	Asia/Shanghai
AXG	KAXA	America/Chicago
AXJ	RJDA	Asia/Tokyo
AXK	OYAT	Asia/Aden
AXL	YALX	Australia/Darwin
AXM	SKAR	America/Bogota
AXN	KAXN	America/Chicago
AXP	MYAP	America/Nassau
AXR	NTGU	Pacific/Tahiti
AXS	KAXS	America/Chicago
AXT	RJSK	Asia/Tokyo
AXU	HAAX	Africa/Addis_Ababa
AXV	KAXV	America/New_York
AXX	KAXX	America/Denver
AYG	SKYA	America/Bogota
AYJ	VEAY	Asia/Kolkata
AYL	YANL	Australia/Darwin
AYM	_AYM	Asia/Dubai
AYN	ZHAY	Asia/Shanghai
AYO	SGAY	America/Asuncion
AYP	SPHO	America/Lima
AYQ	YAYE	Australia/Darwin
AYR	YAYR	Australia/Brisbane
AYS	KAYS	America/New_York
AYT	LTAI	Europe/Istanbul
AYU	AYAY	Pacific/Port_Moresby
AYX	SPAY	America/Lima
AZA	KIWA	America/Phoenix
AZD	OIYY	Asia/Tehran
AZH	VEAH	Asia/Kolkata
AZI	OMAD	Asia/Dubai
AZL	SWTU	America/Cuiaba
AZN	UZKA	Asia/Tashkent
AZO	KAZO	America/Detroit
AZP	MMJC	America/Mexico_City
AZR	DAUA	Africa/Algiers
AZS	MDCY	America/Santo_Domingo
AZZ	FNAM	Africa/Luanda
BAA	AYBL	Pacific/Port_Moresby
BAB	KBAB	America/Los_Angeles
BAD	KBAD	America/Chicago
BAE	LFMR	Europe/Paris
BAF	KBAF	America/New_York
BAG	RPUB	Asia/Manila
BAH	OBBI	Asia/Bahrain
BAI	MRBA	America/Costa_Rica
BAL	LTCJ	Europe/Istanbul
BAM	KBAM	America/Los_Angeles
BAN	FZVR	Africa/Lubumbashi
BAO	VTED	Asia/Bangkok
BAQ	SKBQ	America/Bogota
BAR	ZJQH	Asia/Shanghai
BAS	AGGE	Pacific/Guadalcanal
BAT	SBBT	America/Sao_Paulo
BAU	SBBU	America/Sao_Paulo
BAV	ZBOW	Asia/Shanghai
BAX	UNBB	Asia/Barnaul
BAY	LRBM	Europe/Bucharest
BAZ	SWBC	America/Boa_Vista
BBA	SCBA	America/Santiago
BBB	KBBB	America/Chicago
BBC	KBYY	America/Chicago
BBD	KBBD	America/Chicago
BBG	NGTU	Pacific/Tarawa
BBH	EDBH	Europe/Berlin
BBI	VEBS	Asia/Kolkata
BBJ	EDRB	Europe/Berlin
BBK	FBKE	Africa/Gaborone
BBL	YLLE	Australia/Brisbane
BBM	VDBG	Asia/Phnom_Penh
BBN	WBGZ	Asia/Kuala_Lumpur
BBO	HCMI	Africa/Mogadishu
BBP	EGHJ	Europe/London
BBR	TFFB	America/Guadeloupe
BBS	EGLK	Europe/London
BBT	FEFT	Africa/Bangui
BBU	LRBS	Europe/Bucharest
BBV	DIGN	Africa/Abidjan
BBW	KBBW	America/Chicago
BBX	KLOM	America/New_York
BBY	FEFM	Africa/Bangui
BBZ	FLZB	Africa/Lusaka
BCA	MUBA	America/Havana
BCB	KBCB	America/New_York
BCC	KZ48	America/Anchorage
BCD	RPVB	Asia/Manila
BCE	KBCE	America/Denver
BCF	FEGU	Africa/Bangui
BCG	SYBE	America/Guyana
BCH	WPEC	Asia/Dili
BCI	YBAR	Australia/Brisbane
BCL	MRBC	America/Costa_Rica
BCM	LRBC	Europe/Bucharest
BCN	LEBL	Europe/Madrid
BCO	HABC	Africa/Addis_Ababa
BCR	SWNK	America/Manaus
BCS	65LA	America/Chicago
BCT	KBCT	America/New_York
BCX	UWUB	Asia/Yekaterinburg
BDA	TXKF	Atlantic/Bermuda
BDB	YBUD	Australia/Brisbane
BDC	SNBC	America/Fortaleza
BDD	YBAU	Australia/Brisbane
BDE	KBDE	America/Chicago
BDF	3IS8	America/Chicago
BDG	KBDG	America/Denver
BDH	OIBL	Asia/Tehran
BDI	FSSB	Indian/Mahe
BDJ	WAOO	Asia/Makassar
BDK	DIBU	Africa/Abidjan
BDL	KBDL	America/New_York
BDM	LTBG	Europe/Istanbul
BDN	OPTH	Asia/Karachi
BDO	WICC	Asia/Jakarta
BDP	VNCG	Asia/Kathmandu
BDQ	VABO	Asia/Kolkata
BDR	KBDR	America/New_York
BDS	LIBR	Europe/Rome
BDT	FZFD	Africa/Kinshasa
BDU	ENDU	Europe/Oslo
BDV	FZRB	Africa/Lubumbashi
BDW	YBDF	Australia/Perth
BDX	K00F	America/Denver
BDY	KS05	America/Los_Angeles
BDZ	AYBG	Pacific/Port_Moresby
BEB	EGPL	Europe/London
BEC	KBEC	America/Chicago
BED	KBED	America/New_York
BEF	MNBL	America/Managua
BEG	LYBE	Europe/Belgrade
BEH	KBEH	America/Detroit
BEI	HABE	Africa/Addis_Ababa
BEJ	WALK	Asia/Makassar
BEK	VIBY	Asia/Kolkata
BEL	SBBE	America/Belem
BEM	GMMD	Africa/Casablanca
BEN	HLLB	Africa/Tripoli
BEO	YPEC	Australia/Sydney
BEP	VOBI	Asia/Kolkata
BEQ	EGXH	Europe/London
BER	EDDB	Europe/Berlin
BES	LFRB	Europe/Paris
BET	PABE	America/Anchorage
BEU	YBIE	Australia/Brisbane
BEV	LLBS	Asia/Jerusalem
BEW	FQBR	Africa/Maputo
BEX	EGUB	Europe/London
BEY	OLBA	Asia/Beirut
BEZ	NGBR	Pacific/Tarawa
BFA	SGBN	America/Asuncion
BFD	KBFD	America/New_York
BFE	EDLI	Europe/Berlin
BFF	KBFF	America/Denver
BFG	KU07	America/Denver
BFH	SBBI	America/Sao_Paulo
BFI	KBFI	America/Los_Angeles
BFJ	ZUBJ	Asia/Shanghai
BFK	KBKF	America/Denver
BFL	KBFL	America/Los_Angeles
BFM	KBFM	America/Chicago
BFN	FABL	Africa/Johannesburg
BFO	FVCZ	Africa/Harare
BFP	KBVI	America/New_York
BFR	KBFR	America/Indiana/Indianapolis
BFS	EGAA	Europe/London
BFT	KARW	America/New_York
BFU	ZSBB	Asia/Shanghai
BFV	VTUO	Asia/Bangkok
BFW	DAOS	Africa/Algiers
BFX	FKKU	Africa/Douala
BFY	_BFY	Asia/Shanghai
BGA	SKBG	America/Bogota
BGB	FOGB	Africa/Libreville
BGC	LPBG	Europe/Lisbon
BGD	KBGD	America/Chicago
BGE	KBGE	America/New_York
BGF	FEFF	Africa/Bangui
BGG	LTCU	Europe/Istanbul
BGH	GQNE	Africa/Nouakchott
BGI	TBPB	America/Barbados
BGJ	BIBF	Atlantic/Reykjavik
BGK	MZBG	America/Belize
BGM	KBGM	America/New_York
BGN	UESG	Asia/Magadan
BGO	ENBR	Europe/Oslo
BGQ	PAGQ	America/Anchorage
BGR	KBGR	America/New_York
BGT	KE51	America/Phoenix
BGU	FEFG	Africa/Bangui
BGV	SSBG	America/Sao_Paulo
BGW	ORBI	Asia/Baghdad
BGX	SBBG	America/Sao_Paulo
BGY	LIME	Europe/Rome
BHA	SESV	America/Guayaquil
BHB	KBHB	America/New_York
BHD	EGAC	Europe/London
BHE	NZWB	Pacific/Auckland
BHF	SKCP	America/Bogota
BHH	OEBH	Asia/Riyadh
BHI	SAZB	America/Argentina/Buenos_Aires
BHJ	VABJ	Asia/Kolkata
BHK	UZSB	Asia/Samarkand
BHM	KBHM	America/Chicago
BHO	VABP	Asia/Kolkata
BHP	VNBJ	Asia/Kathmandu
BHQ	YBHI	Australia/Adelaide
BHR	VNBP	Asia/Kathmandu
BHS	YBTH	Australia/Sydney
BHU	VABV	Asia/Kolkata
BHV	OPBW	Asia/Karachi
BHW	OPBG	Asia/Karachi
BHX	EGBB	Europe/London
BHY	ZGBH	Asia/Shanghai
BIA	LFKB	Europe/Paris
BIB	HCMB	Africa/Mogadishu
BID	KBID	America/New_York
BIE	KBIE	America/Chicago
BIF	KBIF	America/Denver
BIG	PABI	America/Anchorage
BIH	KBIH	America/Los_Angeles
BIK	WABB	Asia/Jayapura
BIL	KBIL	America/Denver
BIM	MYBS	America/Nassau
BIN	OABN	Asia/Kabul
BIO	LEBB	Europe/Madrid
BIP	YBWM	Australia/Brisbane
BIQ	LFBZ	Europe/Paris
BIR	VNVT	Asia/Kathmandu
BIS	KBIS	America/Chicago
BIT	VNBT	Asia/Kathmandu
BIU	BIBD	Atlantic/Reykjavik
BIV	FEFR	Africa/Bangui
BIW	YBIL	Australia/Perth
BIX	KBIX	America/Chicago
BIY	FABE	Africa/Johannesburg
BJA	DAAE	Africa/Algiers
BJB	OIMN	Asia/Tehran
BJC	KBJC	America/Denver
BJD	BIBK	Atlantic/Reykjavik
BJF	ENBS	Europe/Oslo
BJI	KBJI	America/Chicago
BJJ	KBJJ	America/New_York
BJK	WAPK	Asia/Jayapura
BJL	GBYD	Africa/Banjul
BJM	HBBA	Africa/Bujumbura
BJO	SLBJ	America/La_Paz
BJP	SBBP	America/Sao_Paulo
BJR	HABD	Africa/Addis_Ababa
BJU	VNBR	Asia/Kathmandu
BJV	LTFE	Europe/Istanbul
BJW	WATB	Asia/Makassar
BJX	MMLO	America/Mexico_City
BJY	LYBT	Europe/Belgrade
BJZ	LEBZ	Europe/Madrid
BKA	UUBB	Europe/Moscow
BKB	VIBK	Asia/Kolkata
BKC	PABL	America/Anchorage
BKD	KBKD	America/Chicago
BKE	KBKE	America/Los_Angeles
BKG	KBBG	America/Chicago
BKH	PHBK	Pacific/Honolulu
BKI	WBKK	Asia/Kuching
BKJ	GUOK	Africa/Conakry
BKK	VTBS	Asia/Bangkok
BKL	KBKL	America/New_York
BKM	WBGQ	Asia/Kuala_Lumpur
BKN	UTAN	Asia/Ashgabat
BKO	GABS	Africa/Bamako
BKP	YBAW	Australia/Brisbane
BKQ	YBCK	Australia/Brisbane
BKR	FTTK	Africa/Ndjamena
BKS	WIPL	Asia/Jakarta
BKT	KBKT	America/New_York
BKU	FMSV	Indian/Antananarivo
BKW	KBKW	America/New_York
BKX	KBKX	America/Chicago
BKY	FZMA	Africa/Lubumbashi
BKZ	HTBU	Africa/Dar_es_Salaam
BLA	SVBC	America/Caracas
BLB	MPPA	America/Panama
BLC	FKKG	Africa/Douala
BLD	KBVU	America/Los_Angeles
BLE	ESSD	Europe/Stockholm
BLF	KBLF	America/New_York
BLG	WBGC	Asia/Kuala_Lumpur
BLH	KBLH	America/Los_Angeles
BLI	KBLI	America/Los_Angeles
BLJ	DABT	Africa/Algiers
BLK	EGNH	Europe/London
BLL	EKBI	Europe/Copenhagen
BLM	KBLM	America/New_York
BLN	YBLA	Australia/Melbourne
BLO	BIBL	Atlantic/Reykjavik
BLP	SPBL	America/Lima
BLQ	LIPE	Europe/Rome
BLR	VOBL	Asia/Kolkata
BLS	YBLL	Australia/Brisbane
BLT	YBTR	Australia/Brisbane
BLU	KBLU	America/Los_Angeles
BLV	KBLV	America/Chicago
BLX	LIDB	Europe/Rome
BLY	EIBT	Europe/Dublin
BLZ	FWCL	Africa/Blantyre
BMA	ESSB	Europe/Stockholm
BMB	FZFU	Africa/Kinshasa
BMC	KBMC	America/Denver
BMD	FMML	Indian/Antananarivo
BME	YBRM	Australia/Perth
BMF	FEGM	Africa/Bangui
BMG	KBMG	America/New_York
BMI	KBMI	America/Chicago
BMJ	SYBR	America/Guyana
BMK	EDWR	Europe/Berlin
BML	KBML	America/New_York
BMM	FOOB	Africa/Libreville
BMN	ORBB	Asia/Baghdad
BMO	VYBM	Asia/Yangon
BMP	YBPI	Australia/Brisbane
BMR	EDWZ	Europe/Berlin
BMS	SNBU	America/Bahia
BMT	KBMT	America/Chicago
BMU	WADB	Asia/Makassar
BMV	VVBM	Asia/Ho_Chi_Minh
BMW	DATM	Africa/Algiers
BMX	PABM	America/Anchorage
BMY	NWWC	Pacific/Noumea
BNA	KBNA	America/Chicago
BNB	FZGN	Africa/Kinshasa
BNC	FZNP	Africa/Lubumbashi
BND	OIKB	Asia/Tehran
BNE	YBBN	Australia/Brisbane
BNG	KBNG	America/Los_Angeles
BNI	DNBE	Africa/Lagos
BNJ	EDKB	Europe/Berlin
BNK	YBNA	Australia/Sydney
BNL	KBNL	America/New_York
BNN	ENBN	Europe/Oslo
BNO	KBNO	America/Los_Angeles
BNP	OPBN	Asia/Karachi
BNR	DFOB	Africa/Ouagadougou
BNS	SVBI	America/Caracas
BNU	SSBL	America/Sao_Paulo
BNW	KBNW	America/Chicago
BNX	LQBK	Europe/Sarajevo
BNY	AGGB	Pacific/Guadalcanal
BOA	FZAJ	Africa/Kinshasa
BOB	NTTB	Pacific/Tahiti
BOC	MPBO	America/Panama
BOD	LFBD	Europe/Paris
BOE	FCOB	Africa/Brazzaville
BOG	SKBO	America/Bogota
BOH	EGHH	Europe/London
BOI	KBOI	America/Boise
BOJ	LBBG	Europe/Sofia
BOK	KBOK	America/Los_Angeles
BOL	EGQB	Europe/London
BOM	VABB	Asia/Kolkata
BON	TNCB	America/Kralendijk
BOO	ENBO	Europe/Oslo
BOP	FEFO	Africa/Bangui
BOS	KBOS	America/New_York
BOU	LFLD	Europe/Paris
BOW	KBOW	America/New_York
BOX	YBRL	Australia/Darwin
BOY	DFOO	Africa/Ouagadougou
BOZ	FEGZ	Africa/Bangui
BPC	FKKV	Africa/Douala
BPE	ZBDH	Asia/Shanghai
BPF	AGBT	Pacific/Guadalcanal
BPG	SBBW	America/Campo_Grande
BPH	RPMF	Asia/Manila
BPI	KBPI	America/Denver
BPL	ZWBL	Asia/Shanghai
BPM	VOHY	Asia/Kolkata
BPN	WALL	Asia/Makassar
BPR	RPVW	Asia/Manila
BPS	SBPS	America/Bahia
BPT	KBPT	America/Chicago
BPX	ZUBD	Asia/Shanghai
BPY	FMNQ	Indian/Antananarivo
BQA	RPUR	Asia/Manila
BQB	YBLN	Australia/Perth
BQE	GGBU	Africa/Bissau
BQG	UHNB	Asia/Vladivostok
BQH	EGKB	Europe/London
BQK	KBQK	America/New_York
BQL	YBOU	Australia/Brisbane
BQN	TJBQ	America/Puerto_Rico
BQO	DIBN	Africa/Abidjan
BQQ	SNBX	America/Bahia
BQS	UHBB	Asia/Yakutsk
BQT	UMBB	Europe/Minsk
BQU	TVSB	America/St_Vincent
BQW	YBGO	Australia/Perth
BRA	SNBR	America/Fortaleza
BRB	SSRS	America/Fortaleza
BRC	SAZS	America/Argentina/Salta
BRD	KBRD	America/Chicago
BRE	EDDW	Europe/Berlin
BRI	LIBD	Europe/Rome
BRK	YBKE	Australia/Sydney
BRL	KBRL	America/Chicago
BRM	SVBM	America/Caracas
BRN	LSZB	Europe/Zurich
BRO	KBRO	America/Chicago
BRQ	LKTB	Europe/Prague
BRR	EGPR	Europe/London
BRS	EGGD	Europe/London
BRT	YBTI	Australia/Darwin
BRU	EBBR	Europe/Brussels
BRW	PABR	America/Anchorage
BRX	MDBH	America/Santo_Domingo
BRY	KBRY	America/New_York
BSA	HCMF	Africa/Mogadishu
BSB	SBBR	America/Sao_Paulo
BSC	SKBS	America/Bogota
BSD	ZPBS	Asia/Shanghai
BSE	WBGN	Asia/Kuching
BSF	PHSF	Pacific/Honolulu
BSG	FGBT	Africa/Malabo
BSJ	YBNS	Australia/Hobart
BSK	DAUB	Africa/Algiers
BSL	LFSB	Europe/Paris
BSM	OINJ	Asia/Tehran
BSN	FEFS	Africa/Bangui
BSO	RPUO	Asia/Manila
BSQ	KP04	America/Phoenix
BSR	ORMM	Asia/Baghdad
BSS	SNBS	America/Fortaleza
BST	OABT	Asia/Kabul
BSU	FZEN	Africa/Kinshasa
BSW	AK97	America/Anchorage
BSX	VYPN	Asia/Yangon
BSY	HCMD	Africa/Mogadishu
BSZ	UCFM	Asia/Bishkek
BTA	FKKO	Africa/Douala
BTB	FCOT	Africa/Brazzaville
BTC	VCCB	Asia/Colombo
BTD	YBRU	Australia/Darwin
BTE	GFBN	Africa/Freetown
BTF	KBTF	America/Denver
BTG	FEGF	Africa/Bangui
BTH	WIDD	Asia/Jakarta
BTI	PABA	America/Anchorage
BTJ	WITT	Asia/Jakarta
BTK	UIBB	Asia/Irkutsk
BTL	KBTL	America/Detroit
BTM	KBTM	America/Denver
BTN	KBBP	America/New_York
BTO	SMBO	America/Paramaribo
BTP	KBTP	America/New_York
BTQ	HRYI	Africa/Kigali
BTR	KBTR	America/Chicago
BTS	LZIB	Europe/Bratislava
BTT	PABT	America/Anchorage
BTU	WBGB	Asia/Kuching
BTV	KBTV	America/New_York
BTW	WAOC	Asia/Makassar
BTX	YBEO	Australia/Brisbane
BTY	KBTY	America/Los_Angeles
BTZ	LTBE	Europe/Istanbul
BUA	AYBK	Pacific/Port_Moresby
BUB	KBUB	America/Chicago
BUC	YBKT	Australia/Brisbane
BUD	LHBP	Europe/Budapest
BUF	KBUF	America/New_York
BUG	FNBG	Africa/Luanda
BUI	WAJB	Asia/Jayapura
BUJ	DAAD	Africa/Algiers
BUL	AYBU	Pacific/Port_Moresby
BUM	KBUM	America/Chicago
BUN	SKBU	America/Bogota
BUO	HCMV	Africa/Mogadishu
BUP	VIBT	Asia/Kolkata
BUQ	FVBU	Africa/Harare
BUR	KBUR	America/Los_Angeles
BUS	UGSB	Asia/Tbilisi
BUT	VQBT	Asia/Thimphu
BUW	WAWB	Asia/Makassar
BUX	FZKA	Africa/Lubumbashi
BUY	YBUN	Australia/Perth
BUZ	OIBB	Asia/Tehran
BVA	LFOB	Europe/Paris
BVB	SBBV	America/Boa_Vista
BVC	GVBA	Atlantic/Cape_Verde
BVE	LFSL	Europe/Paris
BVG	ENBV	Europe/Oslo
BVH	SBVH	America/Boa_Vista
BVI	YBDV	Australia/Brisbane
BVJ	USDB	Asia/Yekaterinburg
BVK	SLHJ	America/La_Paz
BVL	SLBA	America/La_Paz
BVM	SNBL	America/Bahia
BVO	KBVO	America/Chicago
BVR	GVBR	Atlantic/Cape_Verde
BVS	SNVS	America/Belem
BVU	PABG	America/Anchorage
BVV	UHSB	Asia/Vladivostok
BVX	KBVX	America/Chicago
BVY	KBVY	America/New_York
BVZ	YBYS	Australia/Perth
BWA	VNBW	Asia/Kathmandu
BWB	YBWX	Australia/Perth
BWC	KBWC	America/Los_Angeles
BWD	KBWD	America/Chicago
BWE	EDVE	Europe/Berlin
BWF	EGNL	Europe/London
BWG	KBWG	America/Chicago
BWH	WMKB	Asia/Kuala_Lumpur
BWI	KBWI	America/New_York
BWK	LDSB	Europe/Zagreb
BWL	KBKN	America/Chicago
BWN	WBSB	Asia/Brunei
BWO	UWSB	Europe/Saratov
BWQ	YBRW	Australia/Sydney
BWT	YWYY	Australia/Melbourne
BWU	YSBK	Australia/Sydney
BWW	MUBR	America/Havana
BXA	KBXA	America/Chicago
BXB	WASO	Asia/Jayapura
BXD	WAKE	Asia/Jayapura
BXE	GOTB	Africa/Dakar
BXF	YBEB	Australia/Perth
BXG	YBDG	Australia/Hobart
BXH	UAAH	Asia/Qyzylorda
BXI	DIBI	Africa/Abidjan
BXJ	UAAR	Asia/Almaty
BXK	KBXK	America/Phoenix
BXN	LTBV	Europe/Istanbul
BXO	LSZC	Europe/Zurich
BXR	OIKM	Asia/Tehran
BXS	KL08	America/Los_Angeles
BXT	WRLC	Asia/Makassar
BXU	RPME	Asia/Manila
BXV	BIBV	Atlantic/Reykjavik
BXY	UAOL	Asia/Almaty
BYA	KBYA	America/Anchorage
BYC	SLYA	America/La_Paz
BYD	OYBI	Asia/Aden
BYF	LFAQ	Europe/Paris
BYG	KBYG	America/Denver
BYH	KBYH	America/Chicago
BYI	KBYI	America/Boise
BYJ	LPBJ	Europe/Lisbon
BYK	DIBK	Africa/Abidjan
BYM	MUBY	America/Havana
BYN	ZMBH	Asia/Ulaanbaatar
BYO	SBDB	America/Campo_Grande
BYP	YBRY	Australia/Perth
BYR	EKLS	Europe/Copenhagen
BYS	KBYS	America/Los_Angeles
BYT	EIBN	Europe/Dublin
BYU	EDQD	Europe/Berlin
BYW	38WA	America/Los_Angeles
BZA	MNBZ	America/Managua
BZC	SBBZ	America/Sao_Paulo
BZD	YBRN	Australia/Sydney
BZE	MZBZ	America/Belize
BZF	KO85	America/Los_Angeles
BZG	EPBY	Europe/Warsaw
BZI	LTBF	Europe/Istanbul
BZK	UUBP	Europe/Moscow
BZL	VGBR	Asia/Dhaka
BZN	KBZN	America/Denver
BZO	LIPB	Europe/Rome
BZP	YBIZ	Australia/Brisbane
BZR	LFMU	Europe/Paris
BZT	2TE0	America/Chicago
BZU	FZKJ	Africa/Lubumbashi
BZV	FCBB	Africa/Brazzaville
BZX	ZUBZ	Asia/Shanghai
BZY	LUBL	Europe/Chisinau
BZZ	EGVN	Europe/London
CAA	MHCA	America/Tegucigalpa
CAB	FNCA	Africa/Luanda
CAC	SBCA	America/Sao_Paulo
CAD	KCAD	America/Detroit
CAE	KCAE	America/New_York
CAF	SWCA	America/Boa_Vista
CAG	LIEE	Europe/Rome
CAH	VVCM	Asia/Ho_Chi_Minh
CAI	HECA	Africa/Cairo
CAJ	SVCN	America/Caracas
CAK	KCAK	America/New_York
CAL	EGEC	Europe/London
CAM	SLCA	America/La_Paz
CAN	ZGGG	Asia/Shanghai
CAO	KCAO	America/Denver
CAP	MTCH	America/Port-au-Prince
CAQ	SKCU	America/Bogota
CAR	KCAR	America/New_York
CAT	LPCS	Europe/Lisbon
CAU	SNRU	America/Fortaleza
CAV	FNCZ	Africa/Luanda
CAW	SBCP	America/Sao_Paulo
CAX	EGNC	Europe/London
CAY	SOCA	America/Cayenne
CAZ	YCBA	Australia/Sydney
CBB	SLCB	America/La_Paz
CBD	VOCX	Asia/Kolkata
CBE	KCBE	America/New_York
CBF	KCBF	America/Chicago
CBG	EGSC	Europe/London
CBH	DAOR	Africa/Algiers
CBI	YCBN	Australia/Hobart
CBJ	MDCR	America/Santo_Domingo
CBK	KCBK	America/Chicago
CBL	SVCB	America/Caracas
CBM	KCBM	America/Chicago
CBN	WICD	Asia/Jakarta
CBO	RPMC	Asia/Manila
CBQ	DNCA	Africa/Lagos
CBR	YSCB	Australia/Sydney
CBS	SVON	America/Caracas
CBT	FNCT	Africa/Luanda
CBU	EDCD	Europe/Berlin
CBV	MGCB	America/Guatemala
CBW	SSKM	America/Sao_Paulo
CBX	YCDO	Australia/Sydney
CBY	YCBE	Australia/Brisbane
CCB	KCCB	America/Los_Angeles
CCC	MUCC	America/Havana
CCE	HECP	Africa/Cairo
CCF	LFMK	Europe/Paris
CCG	KE13	America/Chicago
CCH	SCCC	America/Santiago
CCI	SSCK	America/Sao_Paulo
CCJ	VOCL	Asia/Kolkata
CCK	YPCC	Indian/Cocos
CCL	YCCA	Australia/Brisbane
CCM	SBCM	America/Sao_Paulo
CCN	OACC	Asia/Kabul
CCO	SKCI	America/Bogota
CCP	SCIE	America/Santiago
CCR	KCCR	America/Los_Angeles
CCS	SVMI	America/Caracas
CCT	SA30	America/Argentina/Salta
CCU	VECC	Asia/Kolkata
CCV	NVSF	Pacific/Efate
CCW	YCWL	Australia/Adelaide
CCX	SWKC	America/Cuiaba
CCY	KCCY	America/Chicago
CCZ	MYBC	America/Nassau
CDA	YCOO	Australia/Darwin
CDB	PACD	America/Anchorage
CDC	KCDC	America/Denver
CDD	MHCU	America/Tegucigalpa
CDE	ZBCD	Asia/Shanghai
CDG	LFPG	Europe/Paris
CDH	KCDH	America/Chicago
CDI	SNKI	America/Sao_Paulo
CDJ	SBAA	America/Belem
CDK	KCDK	America/New_York
CDL	AK75	America/Anchorage
CDN	KCDN	America/New_York
CDO	FACD	Africa/Johannesburg
CDP	VOCP	Asia/Kolkata
CDQ	YCRY	Australia/Brisbane
CDR	KCDR	America/Denver
CDS	KCDS	America/Chicago
CDT	LECH	Europe/Madrid
CDU	YSCN	Australia/Sydney
CDV	PACV	America/Anchorage
CDW	KCDW	America/New_York
CDY	RPMU	Asia/Manila
CEA	KCEA	America/Chicago
CEB	RPVM	Asia/Manila
CEC	KCEC	America/Los_Angeles
CED	YCDU	Australia/Adelaide
CEE	ULWC	Europe/Moscow
CEF	KCEF	America/New_York
CEG	EGNR	Europe/London
CEH	FWCD	Africa/Blantyre
CEI	VTCT	Asia/Bangkok
CEK	USCC	Asia/Yekaterinburg
CEL	SSCN	America/Sao_Paulo
CEM	PACE	America/Anchorage
CEN	MMCN	America/Hermosillo
CEO	FNWK	Africa/Luanda
CEP	SLCP	America/La_Paz
CEQ	LFMD	Europe/Paris
CER	LFRC	Europe/Paris
CES	YCNK	Australia/Sydney
CET	LFOU	Europe/Paris
CEU	KCEU	America/New_York
CEV	KCEV	America/Indiana/Indianapolis
CEW	KCEW	America/Chicago
CEX	AK13	America/Anchorage
CEY	KCEY	America/Chicago
CEZ	KCEZ	America/Denver
CFB	SBCB	America/Sao_Paulo
CFC	SBCD	America/Sao_Paulo
CFD	KCFD	America/Chicago
CFE	LFLC	Europe/Paris
CFF	FNCF	Africa/Luanda
CFG	MUCF	America/Havana
CFH	YCFH	Australia/Adelaide
CFI	YCFD	Australia/Darwin
CFK	DAOI	Africa/Algiers
CFN	EIDL	Europe/Dublin
CFO	SJHG	America/Campo_Grande
CFQ	CAJ3	America/Creston
CFR	LFRK	Europe/Paris
CFS	YSCH	Australia/Sydney
CFT	KCFT	America/Phoenix
CFU	LGKR	Europe/Athens
CFV	KCFV	America/Chicago
CGA	KCGA	America/Anchorage
CGB	SBCY	America/Cuiaba
CGC	AYCG	Pacific/Port_Moresby
CGD	ZGCD	Asia/Shanghai
CGE	KCGE	America/New_York
CGF	KCGF	America/New_York
CGH	SBSP	America/Sao_Paulo
CGI	KCGI	America/Chicago
CGJ	FLKE	Africa/Lusaka
CGK	WIII	Asia/Jakarta
CGL	SPGL	America/Lima
CGM	RPMH	Asia/Manila
CGN	EDDK	Europe/Berlin
CGO	ZHCC	Asia/Shanghai
CGP	VGEG	Asia/Dhaka
CGQ	ZYCC	Asia/Shanghai
CGR	SBCG	America/Campo_Grande
CGS	KCGS	America/New_York
CGV	YCAG	Australia/Perth
CGY	RPMY	Asia/Manila
CGZ	KCGZ	America/Phoenix
CHA	KCHA	America/New_York
CHB	OPCL	Asia/Karachi
CHC	NZCH	Pacific/Auckland
CHF	RKPE	Asia/Seoul
CHG	ZYCY	Asia/Shanghai
CHH	SPPY	America/Lima
CHJ	FVCH	Africa/Harare
CHK	KCHK	America/Chicago
CHL	KLLJ	America/Boise
CHM	SPEO	America/Lima
CHO	KCHO	America/New_York
CHP	KCHP	America/Anchorage
CHQ	LGSA	Europe/Athens
CHR	LFLX	Europe/Paris
CHS	KCHS	America/New_York
CHT	NZCI	Pacific/Chatham
CHU	PACH	America/Anchorage
CHX	MPCH	America/Panama
CHY	AGGC	Pacific/Guadalcanal
CHZ	K2S7	America/Los_Angeles
CIA	LIRA	Europe/Rome
CIC	KCIC	America/Los_Angeles
CID	KCID	America/Chicago
CIE	YCOI	Australia/Perth
CIF	ZBCF	Asia/Shanghai
CIG	KCAG	America/Denver
CIH	ZBCZ	Asia/Shanghai
CII	LTBD	Europe/Istanbul
CIJ	SLCO	America/La_Paz
CIK	PACI	America/Anchorage
CIL	KK29	America/Nome
CIM	SKCM	America/Bogota
CIN	KCIN	America/Chicago
CIO	SGCO	America/Asuncion
CIP	FLCP	Africa/Lusaka
CIQ	MGCQ	America/Guatemala
CIR	KCIR	America/Chicago
CIS	PCIS	Pacific/Enderbury
CIT	UAII	Asia/Almaty
CIU	KCIU	America/New_York
CIW	TVSC	America/St_Vincent
CIX	SPHI	America/Lima
CIY	LICB	Europe/Rome
CIZ	SWKO	America/Boa_Vista
CJA	SPJR	America/Lima
CJB	VOCB	Asia/Kolkata
CJC	SCCF	America/Santiago
CJF	YCWA	Australia/Perth
CJJ	RKTU	Asia/Seoul
CJL	OPCH	Asia/Karachi
CJM	VTSE	Asia/Bangkok
CJS	MMCS	America/Mazatlan
CJT	MMCO	America/Mexico_City
CJU	RKPC	Asia/Seoul
CKA	KCKA	America/Chicago
CKB	KCKB	America/New_York
CKC	UKKE	Europe/Kyiv
CKD	PACJ	America/Anchorage
CKE	K1O2	America/Los_Angeles
CKG	ZUCK	Asia/Shanghai
CKH	UESO	Asia/Srednekolymsk
CKI	YCKI	Australia/Darwin
CKK	KCVK	America/Chicago
CKL	UUMU	Europe/Moscow
CKM	KCKM	America/Chicago
CKN	KCKN	America/Chicago
CKO	SSCP	America/Sao_Paulo
CKS	SBCJ	America/Araguaina
CKT	OIMC	Asia/Tehran
CKU	KCKU	America/Anchorage
CKV	KCKV	America/Chicago
CKW	YCHK	Australia/Perth
CKX	PAAY	America/Anchorage
CKY	GUCY	Africa/Conakry
CKZ	LTBH	Europe/Istanbul
CLD	KCRQ	America/Los_Angeles
CLE	KCLE	America/New_York
CLG	KC80	America/Los_Angeles
CLH	YCAH	Australia/Sydney
CLI	KCLI	America/Chicago
CLJ	LRCL	Europe/Bucharest
CLK	KCLK	America/Chicago
CLL	KCLL	America/Chicago
CLM	KCLM	America/Los_Angeles
CLN	SBCI	America/Araguaina
CLO	SKCL	America/Bogota
CLP	PFCL	America/Anchorage
CLQ	MMIA	America/Mexico_City
CLR	KCLR	America/Los_Angeles
CLS	KCLS	America/Los_Angeles
CLT	KCLT	America/New_York
CLU	KBAK	America/Indiana/Indianapolis
CLV	SBCN	America/Sao_Paulo
CLW	KCLW	America/New_York
CLX	SATC	America/Argentina/Cordoba
CLY	LFKC	Europe/Paris
CLZ	SVCL	America/Caracas
CMA	YCMU	Australia/Brisbane
CMB	VCBI	Asia/Colombo
CMC	SNWC	America/Fortaleza
CMD	YCTM	Australia/Sydney
CME	MMCE	America/Mexico_City
CMF	LFLB	Europe/Paris
CMG	SBCR	America/Campo_Grande
CMH	KCMH	America/New_York
CMI	KCMI	America/Chicago
CMJ	RCCM	Asia/Taipei
CMK	FWCM	Africa/Blantyre
CML	YCMW	Australia/Brisbane
CMM	MGCR	America/Guatemala
CMN	GMMN	Africa/Casablanca
CMO	HCMO	Africa/Mogadishu
CMP	SNKE	America/Belem
CMQ	YCMT	Australia/Brisbane
CMR	LFGA	Europe/Paris
CMS	HCMS	Africa/Mogadishu
CMU	AYCH	Pacific/Port_Moresby
CMV	NZCX	Pacific/Auckland
CMW	MUCM	America/Havana
CMX	KCMX	America/New_York
CMY	KCMY	America/Chicago
CNA	MMCA	America/Hermosillo
CNB	YCNM	Australia/Sydney
CNC	YCCT	Australia/Brisbane
CND	LRCK	Europe/Bucharest
CNE	K1V6	America/Denver
CNF	SBCF	America/Sao_Paulo
CNG	LFBG	Europe/Paris
CNH	KCNH	America/New_York
CNI	ZYCH	Asia/Shanghai
CNJ	YCCY	Australia/Brisbane
CNK	KCNK	America/Chicago
CNL	EKSN	Europe/Copenhagen
CNM	KCNM	America/Denver
CNN	VOKN	Asia/Kolkata
CNO	KCNO	America/Los_Angeles
CNP	BGCO	America/Scoresbysund
CNQ	SARC	America/Argentina/Cordoba
CNR	SCRA	America/Santiago
CNS	YBCS	Australia/Brisbane
CNU	KCNU	America/Chicago
CNV	SNED	America/Bahia
CNW	KCNW	America/Chicago
CNX	VTCC	Asia/Bangkok
CNY	KCNY	America/Denver
COA	KO22	America/Los_Angeles
COC	SAAC	America/Argentina/Cordoba
COD	KCOD	America/Denver
COE	KCOE	America/Los_Angeles
COF	KCOF	America/New_York
COG	SKCD	America/Bogota
COH	VECO	Asia/Kolkata
COI	KCOI	America/New_York
COJ	YCBB	Australia/Sydney
COK	VOCI	Asia/Kolkata
COL	EGEL	Europe/London
COM	KCOM	America/Chicago
CON	KCON	America/New_York
COO	DBBB	Africa/Porto-Novo
COP	KK23	America/New_York
COQ	ZMCD	Asia/Ulaanbaatar
COR	SACO	America/Argentina/Cordoba
COS	KCOS	America/Denver
COT	KCOT	America/Chicago
COU	KCOU	America/Chicago
COV	LTDB	Europe/Istanbul
COW	SCCQ	America/Santiago
COX	MYAK	America/Nassau
COY	YCWY	Australia/Perth
COZ	MDCZ	America/Santo_Domingo
CPB	SKCA	America/Bogota
CPC	SAZY	America/Argentina/Salta
CPD	YCBP	Australia/Adelaide
CPE	MMCP	America/Merida
CPF	WARC	Asia/Jakarta
CPH	EKCH	Europe/Copenhagen
CPL	SKHA	America/Bogota
CPM	KCPM	America/Los_Angeles
CPO	SCAT	America/Santiago
CPP	SCKP	America/Santiago
CPQ	SDAM	America/Sao_Paulo
CPR	KCPR	America/Denver
CPS	KCPS	America/Chicago
CPT	FACT	Africa/Johannesburg
CPU	SNCU	America/Fortaleza
CPV	SBKG	America/Fortaleza
CPX	TJCP	America/Puerto_Rico
CQA	SWEK	America/Cuiaba
CQD	OIFS	Asia/Tehran
CQF	LFAC	Europe/Paris
CQM	LERL	Europe/Madrid
CQS	SWCQ	America/Porto_Velho
CQW	ZUWL	Asia/Shanghai
CRA	LRCV	Europe/Bucharest
CRB	YCBR	Australia/Sydney
CRC	SKGO	America/Bogota
CRD	SAVC	America/Argentina/Catamarca
CRE	KCRE	America/New_York
CRF	FEFC	Africa/Bangui
CRG	KCRG	America/New_York
CRI	MYCI	America/Nassau
CRK	RPLC	Asia/Manila
CRL	EBCI	Europe/Brussels
CRM	RPVF	Asia/Manila
CRP	KCRP	America/Chicago
CRQ	SBCV	America/Bahia
CRR	SANW	America/Argentina/Cordoba
CRS	KCRS	America/Chicago
CRT	KCRT	America/Chicago
CRU	TGPZ	America/Grenada
CRV	LIBC	Europe/Rome
CRW	KCRW	America/New_York
CRX	KCRX	America/Chicago
CRZ	UTAV	Asia/Ashgabat
CSA	EGEY	Europe/London
CSB	LRCS	Europe/Bucharest
CSC	MRMJ	America/Costa_Rica
CSE	0CO2	America/Denver
CSF	LFPC	Europe/Paris
CSG	KCSG	America/New_York
CSH	ULAS	Europe/Moscow
CSI	YCAS	Australia/Sydney
CSK	GOGS	Africa/Dakar
CSM	KCSM	America/Chicago
CSN	KCXP	America/Los_Angeles
CSO	EDBC	Europe/Berlin
CSQ	KCSQ	America/Chicago
CSS	SSCL	America/Campo_Grande
CSU	SSSC	America/Sao_Paulo
CSV	KCSV	America/Chicago
CSW	MMSL	America/Mazatlan
CSX	ZGHA	Asia/Shanghai
CSY	UWKS	Europe/Moscow
CSZ	SAZC	America/Argentina/Buenos_Aires
CTA	LICC	Europe/Rome
CTB	KCTB	America/Denver
CTC	SANC	America/Argentina/Catamarca
CTD	MPCE	America/Panama
CTF	MGCT	America/Guatemala
CTG	SKCG	America/Bogota
CTH	KMQS	America/New_York
CTI	FNCV	Africa/Luanda
CTK	KCTK	America/Chicago
CTL	YBCV	Australia/Brisbane
CTM	MMCM	America/Cancun
CTN	YCKN	Australia/Brisbane
CTO	3NY8	America/New_York
CTP	SNCP	America/Fortaleza
CTQ	SSVP	America/Sao_Paulo
CTS	RJCC	Asia/Tokyo
CTT	LFMQ	Europe/Paris
CTU	ZUUU	Asia/Shanghai
CTW	KP52	America/Phoenix
CTX	KN03	America/New_York
CTY	KCTY	America/New_York
CTZ	KCTZ	America/New_York
CUA	MMDA	America/Mazatlan
CUB	KCUB	America/New_York
CUC	SKCC	America/Bogota
CUD	YCDR	Australia/Brisbane
CUE	SECU	America/Guayaquil
CUF	LIMZ	Europe/Rome
CUG	YCUA	Australia/Sydney
CUH	KCUH	America/Chicago
CUK	MZCK	America/Belize
CUL	MMCL	America/Mazatlan
CUM	SVCU	America/Caracas
CUN	MMUN	America/Cancun
CUO	SKCR	America/Bogota
CUP	SVCP	America/Caracas
CUQ	YCOE	Australia/Brisbane
CUR	TNCC	America/Curacao
CUS	0NM0	America/Denver
CUT	SAZW	America/Argentina/Salta
CUU	MMCU	America/Mazatlan
CUV	SVCG	America/Caracas
CUY	YCUE	Australia/Perth
CUZ	SPZO	America/Lima
CVC	YCEE	Australia/Adelaide
CVE	SKCV	America/Bogota
CVF	LFLJ	Europe/Paris
CVG	KCVG	America/New_York
CVH	SAHE	America/Argentina/Salta
CVJ	MMCB	America/Mexico_City
CVM	MMCV	America/Monterrey
CVN	KCVN	America/Denver
CVO	KCVO	America/Los_Angeles
CVQ	YCAR	Australia/Perth
CVS	KCVS	America/Denver
CVT	EGBE	Europe/London
CVU	LPCR	Atlantic/Azores
CWA	KCWA	America/Chicago
CWB	SBCT	America/Sao_Paulo
CWC	UKLN	Europe/Uzhgorod
CWF	KCWF	America/Chicago
CWI	KCWI	America/Chicago
CWK	VECT	Asia/Kolkata
CWL	EGFF	Europe/London
CWR	YCWI	Australia/Adelaide
CWS	78WA	America/Los_Angeles
CWT	YCWR	Australia/Sydney
CWW	YCOR	Australia/Sydney
CWX	KP33	America/Phoenix
CXA	SVCD	America/Caracas
CXB	VGCB	Asia/Dhaka
CXC	PAAX	America/Anchorage
CXF	PACX	America/Anchorage
CXH	CYHC	America/Vancouver
CXI	PLCH	Pacific/Kiritimati
CXJ	SBCX	America/Sao_Paulo
CXL	KCXL	America/Los_Angeles
CXN	HCMC	Africa/Mogadishu
CXO	KCXO	America/Chicago
CXP	WIHL	Asia/Jakarta
CXQ	YCRK	Australia/Perth
CXR	VVCR	Asia/Ho_Chi_Minh
CXT	YCHT	Australia/Brisbane
CXY	MYCC	America/Nassau
CYA	MTCA	America/Port-au-Prince
CYB	MWCB	America/Cayman
CYF	PACK	America/Anchorage
CYG	YCRG	Australia/Melbourne
CYI	RCKU	Asia/Taipei
CYL	MHCS	America/Tegucigalpa
CYO	MUCL	America/Havana
CYP	RPVC	Asia/Manila
CYR	SUCA	America/Montevideo
CYS	KCYS	America/Denver
CYT	0AA1	America/Anchorage
CYU	RPLO	Asia/Manila
CYW	MMCY	America/Mexico_City
CYX	UESS	Asia/Srednekolymsk
CYZ	RPUY	Asia/Manila
CZA	MMCT	America/Mexico_City
CZC	KZ93	America/Anchorage
CZE	SVCR	America/Caracas
CZF	PACZ	America/Anchorage
CZK	KCZK	America/Los_Angeles
CZL	DABC	Africa/Algiers
CZM	MMCZ	America/Cancun
CZN	KCZN	America/Anchorage
CZO	KCZO	America/Anchorage
CZS	SBCZ	America/Eirunepe
CZT	KCZT	America/Chicago
CZU	SKCZ	America/Bogota
CZX	ZSCG	Asia/Shanghai
CZY	YUNY	Australia/Brisbane
DAA	KDAA	America/New_York
DAB	KDAB	America/New_York
DAC	VGHS	Asia/Dhaka
DAD	VVDN	Asia/Ho_Chi_Minh
DAG	KDAG	America/Los_Angeles
DAK	HEDK	Africa/Cairo
DAL	KDAL	America/Chicago
DAM	OSDI	Asia/Damascus
DAN	KDAN	America/New_York
DAO	AYDA	Pacific/Port_Moresby
DAR	HTDA	Africa/Dar_es_Salaam
DAS	CFF4	America/Yellowknife
DAT	ZBDT	Asia/Shanghai
DAU	AYDU	Pacific/Port_Moresby
DAV	MPDA	America/Panama
DAY	KDAY	America/New_York
DAZ	OADZ	Asia/Kabul
DBA	OPDB	Asia/Karachi
DBB	HEAL	Africa/Cairo
DBD	VEDB	Asia/Kolkata
DBM	HADM	Africa/Addis_Ababa
DBN	KDBN	America/New_York
DBO	YSDU	Australia/Sydney
DBP	AYDB	Pacific/Port_Moresby
DBQ	KDBQ	America/Chicago
DBR	VEDH	Asia/Kolkata
DBS	KU41	America/Boise
DBT	HADT	Africa/Addis_Ababa
DBV	LDDU	Europe/Zagreb
DBY	YDAY	Australia/Brisbane
DCA	KDCA	America/New_York
DCF	TDCF	America/Dominica
DCI	LIED	Europe/Rome
DCK	PODC	America/Anchorage
DCM	LFCK	Europe/Paris
DCN	YCIN	Australia/Perth
DCT	MYRD	America/Nassau
DCU	KDCU	America/Chicago
DCY	ZUDC	Asia/Shanghai
DDC	KDDC	America/Chicago
DDD	VRMU	Indian/Maldives
DDG	ZYDD	Asia/Shanghai
DDN	YDLT	Australia/Brisbane
DDR	ZUDR	Asia/Shanghai
DDU	OPDD	Asia/Karachi
DEA	OPDG	Asia/Karachi
DEB	LHDC	Europe/Budapest
DEC	KDEC	America/Chicago
DED	VIDN	Asia/Kolkata
DEE	UHSM	Asia/Vladivostok
DEF	OIAD	Asia/Tehran
DEH	KDEH	America/Chicago
DEI	FSSD	Indian/Mahe
DEJ	_DEJ	Asia/Shanghai
DEL	VIDP	Asia/Kolkata
DEM	HADD	Africa/Addis_Ababa
DEN	KDEN	America/Denver
DEP	VEDZ	Asia/Kolkata
DEQ	_DEQ	Asia/Shanghai
DER	AYDE	Pacific/Port_Moresby
DES	FSDR	Indian/Mahe
DET	KDET	America/Detroit
DEZ	OSDZ	Asia/Damascus
DFI	KDFI	America/New_York
DFP	YDDF	Australia/Brisbane
DFW	KDFW	America/Chicago
DGA	MZPB	America/Belize
DGD	YDGA	Australia/Perth
DGE	YMDG	Australia/Sydney
DGF	CAL3	America/Vancouver
DGH	VEDO	Asia/Kolkata
DGL	KDGL	America/Phoenix
DGN	KNDY	America/New_York
DGO	MMDO	America/Monterrey
DGR	NZDA	Pacific/Auckland
DGT	RPVD	Asia/Manila
DGU	DFOD	Africa/Ouagadougou
DGW	KDGW	America/Denver
DHD	YDRH	Australia/Brisbane
DHF	OMAM	Asia/Dubai
DHH	ZWLK	Asia/Shanghai
DHI	VNDH	Asia/Kathmandu
DHM	VIGG	Asia/Kolkata
DHN	KDHN	America/Chicago
DHR	EHKD	Europe/Amsterdam
DHT	KDHT	America/Chicago
DIA	OTBD	Asia/Qatar
DIB	VEMN	Asia/Kolkata
DIE	FMNA	Indian/Antananarivo
DIG	ZPDQ	Asia/Shanghai
DIJ	LFSD	Europe/Paris
DIK	KDIK	America/Denver
DIL	WPDL	Asia/Dili
DIM	DIDK	Africa/Abidjan
DIN	VVDB	Asia/Ho_Chi_Minh
DIP	DFED	Africa/Ouagadougou
DIQ	SNDV	America/Sao_Paulo
DIR	HADR	Africa/Addis_Ababa
DIS	FCPD	Africa/Brazzaville
DIU	VA1P	Asia/Kolkata
DIY	LTCC	Europe/Istanbul
DJA	DBBD	Africa/Porto-Novo
DJB	WIPA	Asia/Jakarta
DJE	DTTJ	Africa/Tunis
DJG	DAAJ	Africa/Algiers
DJJ	WAJJ	Asia/Jayapura
DJM	FCBD	Africa/Brazzaville
DJN	KD66	America/Anchorage
DJO	DIDL	Africa/Abidjan
DJU	BIDV	Atlantic/Reykjavik
DKI	YDKI	Australia/Brisbane
DKK	KDKK	America/New_York
DKR	GOOY	Africa/Dakar
DKS	UODD	Asia/Krasnoyarsk
DKV	YDVR	Australia/Darwin
DLA	FKKD	Africa/Douala
DLC	ZYTL	Asia/Shanghai
DLE	LFGJ	Europe/Paris
DLF	KDLF	America/Chicago
DLG	PADL	America/Anchorage
DLH	KDLH	America/Chicago
DLI	VVDL	Asia/Ho_Chi_Minh
DLK	YDLK	Australia/Adelaide
DLL	KDLC	America/New_York
DLM	LTBS	Europe/Istanbul
DLN	KDLN	America/Denver
DLS	KDLS	America/Los_Angeles
DLU	ZPDL	Asia/Shanghai
DLV	YDLV	Australia/Darwin
DLY	NVVD	Pacific/Efate
DLZ	ZMDZ	Asia/Ulaanbaatar
DMA	KDMA	America/Phoenix
DMB	UADD	Asia/Qyzylorda
DMD	YDMG	Australia/Brisbane
DME	UUDD	Europe/Moscow
DMK	VTBD	Asia/Bangkok
DMM	OEDF	Asia/Riyadh
DMN	KDMN	America/Denver
DMO	KDMO	America/Chicago
DMT	SWDM	America/Campo_Grande
DMU	VEMR	Asia/Kolkata
DNA	RODN	Asia/Tokyo
DNB	YDBR	Australia/Brisbane
DND	EGPN	Europe/London
DNH	ZLDH	Asia/Shanghai
DNK	UKDD	Europe/Kyiv
DNL	KDNL	America/New_York
DNN	KDNN	America/New_York
DNO	SWDN	America/Araguaina
DNP	VNDG	Asia/Kathmandu
DNQ	YDLQ	Australia/Sydney
DNR	LFRD	Europe/Paris
DNS	KDNS	America/Chicago
DNV	KDNV	America/Chicago
DNX	HSGG	Africa/Khartoum
DNZ	LTAY	Europe/Istanbul
DOB	WAPD	Asia/Jayapura
DOD	HTDO	Africa/Dar_es_Salaam
DOE	SMDJ	America/Paramaribo
DOG	HSDN	Africa/Khartoum
DOH	OTHH	Asia/Qatar
DOK	UKCC	Europe/Kyiv
DOL	LFRG	Europe/Paris
DOM	TDPD	America/Dominica
DON	MGDL	America/Guatemala
DOP	VNDP	Asia/Kathmandu
DOR	DFEE	Africa/Ouagadougou
DOU	SSDO	America/Campo_Grande
DOV	KDOV	America/New_York
DOX	YDRA	Australia/Perth
DOY	ZSDY	Asia/Shanghai
DPA	KDPA	America/Chicago
DPB	SCBI	America/Punta_Arenas
DPE	LFAB	Europe/Paris
DPG	KDPG	America/Denver
DPL	RPMG	Asia/Manila
DPO	YDPO	Australia/Melbourne
DPS	WADD	Asia/Makassar
DQA	ZYDQ	Asia/Shanghai
DQM	OODQ	Asia/Muscat
DRA	NV65	America/Los_Angeles
DRB	YDBY	Australia/Perth
DRD	YDOR	Australia/Brisbane
DRE	KDRM	America/New_York
DRF	3AK5	America/Anchorage
DRG	PADE	America/Anchorage
DRI	KDRI	America/Chicago
DRJ	SMDA	America/Paramaribo
DRK	MRDK	America/Costa_Rica
DRN	YDBI	Australia/Brisbane
DRO	KDRO	America/Denver
DRP	RPLK	Asia/Manila
DRR	YDRI	Australia/Brisbane
DRS	EDDC	Europe/Berlin
DRT	KDRT	America/Chicago
DRU	KM26	America/Denver
DRV	VRMD	Indian/Maldives
DRW	YPDN	Australia/Darwin
DRY	YDRD	Australia/Perth
DSC	FKKS	Africa/Douala
DSD	TFFA	America/Guadeloupe
DSE	HADC	Africa/Addis_Ababa
DSI	KDTS	America/Chicago
DSK	OPDI	Asia/Karachi
DSM	KDSM	America/Chicago
DSN	ZBDS	Asia/Shanghai
DSO	ZKSD	Asia/Pyongyang
DSS	GOBD	Africa/Dakar
DSV	KDSV	America/New_York
DTA	KDTA	America/Denver
DTB	WIMN	Asia/Jakarta
DTD	WALJ	Asia/Makassar
DTE	RPUD	Asia/Manila
DTH	KL06	America/Los_Angeles
DTI	SNDT	America/Sao_Paulo
DTL	KDTL	America/Chicago
DTM	EDLW	Europe/Berlin
DTN	KDTN	America/Chicago
DTR	WN07	America/Los_Angeles
DTW	KDTW	America/New_York
DUA	KDUA	America/Chicago
DUB	EIDW	Europe/Dublin
DUC	KDUC	America/Chicago
DUD	NZDN	Pacific/Auckland
DUE	FNDU	Africa/Luanda
DUF	7NC2	America/New_York
DUG	KDUG	America/Phoenix
DUJ	KDUJ	America/New_York
DUK	FADK	Africa/Johannesburg
DUM	WIBD	Asia/Jakarta
DUQ	CAM3	America/Vancouver
DUR	FALE	Africa/Johannesburg
DUS	EDDL	Europe/Berlin
DUT	PADU	America/Anchorage
DVK	CDK2	America/Yellowknife
DVL	KDVL	America/Chicago
DVN	KDVN	America/Chicago
DVO	RPMD	Asia/Manila
DVP	YDPD	Australia/Brisbane
DVR	YDMN	Australia/Darwin
DVT	KDVT	America/Phoenix
DWB	FMNO	Indian/Antananarivo
DWC	OMDW	Asia/Dubai
DWD	OEDM	Asia/Riyadh
DWH	KDWH	America/Chicago
DXB	OMDB	Asia/Dubai
DXD	YDIX	Australia/Brisbane
DXE	KMBO	America/Chicago
DXJ	ZGXX	Asia/Shanghai
DXN	VIND	Asia/Kolkata
DXR	KDXR	America/New_York
DYA	YDYS	Australia/Brisbane
DYG	ZGDY	Asia/Shanghai
DYL	KDYL	America/New_York
DYR	UHMA	Asia/Anadyr
DYS	KDYS	America/Chicago
DYU	UTDD	Asia/Dushanbe
DYW	YDLW	Australia/Darwin
DZA	FMCZ	Indian/Mayotte
DZH	ZUDA	Asia/Shanghai
DZN	UAKD	Asia/Almaty
DZO	SUDU	America/Montevideo
EAA	PAEG	America/Anchorage
EAB	OYAB	Asia/Aden
EAE	NVSE	Pacific/Efate
EAM	OENG	Asia/Riyadh
EAN	KEAN	America/Denver
EAR	KEAR	America/Chicago
EAS	LESO	Europe/Madrid
EAT	KEAT	America/Los_Angeles
EAU	KEAU	America/Chicago
EAX	SMEG	America/Paramaribo
EBA	LIRJ	Europe/Rome
EBB	HUEN	Africa/Kampala
EBD	HSOB	Africa/Khartoum
EBG	SKEB	America/Bogota
EBH	DAOY	Africa/Algiers
EBJ	EKEB	Europe/Copenhagen
EBL	ORER	Asia/Baghdad
EBM	DTTR	Africa/Tunis
EBS	KEBS	America/Chicago
EBU	LFMH	Europe/Paris
EBW	FKKW	Africa/Douala
ECA	K6D9	America/New_York
ECG	KECG	America/New_York
ECH	YECH	Australia/Melbourne
ECN	LCEN	Asia/Nicosia
ECP	KECP	America/Chicago
ECS	KECS	America/Denver
EDB	HSDB	Africa/Khartoum
EDC	KEDC	America/Chicago
EDE	KEDE	America/New_York
EDF	PAED	America/Anchorage
EDI	EGPH	Europe/London
EDK	KEQA	America/Chicago
EDL	HKEL	Africa/Nairobi
EDM	LFRI	Europe/Paris
EDO	LTFD	Europe/Istanbul
EDR	YPMP	Australia/Brisbane
EDW	KEDW	America/Los_Angeles
EED	KEED	America/Los_Angeles
EEK	PAEE	America/Anchorage
EEN	KEEN	America/New_York
EFD	KEFD	America/Chicago
EFK	KEFK	America/New_York
EFL	LGKF	Europe/Athens
EFW	KEFW	America/Chicago
EGC	LFBE	Europe/Paris
EGE	KEGE	America/Denver
EGI	KEGI	America/Chicago
EGM	AGGS	Pacific/Guadalcanal
EGN	HSGN	Africa/Khartoum
EGO	UUOB	Europe/Moscow
EGP	K5T9	America/Chicago
EGS	BIEG	Atlantic/Reykjavik
EGV	KEGV	America/Chicago
EGX	PAII	America/Anchorage
EHL	SAVB	America/Argentina/Salta
EHM	PAEH	America/Anchorage
EHU	ZHEC	Asia/Shanghai
EIB	EDGE	Europe/Berlin
EIE	UNII	Asia/Krasnoyarsk
EIH	YEIN	Australia/Brisbane
EIK	URKE	Europe/Moscow
EIL	PAEI	America/Anchorage
EIN	EHEH	Europe/Amsterdam
EIS	TUPJ	America/Tortola
EIY	LLEY	Asia/Jerusalem
EJA	SKEJ	America/Bogota
EJH	OEWJ	Asia/Riyadh
EJN	ZBEN	Asia/Shanghai
EKA	KEKA	America/Los_Angeles
EKI	KEKM	America/Indiana/Indianapolis
EKN	KEKN	America/New_York
EKO	KEKO	America/Los_Angeles
EKS	UHSK	Asia/Vladivostok
EKT	ESSU	Europe/Stockholm
EKX	KEKX	America/New_York
ELA	KELA	America/Chicago
ELB	SKBC	America/Bogota
ELC	YELD	Australia/Darwin
ELD	KELD	America/Chicago
ELF	HSFS	Africa/Khartoum
ELG	DAUE	Africa/Algiers
ELH	MYEH	America/Nassau
ELI	PFEL	America/Anchorage
ELK	KELK	America/Chicago
ELL	FAER	Africa/Johannesburg
ELM	KELM	America/New_York
ELN	KELN	America/Los_Angeles
ELO	SATD	America/Argentina/Cordoba
ELP	KELP	America/Denver
ELQ	OEGS	Asia/Riyadh
ELS	FAEL	Africa/Johannesburg
ELT	HETR	Africa/Cairo
ELU	DAUO	Africa/Algiers
ELY	KELY	America/Los_Angeles
ELZ	KELZ	America/New_York
EMA	EGNX	Europe/London
EMD	YEML	Australia/Brisbane
EME	EDWE	Europe/Berlin
EMG	FAEM	Africa/Johannesburg
EMK	PAEM	America/Anchorage
EML	LSME	Europe/Zurich
EMM	KEMM	America/Denver
EMN	GQNI	Africa/Nouakchott
EMP	KEMP	America/Chicago
EMT	KEMT	America/Los_Angeles
EMX	SAVD	America/Argentina/Catamarca
ENA	PAEN	America/Anchorage
ENB	YEEB	Australia/Perth
ENC	LFSN	Europe/Paris
END	KEND	America/Chicago
ENE	WATE	Asia/Makassar
ENF	EFET	Europe/Helsinki
ENH	ZHES	Asia/Shanghai
ENI	RPEN	Asia/Manila
ENK	EGAB	Europe/London
ENL	KENL	America/Chicago
ENN	PANN	America/Anchorage
ENO	SGEN	America/Asuncion
ENS	EHTW	Europe/Amsterdam
ENU	DNEN	Africa/Lagos
ENV	KENV	America/Denver
ENW	KENW	America/Chicago
ENY	ZLYA	Asia/Shanghai
EOH	SKMD	America/Bogota
EOI	EGED	Europe/London
EOK	KEOK	America/Chicago
EOR	SVED	America/Caracas
EOS	KEOS	America/Chicago
EOZ	SVEZ	America/Caracas
EPA	SADP	America/Argentina/Buenos_Aires
EPG	NE69	America/Chicago
EPH	KEPH	America/Los_Angeles
EPL	LFSG	Europe/Paris
EPR	YESP	Australia/Perth
EPS	MDAB	America/Santo_Domingo
EPU	EEPU	Europe/Tallinn
EQS	SAVE	America/Argentina/Catamarca
ERA	HCMU	Africa/Mogadishu
ERB	YERN	Australia/Adelaide
ERC	LTCD	Europe/Istanbul
ERD	UKDB	Europe/Zaporozhye
ERF	EDDE	Europe/Berlin
ERG	UIKE	Asia/Irkutsk
ERH	GMFK	Africa/Casablanca
ERI	KERI	America/New_York
ERL	ZBER	Asia/Shanghai
ERM	SSER	America/Sao_Paulo
ERN	SWEI	America/Boa_Vista
ERR	KERR	America/New_York
ERS	FYWE	Africa/Windhoek
ERV	KERV	America/Chicago
ERZ	LTCE	Europe/Istanbul
ESB	LTAC	Europe/Istanbul
ESC	KESC	America/New_York
ESD	KORS	America/Los_Angeles
ESE	MMES	America/Tijuana
ESF	KESF	America/Chicago
ESG	SGME	America/Asuncion
ESH	EGKA	Europe/London
ESI	SBEP	America/Sao_Paulo
ESK	LTBI	Europe/Istanbul
ESL	URWI	Europe/Moscow
ESM	SETN	America/Guayaquil
ESN	KESN	America/New_York
ESO	KE14	America/Denver
ESR	SCES	America/Santiago
ESS	EDLE	Europe/Berlin
EST	KEST	America/Chicago
ESU	GMMI	Africa/Casablanca
ESW	KESW	America/Los_Angeles
ETB	KETB	America/Chicago
ETD	YEDA	Australia/Adelaide
ETE	HAMM	Africa/Addis_Ababa
ETM	LLER	Asia/Jerusalem
ETN	KETN	America/Chicago
ETR	SERO	America/Guayaquil
ETS	KEDN	America/Chicago
ETZ	LFJL	Europe/Paris
EUA	NFTE	Pacific/Tongatapu
EUC	YECL	Australia/Eucla
EUE	K05U	America/Los_Angeles
EUF	KEUF	America/Chicago
EUG	KEUG	America/Los_Angeles
EUM	EDHN	Europe/Berlin
EUN	GMML	Africa/Casablanca
EUQ	RPVS	Asia/Manila
EUX	TNCE	America/Kralendijk
EVD	YEVA	Australia/Darwin
EVE	ENEV	Europe/Oslo
EVG	ESND	Europe/Stockholm
EVH	YEVD	Australia/Sydney
EVM	KEVM	America/Chicago
EVN	UDYZ	Asia/Yerevan
EVV	KEVV	America/Chicago
EVW	KEVW	America/Denver
EVX	LFOE	Europe/Paris
EWB	KEWB	America/New_York
EWI	WABT	Asia/Jayapura
EWK	KEWK	America/Chicago
EWN	KEWN	America/New_York
EWO	FCOE	Africa/Brazzaville
EWR	KEWR	America/New_York
EXM	YEXM	Australia/Perth
EXT	EGTE	Europe/London
EYL	GAYE	Africa/Bamako
EYP	SKYP	America/Bogota
EYR	KO43	America/Los_Angeles
EYS	HKES	Africa/Nairobi
EYW	KEYW	America/New_York
EZE	SAEZ	America/Argentina/Buenos_Aires
EZS	LTCA	Europe/Istanbul
EZV	USHB	Asia/Yekaterinburg
FAA	GUFH	Africa/Conakry
FAB	EGLF	Europe/London
FAC	NTKF	Pacific/Tahiti
FAE	EKVG	Atlantic/Faroe
FAF	KFAF	America/New_York
FAG	BIFM	Atlantic/Reykjavik
FAH	OAFR	Asia/Kabul
FAI	PAFA	America/Anchorage
FAM	KFAM	America/Chicago
FAO	LPFR	Europe/Lisbon
FAQ	AYFR	Pacific/Port_Moresby
FAR	KFAR	America/Chicago
FAT	KFAT	America/Los_Angeles
FAU	OOFD	Asia/Muscat
FAV	NTGF	Pacific/Tahiti
FAY	KFAY	America/New_York
FAZ	OISF	Asia/Tehran
FBA	SWOB	America/Boa_Vista
FBD	OAFZ	Asia/Kabul
FBE	SSFB	America/Sao_Paulo
FBG	KFBG	America/New_York
FBK	PAFB	America/Anchorage
FBL	KFBL	America/Chicago
FBM	FZQA	Africa/Lubumbashi
FBR	KFBR	America/Denver
FBY	KFBY	America/Chicago
FCA	KGPI	America/Denver
FCB	FAFB	Africa/Johannesburg
FCH	KFCH	America/Los_Angeles
FCM	KFCM	America/Chicago
FCO	LIRF	Europe/Rome
FCS	KFCS	America/Denver
FCY	KFCY	America/Chicago
FDA	SKFU	America/Bogota
FDE	ENBL	Europe/Oslo
FDF	TFFF	America/Martinique
FDH	EDNY	Europe/Berlin
FDK	KFDK	America/New_York
FDO	SADF	America/Argentina/Buenos_Aires
FDR	KFDR	America/Chicago
FDU	FZBO	Africa/Kinshasa
FDY	KFDY	America/New_York
FEB	VNSR	Asia/Kathmandu
FEC	SNJD	America/Bahia
FEG	UZKF	Asia/Tashkent
FEJ	SNOU	America/Rio_Branco
FEK	DIFK	Africa/Abidjan
FEL	ETSF	Europe/Berlin
FEN	SBFN	America/Fortaleza
FEP	KFEP	America/Chicago
FET	KFET	America/Chicago
FEZ	GMFF	Africa/Casablanca
FFA	KFFA	America/New_York
FFD	EGVA	Europe/London
FFL	KFFL	America/Chicago
FFM	KFFM	America/Chicago
FFO	KFFO	America/New_York
FFT	KFFT	America/New_York
FFU	SCFT	America/Santiago
FGD	GQPF	Africa/Nouakchott
FGI	NSFI	Pacific/Apia
FGU	NTGB	Pacific/Tahiti
FHU	KFHU	America/Phoenix
FHZ	NTKH	Pacific/Tahiti
FID	K0B8	America/New_York
FIE	EGEF	Europe/London
FIG	GUFA	Africa/Conakry
FIH	FZAA	Africa/Kinshasa
FIK	YFNE	Australia/Darwin
FIL	KFOM	America/Denver
FIN	AYFI	Pacific/Port_Moresby
FIZ	YFTZ	Australia/Perth
FJR	OMFJ	Asia/Dubai
FKB	EDSB	Europe/Berlin
FKI	FZIC	Africa/Lubumbashi
FKJ	RJNF	Asia/Tokyo
FKL	KFKL	America/New_York
FKN	KFKN	America/New_York
FKQ	WASF	Asia/Jayapura
FKS	RJSF	Asia/Tokyo
FLA	SKFL	America/Bogota
FLB	SNQG	America/Fortaleza
FLD	KFLD	America/Chicago
FLF	EDXF	Europe/Berlin
FLG	KFLG	America/Phoenix
FLI	BIHT	Atlantic/Reykjavik
FLL	KFLL	America/New_York
FLM	SGFI	America/Asuncion
FLN	SBFL	America/Sao_Paulo
FLO	KFLO	America/New_York
FLP	KFLP	America/Chicago
FLR	LIRQ	Europe/Rome
FLS	YFLI	Australia/Melbourne
FLT	KFLT	America/Anchorage
FLV	KFLV	America/Chicago
FLW	LPFL	Atlantic/Azores
FLX	KFLX	America/Los_Angeles
FLY	YFIL	Australia/Sydney
FLZ	WIMS	Asia/Jakarta
FMA	SARF	America/Argentina/Cordoba
FME	KFME	America/New_York
FMG	MRFL	America/Costa_Rica
FMH	KFMH	America/New_York
FMI	FZRF	Africa/Lubumbashi
FMM	EDJA	Europe/Berlin
FMN	KFMN	America/Denver
FMO	EDDG	Europe/Berlin
FMS	KFSW	America/Chicago
FMU	K6S2	America/Los_Angeles
FMY	KFMY	America/New_York
FNA	GFLL	Africa/Freetown
FNB	ETNU	Europe/Berlin
FNC	LPMA	Europe/Lisbon
FND	VRCF	Indian/Maldives
FNE	AYFA	Pacific/Port_Moresby
FNG	DFEF	Africa/Ouagadougou
FNH	HAFN	Africa/Addis_Ababa
FNI	LFTW	Europe/Paris
FNJ	ZKPY	Asia/Pyongyang
FNL	KFNL	America/Denver
FNT	KFNT	America/New_York
FNU	LIER	Europe/Rome
FOB	82CL	America/Los_Angeles
FOC	ZSFZ	Asia/Shanghai
FOD	KFOD	America/Chicago
FOE	KFOE	America/Chicago
FOG	LIBF	Europe/Rome
FOK	KFOK	America/New_York
FOM	FKKM	Africa/Douala
FON	MRAN	America/Costa_Rica
FOO	WABF	Asia/Jayapura
FOR	SBFZ	America/Fortaleza
FOS	YFRT	Australia/Perth
FOT	YFST	Australia/Sydney
FOU	FOGF	Africa/Libreville
FPO	MYGF	America/Nassau
FPR	KFPR	America/New_York
FPY	KFPY	America/New_York
FRA	EDDF	Europe/Berlin
FRB	YFBS	Australia/Sydney
FRC	SIMK	America/Sao_Paulo
FRD	KFHR	America/Los_Angeles
FRE	AGGF	Pacific/Guadalcanal
FRG	KFRG	America/New_York
FRH	KFRH	America/Indiana/Indianapolis
FRI	KFRI	America/Chicago
FRK	FSSF	Indian/Mahe
FRL	LIPK	Europe/Rome
FRM	KFRM	America/Chicago
FRN	PAFR	America/Anchorage
FRO	ENFL	Europe/Oslo
FRR	KFRR	America/New_York
FRS	MGTK	America/Guatemala
FRT	SCFR	America/Santiago
FRW	FBFT	Africa/Gaborone
FRY	KIZG	America/New_York
FRZ	ETHF	Europe/Berlin
FSC	LFKF	Europe/Paris
FSD	KFSD	America/Chicago
FSI	KFSI	America/Chicago
FSK	KFSK	America/Chicago
FSM	KFSM	America/Chicago
FSP	LFVP	America/Miquelon
FSS	EGQK	Europe/London
FST	KFST	America/Chicago
FSU	KFSU	America/Denver
FSZ	RJNS	Asia/Tokyo
FTA	NVVF	Pacific/Efate
FTE	SAWC	America/Argentina/Rio_Gallegos
FTI	NSFQ	Pacific/Pago_Pago
FTK	KFTK	America/New_York
FTU	FMSD	Indian/Antananarivo
FTW	KFTW	America/Chicago
FTX	FCOO	Africa/Brazzaville
FTY	KFTY	America/New_York
FUE	GCFV	Atlantic/Canary
FUG	ZSFY	Asia/Shanghai
FUJ	RJFE	Asia/Tokyo
FUK	RJFF	Asia/Tokyo
FUL	KFUL	America/Los_Angeles
FUN	NGFU	Pacific/Funafuti
FUO	ZGFS	Asia/Shanghai
FUT	NLWF	Pacific/Wallis
FVL	YFLO	Australia/Perth
FVM	VRMF	Indian/Maldives
FWA	KFWA	America/New_York
FWH	KNFW	America/Chicago
FWL	0AA4	America/Anchorage
FXE	KFXE	America/New_York
FXO	FQCB	Africa/Maputo
FXY	KFXY	America/Chicago
FYM	KFYM	America/Chicago
FYT	FTTY	Africa/Ndjamena
FYU	PFYU	America/Anchorage
FYV	KFYV	America/Chicago
GAB	KGAB	America/Los_Angeles
GAC	MHGS	America/Tegucigalpa
GAD	KGAD	America/Chicago
GAE	DTTG	Africa/Tunis
GAF	DTTF	Africa/Tunis
GAG	KGAG	America/Chicago
GAH	YGAY	Australia/Brisbane
GAI	KGAI	America/New_York
GAJ	RJSC	Asia/Tokyo
GAL	PAGA	America/Anchorage
GAM	PAGM	America/Anchorage
GAN	VRMG	Indian/Maldives
GAO	MUGT	America/Havana
GAP	AYGP	Pacific/Port_Moresby
GAQ	GAGO	Africa/Bamako
GAR	AYGI	Pacific/Port_Moresby
GAS	HKGA	Africa/Nairobi
GAT	LFNA	Europe/Paris
GAU	VEGT	Asia/Kolkata
GAW	VYGG	Asia/Yangon
GAY	VEGY	Asia/Kolkata
GBA	EGBP	Europe/London
GBB	UBBQ	Asia/Baku
GBD	KGBD	America/Chicago
GBE	FBSK	Africa/Gaborone
GBF	AYNE	Pacific/Port_Moresby
GBG	KGBG	America/Chicago
GBH	PAGB	America/Anchorage
GBI	VOGB	Asia/Kolkata
GBJ	TFFM	America/Guadeloupe
GBK	GFGK	Africa/Freetown
GBL	YGBI	Australia/Darwin
GBP	YGAM	Australia/Brisbane
GBR	KGBR	America/New_York
GBT	OING	Asia/Tehran
GBU	HSKG	Africa/Khartoum
GBV	YGIB	Australia/Perth
GBW	YGIA	Australia/Perth
GBZ	NZGB	Pacific/Auckland
GCC	KGCC	America/Denver
GCD	K3W7	America/Los_Angeles
GCH	OIAH	Asia/Tehran
GCI	EGJB	Europe/Guernsey
GCJ	FAGC	Africa/Johannesburg
GCK	KGCK	America/Chicago
GCM	MWCR	America/Cayman
GCN	KGCN	America/Phoenix
GCT	K1Z1	America/Phoenix
GCW	K1G4	America/Phoenix
GCY	KGCY	America/New_York
GDC	KGYH	America/New_York
GDD	YGDN	Australia/Perth
GDE	HAGO	Africa/Addis_Ababa
GDG	UHBI	Asia/Yakutsk
GDI	FEGL	Africa/Bangui
GDJ	FZWC	Africa/Lubumbashi
GDL	MMGL	America/Mexico_City
GDM	KGDM	America/New_York
GDN	EPGD	Europe/Warsaw
GDO	SVGD	America/Caracas
GDP	SNGD	America/Fortaleza
GDQ	HAGN	Africa/Addis_Ababa
GDT	MBGT	America/Grand_Turk
GDV	KGDV	America/Denver
GDW	KGDW	America/New_York
GDX	UHMM	Asia/Magadan
GDZ	URKG	Europe/Moscow
GEA	NWWM	Pacific/Noumea
GEB	WAMJ	Asia/Jayapura
GED	KGED	America/New_York
GEE	YGTO	Australia/Hobart
GEF	AGEV	Pacific/Guadalcanal
GEG	KGEG	America/Los_Angeles
GEL	SBNM	America/Sao_Paulo
GEO	SYCJ	America/Guyana
GER	MUNG	America/Havana
GES	RPMR	Asia/Manila
GET	YGEL	Australia/Perth
GEV	ESNG	Europe/Stockholm
GEY	KGEY	America/Denver
GFD	KGFD	America/Indiana/Indianapolis
GFF	YGTH	Australia/Sydney
GFK	KGFK	America/Chicago
GFL	KGFL	America/New_York
GFN	YGFN	Australia/Sydney
GFO	SYBT	America/Guyana
GFR	LFRF	Europe/Paris
GFY	FYGF	Africa/Windhoek
GGB	SWHP	America/Cuiaba
GGD	YGDS	Australia/Brisbane
GGE	KGGE	America/New_York
GGF	SNYA	America/Santarem
GGG	KGGG	America/Chicago
GGH	SSCT	America/Sao_Paulo
GGM	HKKG	Africa/Nairobi
GGN	DIGA	Africa/Abidjan
GGO	DIGL	Africa/Abidjan
GGR	HCMW	Africa/Mogadishu
GGS	SAWR	America/Argentina/Rio_Gallegos
GGT	MYEF	America/Nassau
GGW	KGGW	America/Denver
GHA	DAUG	Africa/Algiers
GHB	MYEM	America/Nassau
GHC	MYBG	America/Nassau
GHF	ETEU	Europe/Berlin
GHM	KGHM	America/Chicago
GHT	HLGT	Africa/Tripoli
GHU	SAAG	America/Argentina/Cordoba
GHV	LRBV	Europe/Bucharest
GIB	LXGB	Europe/Madrid
GIC	YBOI	Australia/Brisbane
GID	HBBE	Africa/Bujumbura
GIF	KGIF	America/New_York
GIG	SBGL	America/Sao_Paulo
GII	GUSI	Africa/Conakry
GIL	OPGT	Asia/Karachi
GIR	SKGI	America/Bogota
GIS	NZGS	Pacific/Auckland
GIU	VCCS	Asia/Colombo
GIY	FAGI	Africa/Johannesburg
GIZ	OEGN	Asia/Riyadh
GJA	MHNJ	America/Tegucigalpa
GJL	DAAV	Africa/Algiers
GJM	SBGM	America/Boa_Vista
GJR	BIGJ	Atlantic/Reykjavik
GJT	KGJT	America/Denver
GKA	AYGA	Pacific/Port_Moresby
GKD	LTFK	Europe/Istanbul
GKE	ETNG	Europe/Berlin
GKK	VRMO	Indian/Maldives
GKL	YGKL	Australia/Lindeman
GKN	PAGK	America/Anchorage
GKT	KGKT	America/New_York
GLA	EGPF	Europe/London
GLB	KP13	America/Phoenix
GLD	KGLD	America/Denver
GLE	KGLE	America/Chicago
GLF	MRGF	America/Costa_Rica
GLG	YGLE	Australia/Brisbane
GLH	KGLH	America/Chicago
GLI	YGLI	Australia/Sydney
GLJ	SKGZ	America/Bogota
GLK	HCMR	Africa/Mogadishu
GLL	ENKL	Europe/Oslo
GLM	YGLO	Australia/Brisbane
GLO	EGBJ	Europe/London
GLR	KGLR	America/Detroit
GLS	KGLS	America/Chicago
GLT	YGLA	Australia/Brisbane
GLU	VQGP	Asia/Thimphu
GLV	PAGL	America/Anchorage
GLW	KGLW	America/Chicago
GLX	WAMA	Asia/Jayapura
GLZ	EHGR	Europe/Amsterdam
GMA	FZFK	Africa/Kinshasa
GMB	HAGM	Africa/Addis_Ababa
GMD	GMMB	Africa/Casablanca
GME	UMGG	Europe/Minsk
GMI	AYGT	Pacific/Port_Moresby
GMM	FCOG	Africa/Brazzaville
GMN	NZGM	Pacific/Auckland
GMO	DNGO	Africa/Lagos
GMP	RKSS	Asia/Seoul
GMR	NTGJ	Pacific/Gambier
GMS	SNGM	America/Sao_Paulo
GMT	PAGZ	America/Anchorage
GMU	KGMU	America/New_York
GMV	UT25	America/Denver
GMZ	GCGM	Atlantic/Canary
GNA	UMMG	Europe/Minsk
GNB	LFLS	Europe/Paris
GND	TGPY	America/Grenada
GNF	K2O1	America/Los_Angeles
GNG	KGNG	America/Boise
GNI	RCGI	Asia/Taipei
GNJ	UBBG	Asia/Baku
GNM	SNGI	America/Fortaleza
GNR	SAHR	America/Argentina/Salta
GNS	WIMB	Asia/Jakarta
GNT	KGNT	America/Denver
GNU	KGNU	America/Anchorage
GNV	KGNV	America/New_York
GNY	LTCS	Europe/Istanbul
GNZ	FBGZ	Africa/Gaborone
GOA	LIMJ	Europe/Rome
GOB	HAGB	Africa/Addis_Ababa
GOG	FYGB	Africa/Windhoek
GOH	BGGH	America/Nuuk
GOI	VOGO	Asia/Kolkata
GOJ	UWGG	Europe/Moscow
GOK	KGOK	America/Chicago
GOL	K4S1	America/Los_Angeles
GOM	FZNA	Africa/Kigali
GON	KGON	America/New_York
GOO	YGDI	Australia/Brisbane
GOP	VEGK	Asia/Kolkata
GOQ	ZLGM	Asia/Shanghai
GOR	HAGR	Africa/Addis_Ababa
GOT	ESGG	Europe/Stockholm
GOU	FKKR	Africa/Douala
GOV	YPGV	Australia/Darwin
GOX	VOGA	Asia/Kolkata
GOY	VCCG	Asia/Colombo
GOZ	LBGO	Europe/Sofia
GPA	LGRX	Europe/Athens
GPB	SBGU	America/Sao_Paulo
GPI	SKGP	America/Bogota
GPL	MRGP	America/Costa_Rica
GPN	YGPT	Australia/Darwin
GPO	SAZG	America/Argentina/Salta
GPS	SEGS	Pacific/Galapagos
GPT	KGPT	America/Chicago
GPZ	KGPZ	America/Chicago
GQQ	KGQQ	America/New_York
GRB	KGRB	America/Chicago
GRD	KGRD	America/New_York
GRE	KGRE	America/Chicago
GRF	KGRF	America/Los_Angeles
GRI	KGRI	America/Chicago
GRJ	FAGG	Africa/Johannesburg
GRK	KGRK	America/Chicago
GRL	AYGG	Pacific/Port_Moresby
GRM	KCKC	America/Chicago
GRN	KGRN	America/Denver
GRO	LEGE	Europe/Madrid
GRP	SWGI	America/Fortaleza
GRQ	EHGG	Europe/Amsterdam
GRR	KGRR	America/New_York
GRS	LIRS	Europe/Rome
GRU	SBGR	America/Sao_Paulo
GRV	URMG	Europe/Moscow
GRW	LPGR	Atlantic/Azores
GRX	LEGR	Europe/Madrid
GRY	BIGR	Atlantic/Reykjavik
GRZ	LOWG	Europe/Vienna
GSA	WBKN	Asia/Kuching
GSB	KGSB	America/New_York
GSC	YGSC	Australia/Perth
GSE	ESGP	Europe/Stockholm
GSH	KGSH	America/Indiana/Indianapolis
GSI	SOGS	America/Cayenne
GSJ	MGSJ	America/Guatemala
GSM	OIKQ	Asia/Tehran
GSN	YMGN	Australia/Adelaide
GSO	KGSO	America/New_York
GSP	KGSP	America/New_York
GSQ	HEOW	Africa/Cairo
GSR	HCMG	Africa/Mogadishu
GSS	FASE	Africa/Johannesburg
GST	PAGS	America/Anchorage
GSU	HSGF	Africa/Khartoum
GSV	UWSG	Europe/Saratov
GTA	AGOK	Pacific/Guadalcanal
GTE	YGTE	Australia/Darwin
GTF	KGTF	America/Denver
GTG	KGTG	America/Chicago
GTI	EDCG	Europe/Berlin
GTN	NZGT	Pacific/Auckland
GTO	WAMG	Asia/Makassar
GTP	K3S8	America/Los_Angeles
GTR	KGTR	America/Chicago
GTS	YTGT	Australia/Darwin
GTT	YGTN	Australia/Brisbane
GTY	KW05	America/New_York
GUA	MGGT	America/Guatemala
GUB	MMGR	America/Tijuana
GUC	KGUC	America/Denver
GUD	GAGM	Africa/Bamako
GUF	KJKA	America/Chicago
GUH	YGDH	Australia/Sydney
GUI	SVGI	America/Caracas
GUJ	SBGW	America/Sao_Paulo
GUL	YGLB	Australia/Sydney
GUM	PGUM	Pacific/Guam
GUP	KGUP	America/Denver
GUQ	SVGU	America/Caracas
GUR	AYGN	Pacific/Port_Moresby
GUS	KGUS	America/Indiana/Indianapolis
GUT	ETUO	Europe/Berlin
GUU	BIGF	Atlantic/Reykjavik
GUV	AYML	Pacific/Port_Moresby
GUW	UATG	Asia/Oral
GUX	VAGN	Asia/Kolkata
GUY	KGUY	America/Chicago
GUZ	SNGA	America/Sao_Paulo
GVA	LSGG	Europe/Zurich
GVE	KGVE	America/New_York
GVI	AYGV	Pacific/Port_Moresby
GVL	KGVL	America/New_York
GVN	UHKM	Asia/Vladivostok
GVP	YGNV	Australia/Brisbane
GVR	SBGV	America/Sao_Paulo
GVT	KGVT	America/Chicago
GVX	ESSK	Europe/Stockholm
GWA	VYGW	Asia/Yangon
GWD	OPGD	Asia/Karachi
GWE	FVTL	Africa/Harare
GWL	VIGR	Asia/Kolkata
GWO	KGWO	America/Chicago
GWS	KGWS	America/Denver
GWT	EDXW	Europe/Berlin
GWV	2LA8	America/Chicago
GXF	OYSY	Asia/Aden
GXG	FNNG	Africa/Luanda
GXH	ZLXH	Asia/Shanghai
GXM	WAGA	Asia/Makassar
GXQ	SCCY	America/Santiago
GXX	FKKJ	Africa/Douala
GXY	KGXY	America/Denver
GYA	SLGY	America/La_Paz
GYD	UBBB	Asia/Baku
GYE	SEGU	America/Guayaquil
GYG	UEMM	Asia/Yakutsk
GYI	HRYG	Africa/Kigali
GYL	YARG	Australia/Perth
GYM	MMGM	America/Hermosillo
GYN	SBGO	America/Sao_Paulo
GYP	YGYM	Australia/Brisbane
GYR	KGYR	America/Phoenix
GYS	ZUGU	Asia/Shanghai
GYU	ZLGY	Asia/Shanghai
GYY	KGYY	America/Chicago
GYZ	YGRM	Australia/Perth
GZG	ZUGZ	Asia/Shanghai
GZO	AGGN	Pacific/Guadalcanal
GZP	LTFG	Europe/Istanbul
GZT	LTAJ	Europe/Istanbul
GZW	OIIK	Asia/Tehran
HAA	ENHK	Europe/Oslo
HAB	KHAB	America/Chicago
HAC	RJTH	Asia/Tokyo
HAD	ESMT	Europe/Stockholm
HAF	KHAF	America/Los_Angeles
HAH	FMCH	Indian/Comoro
HAI	KHAI	America/Detroit
HAJ	EDDV	Europe/Berlin
HAK	ZJHK	Asia/Shanghai
HAM	EDDH	Europe/Berlin
HAN	VVNB	Asia/Ho_Chi_Minh
HAO	KHAO	America/New_York
HAQ	VRMH	Indian/Maldives
HAR	KCXY	America/New_York
HAS	OEHL	Asia/Riyadh
HAT	YHTL	Australia/Brisbane
HAU	ENHD	Europe/Oslo
HAV	MUHA	America/Havana
HAW	EGFE	Europe/London
HAY	SKAG	America/Bogota
HBA	YMHB	Australia/Hobart
HBB	NM83	America/Denver
HBE	HEBA	Africa/Cairo
HBG	KHBG	America/Chicago
HBK	KP14	America/Phoenix
HBQ	ZLHB	Asia/Shanghai
HBR	KHBR	America/Chicago
HBT	OEKK	Asia/Riyadh
HBU	ZMBS	Asia/Hovd
HBX	VAHB	Asia/Kolkata
HCA	KBPG	America/Chicago
HCC	K1B1	America/New_York
HCM	HCME	Africa/Mogadishu
HCN	RCKW	Asia/Taipei
HCQ	YHLC	Australia/Perth
HCR	PAHC	America/Anchorage
HCW	KCQW	America/New_York
HCZ	ZGCZ	Asia/Shanghai
HDD	OPKD	Asia/Karachi
HDE	KHDE	America/Chicago
HDF	EDAH	Europe/Berlin
HDG	ZBHD	Asia/Shanghai
HDH	PHDH	Pacific/Honolulu
HDK	VRBK	Indian/Maldives
HDM	OIHH	Asia/Tehran
HDN	KHDN	America/Denver
HDO	VIDX	Asia/Kolkata
HDR	OIKP	Asia/Tehran
HDS	FAHS	Africa/Johannesburg
HDY	VTSS	Asia/Bangkok
HEA	OAHR	Asia/Kabul
HED	AK33	America/Anchorage
HEE	KHEE	America/Chicago
HEH	VYHH	Asia/Yangon
HEI	EDXB	Europe/Berlin
HEK	ZYHE	Asia/Shanghai
HEL	EFHK	Europe/Helsinki
HER	LGIR	Europe/Athens
HES	KHRI	America/Los_Angeles
HET	ZBHH	Asia/Shanghai
HEW	LGAT	Europe/Athens
HEZ	KHEZ	America/Chicago
HFA	LLHA	Asia/Jerusalem
HFD	KHFD	America/New_York
HFE	ZSOF	Asia/Shanghai
HFF	KHFF	America/New_York
HFN	BIHN	Atlantic/Reykjavik
HFS	ESOH	Europe/Stockholm
HFT	ENHF	Europe/Oslo
HGA	HCMH	Africa/Mogadishu
HGD	YHUG	Australia/Brisbane
HGE	SVHG	America/Caracas
HGH	ZSHC	Asia/Shanghai
HGI	VEHO	Asia/Kolkata
HGL	EDXH	Europe/Berlin
HGN	VTCH	Asia/Bangkok
HGO	DIKO	Africa/Abidjan
HGR	KHGR	America/New_York
HGS	GFHA	Africa/Freetown
HGU	AYMH	Pacific/Port_Moresby
HGZ	2AK6	America/Anchorage
HHE	RJSH	Asia/Tokyo
HHH	KHXD	America/New_York
HHI	PHHI	Pacific/Honolulu
HHN	EDFH	Europe/Berlin
HHQ	VTPH	Asia/Bangkok
HHR	KHHR	America/Los_Angeles
HHZ	NTGH	Pacific/Tahiti
HIA	ZSSH	Asia/Shanghai
HIB	KHIB	America/Chicago
HID	YHID	Australia/Brisbane
HIE	KHIE	America/New_York
HIF	KHIF	America/Denver
HIG	YHHY	Australia/Brisbane
HII	KHII	America/Phoenix
HIJ	RJOA	Asia/Tokyo
HIM	VCCH	Asia/Colombo
HIN	RKPS	Asia/Seoul
HIO	KHIO	America/Los_Angeles
HIP	YHDY	Australia/Brisbane
HIR	AGGH	Pacific/Guadalcanal
HJJ	ZGCJ	Asia/Shanghai
HJR	VAKJ	Asia/Kolkata
HJT	ZMHU	Asia/Ulaanbaatar
HKA	KHKA	America/Chicago
HKD	RJCH	Asia/Tokyo
HKG	VHHH	Asia/Hong_Kong
HKK	NZHK	Pacific/Auckland
HKN	AYHK	Pacific/Port_Moresby
HKS	KHKS	America/Chicago
HKT	VTSP	Asia/Bangkok
HKY	KHKY	America/New_York
HLA	FALA	Africa/Johannesburg
HLB	KHLB	America/Indiana/Indianapolis
HLC	KHLC	America/Chicago
HLD	ZBLA	Asia/Shanghai
HLE	FHSH	Atlantic/St_Helena
HLF	ESSF	Europe/Stockholm
HLG	KHLG	America/New_York
HLH	ZBUL	Asia/Shanghai
HLI	KCVH	America/Los_Angeles
HLJ	EYSB	Europe/Vilnius
HLL	YHIL	Australia/Perth
HLN	KHLN	America/Denver
HLP	WIHH	Asia/Jakarta
HLR	KHLR	America/Chicago
HLS	YSTH	Australia/Hobart
HLT	YHML	Australia/Hobart
HLU	NWWH	Pacific/Noumea
HLW	FAHL	Africa/Johannesburg
HLZ	NZHN	Pacific/Auckland
HMA	USHH	Asia/Yekaterinburg
HMB	HEMK	Africa/Cairo
HME	DAUH	Africa/Algiers
HMG	YHMB	Australia/Darwin
HMI	ZWHM	Asia/Shanghai
HMJ	UKLH	Europe/Kyiv
HMN	KHMN	America/Denver
HMO	MMHO	America/Hermosillo
HMR	ENHA	Europe/Oslo
HMT	KHMT	America/Los_Angeles
HMV	ESUT	Europe/Stockholm
HMY	RKTP	Asia/Seoul
HNA	RJSI	Asia/Tokyo
HNB	KHNB	America/Indiana/Vincennes
HNC	KHSE	America/New_York
HND	RJTT	Asia/Tokyo
HNH	PAOH	America/Anchorage
HNI	ZGHC	Asia/Shanghai
HNL	PHNL	Pacific/Honolulu
HNM	PHHN	Pacific/Honolulu
HNS	PAHN	America/Anchorage
HNY	ZGHY	Asia/Shanghai
HOA	HKHO	Africa/Nairobi
HOB	KHOB	America/Denver
HOD	OYHD	Asia/Aden
HOF	OEAH	Asia/Riyadh
HOG	MUHG	America/Havana
HOH	LOIH	Europe/Vienna
HOI	NTTO	Pacific/Tahiti
HOK	YHOO	Australia/Darwin
HOM	PAHO	America/Anchorage
HON	KHON	America/Chicago
HOP	KHOP	America/Chicago
HOQ	EDQM	Europe/Berlin
HOR	LPHR	Atlantic/Azores
HOS	SAHC	America/Argentina/Salta
HOT	KHOT	America/Chicago
HOU	KHOU	America/Chicago
HOV	ENOV	Europe/Oslo
HOX	VYHL	Asia/Yangon
HPA	NFTL	Pacific/Tongatapu
HPB	PAHP	America/Anchorage
HPH	VVCI	Asia/Ho_Chi_Minh
HPN	KHPN	America/New_York
HPT	KHPT	America/Chicago
HPV	HI01	Pacific/Honolulu
HPY	KHPY	America/Chicago
HQL	ZWTK	Asia/Shanghai
HQM	KHQM	America/Los_Angeles
HRB	ZYHB	Asia/Shanghai
HRE	FVHA	Africa/Harare
HRF	VRAH	Indian/Maldives
HRG	HEGN	Africa/Cairo
HRI	VCRI	Asia/Colombo
HRK	UKHH	Europe/Kyiv
HRL	KHRL	America/Chicago
HRM	DAFH	Africa/Algiers
HRO	KHRO	America/Chicago
HRS	FAHR	Africa/Johannesburg
HRT	EGXU	Europe/London
HRY	YHBY	Australia/Darwin
HRZ	SSHZ	America/Sao_Paulo
HSA	UAIT	Asia/Almaty
HSB	KHSB	America/Chicago
HSC	ZGSG	Asia/Shanghai
HSG	RJFS	Asia/Tokyo
HSH	KHND	America/Los_Angeles
HSI	KHSI	America/Chicago
HSK	LEHC	Europe/Madrid
HSL	PAHL	America/Anchorage
HSM	YHSM	Australia/Melbourne
HSN	ZSZS	Asia/Shanghai
HSP	KHSP	America/New_York
HSR	VAHS	Asia/Kolkata
HSS	VIHR	Asia/Kolkata
HST	KHST	America/New_York
HSV	KHSV	America/Chicago
HSZ	RCPO	Asia/Taipei
HTA	UIAA	Asia/Chita
HTG	UOHH	Asia/Krasnoyarsk
HTH	KHTH	America/Los_Angeles
HTI	YBHM	Australia/Lindeman
HTL	KHTL	America/Detroit
HTN	ZWTN	Asia/Shanghai
HTO	KJPX	America/New_York
HTR	RORH	Asia/Tokyo
HTS	KHTS	America/New_York
HTU	YHPN	Australia/Melbourne
HTV	KUTS	America/Chicago
HTW	KHTW	America/New_York
HTY	LTDA	Europe/Istanbul
HTZ	SKHC	America/Bogota
HUA	KHUA	America/Chicago
HUB	YHBR	Australia/Darwin
HUC	KX63	America/Puerto_Rico
HUD	K0K7	America/Chicago
HUE	HAHU	Africa/Addis_Ababa
HUF	KHUF	America/Indiana/Indianapolis
HUG	MGHT	America/Guatemala
HUH	NTTH	Pacific/Tahiti
HUI	VVPB	Asia/Ho_Chi_Minh
HUJ	KHHW	America/Chicago
HUL	KHUL	America/New_York
HUM	KHUM	America/Chicago
HUN	RCYU	Asia/Taipei
HUO	ZBHZ	Asia/Shanghai
HUQ	HLON	Africa/Tripoli
HUS	PAHU	America/Anchorage
HUT	KHUT	America/Chicago
HUU	SPNC	America/Lima
HUW	SWHT	America/Manaus
HUX	MMBT	America/Mexico_City
HUY	EGNJ	Europe/London
HUZ	ZGHZ	Asia/Shanghai
HVA	FMNL	Indian/Antananarivo
HVB	YHBA	Australia/Brisbane
HVD	ZMKD	Asia/Hovd
HVE	KHVE	America/Denver
HVG	ENHV	Europe/Oslo
HVK	BIHK	Atlantic/Reykjavik
HVN	KHVN	America/New_York
HVR	KHVR	America/Denver
HVS	KHVS	America/New_York
HWD	KHWD	America/Los_Angeles
HWK	YHAW	Australia/Adelaide
HWN	FVWN	Africa/Harare
HWO	KHWO	America/New_York
HWR	VIHX	Asia/Kolkata
HXD	ZLDL	Asia/Shanghai
HXX	YHAY	Australia/Sydney
HYA	KHYA	America/New_York
HYC	EGTB	Europe/London
HYD	VOHS	Asia/Kolkata
HYL	KHYL	America/Anchorage
HYN	ZSLQ	Asia/Shanghai
HYR	KHYR	America/Chicago
HYS	KHYS	America/Chicago
HYV	EFHV	Europe/Helsinki
HZA	ZSHZ	Asia/Shanghai
HZB	LFQT	Europe/Paris
HZG	ZLHZ	Asia/Shanghai
HZH	ZUNP	Asia/Shanghai
HZK	BIHU	Atlantic/Reykjavik
HZL	KHZL	America/New_York
HZP	CYNR	America/Edmonton
IAA	UOII	Asia/Krasnoyarsk
IAB	KIAB	America/Chicago
IAD	KIAD	America/New_York
IAG	KIAG	America/New_York
IAH	KIAH	America/Chicago
IAM	DAUZ	Africa/Algiers
IAN	PAIK	America/Anchorage
IAO	RPNS	Asia/Manila
IAQ	OIBH	Asia/Tehran
IAR	UUDL	Europe/Moscow
IAS	LRIA	Europe/Bucharest
IBA	DNIB	Africa/Lagos
IBB	SEII	Pacific/Galapagos
IBE	SKIB	America/Bogota
IBP	SPBR	America/Lima
IBR	RJAH	Asia/Tokyo
IBZ	LEIB	Europe/Madrid
ICA	SVIC	America/Caracas
ICC	SVIE	America/Caracas
ICI	NFCI	Pacific/Fiji
ICK	SMNI	America/Paramaribo
ICL	KICL	America/Chicago
ICN	RKSI	Asia/Seoul
ICR	MUNC	America/Havana
ICS	KU70	America/Boise
ICT	KICT	America/Chicago
ICY	19AK	America/Anchorage
IDA	KIDA	America/Boise
IDB	ESUE	Europe/Stockholm
IDF	FZCB	Africa/Kinshasa
IDG	KIDG	America/Chicago
IDH	KGIC	America/Los_Angeles
IDI	KIDI	America/New_York
IDK	YIDK	Australia/Adelaide
IDO	SWIY	America/Araguaina
IDP	KIDP	America/Chicago
IDR	VAID	Asia/Kolkata
IDY	LFEY	Europe/Paris
IEG	EPZG	Europe/Warsaw
IEJ	RORE	Asia/Tokyo
IES	EDAU	Europe/Berlin
IEV	UKKK	Europe/Kyiv
IFA	KIFA	America/Chicago
IFF	YIFY	Australia/Brisbane
IFH	OIFE	Asia/Tehran
IFJ	BIIS	Atlantic/Reykjavik
IFL	YIFL	Australia/Brisbane
IFN	OIFM	Asia/Tehran
IFO	UKLI	Europe/Kyiv
IFP	KIFP	America/Phoenix
IFU	VREI	Indian/Maldives
IGA	MYIG	America/Nassau
IGB	SAVJ	America/Argentina/Salta
IGD	LTCT	Europe/Istanbul
IGG	PAIG	America/Anchorage
IGH	YIGM	Australia/Brisbane
IGL	LTBL	Europe/Istanbul
IGM	KIGM	America/Phoenix
IGN	RPMI	Asia/Manila
IGO	SKIG	America/Bogota
IGR	SARI	America/Argentina/Cordoba
IGS	ETSI	Europe/Berlin
IGT	URMS	Europe/Moscow
IGU	SBFI	America/Sao_Paulo
IHA	RJAN	Asia/Tokyo
IHC	FQIA	Africa/Maputo
IHO	FMSI	Indian/Antananarivo
IHR	OIZI	Asia/Tehran
IIA	EIMN	Europe/Dublin
IIL	OICI	Asia/Tehran
IJK	USII	Europe/Samara
IJU	SSIJ	America/Sao_Paulo
IJX	KIJX	America/Chicago
IKA	OIIE	Asia/Tehran
IKB	KUKF	America/New_York
IKG	UCFP	Asia/Bishkek
IKI	RJDB	Asia/Tokyo
IKK	KIKK	America/Chicago
IKL	FZGV	Africa/Kinshasa
IKO	PAKO	America/Adak
IKP	YIKM	Australia/Brisbane
IKS	UEST	Asia/Yakutsk
IKT	UIII	Asia/Irkutsk
IKU	UCFL	Asia/Bishkek
ILA	WABL	Asia/Jayapura
ILD	LEDA	Europe/Madrid
ILE	KILE	America/Chicago
ILF	CZBD	America/Winnipeg
ILG	KILG	America/New_York
ILH	ETIK	Europe/Berlin
ILI	PAIL	America/Anchorage
ILK	FMMQ	Indian/Antananarivo
ILL	KBDH	America/Chicago
ILM	KILM	America/New_York
ILN	KILN	America/New_York
ILO	RPVI	Asia/Manila
ILP	NWWE	Pacific/Noumea
ILQ	SPLO	America/Lima
ILR	DNIL	Africa/Lagos
ILS	MSSS	America/El_Salvador
ILU	HKKL	Africa/Nairobi
ILY	EGPI	Europe/London
ILZ	LZZI	Europe/Bratislava
IMB	SYIB	America/Guyana
IMF	VEIM	Asia/Kolkata
IMK	VNST	Asia/Kathmandu
IML	KIML	America/Denver
IMM	KIMM	America/New_York
IMO	FEFZ	Africa/Bangui
IMP	SBIZ	America/Fortaleza
IMQ	OITU	Asia/Tehran
IMT	KIMT	America/Chicago
INA	UUYI	Europe/Moscow
INC	ZLIC	Asia/Shanghai
IND	KIND	America/New_York
INF	DATG	Africa/Algiers
ING	SAWA	America/Argentina/Rio_Gallegos
INH	FQIN	Africa/Maputo
INI	LYNI	Europe/Belgrade
INJ	YINJ	Australia/Brisbane
INK	KINK	America/Chicago
INL	KINL	America/Chicago
INM	YINN	Australia/Adelaide
INN	LOWI	Europe/Vienna
INO	FZBA	Africa/Kinshasa
INQ	EIIR	Europe/Dublin
INS	KINS	America/Los_Angeles
INT	KINT	America/New_York
INU	ANYN	Pacific/Nauru
INV	EGPE	Europe/London
INW	KINW	America/Phoenix
INX	WASI	Asia/Jayapura
INZ	DAUI	Africa/Algiers
IOA	LGIO	Europe/Athens
IOM	EGNS	Europe/Isle_of_Man
ION	FCOI	Africa/Brazzaville
IOR	EIIM	Europe/Dublin
IOS	SBIL	America/Bahia
IOU	NWWO	Pacific/Noumea
IOW	KIOW	America/Chicago
IPA	NVVI	Pacific/Efate
IPC	SCIP	Pacific/Easter
IPE	RPMV	Asia/Manila
IPG	SWII	America/Manaus
IPH	WMKI	Asia/Kuala_Lumpur
IPI	SKIP	America/Bogota
IPL	KIPL	America/Los_Angeles
IPN	SBIP	America/Sao_Paulo
IPT	KIPT	America/New_York
IPU	SNIU	America/Bahia
IPZ	MRSI	America/Costa_Rica
IQA	ORAA	Asia/Baghdad
IQM	ZWCM	Asia/Shanghai
IQN	ZLQY	Asia/Shanghai
IQQ	SCDA	America/Santiago
IQT	SPQT	America/Lima
IRA	AGGK	Pacific/Guadalcanal
IRB	K2F0	America/Chicago
IRC	PACR	America/Anchorage
IRE	SNIC	America/Bahia
IRG	YLHR	Australia/Brisbane
IRI	HTIR	Africa/Dar_es_Salaam
IRJ	SANL	America/Argentina/La_Rioja
IRK	KIRK	America/Chicago
IRM	USHI	Asia/Yekaterinburg
IRN	MHIR	America/Tegucigalpa
IRO	FEFI	Africa/Bangui
IRP	FZJH	Africa/Lubumbashi
IRS	KIRS	America/Detroit
IRZ	SWTP	America/Manaus
ISA	YBMA	Australia/Brisbane
ISB	OPIS	Asia/Karachi
ISC	EGHE	Europe/London
ISE	LTFC	Europe/Istanbul
ISG	ROIG	Asia/Tokyo
ISI	YISF	Australia/Brisbane
ISJ	MMIM	America/Cancun
ISK	VAOZ	Asia/Kolkata
ISL	LTBA	Europe/Istanbul
ISM	KISM	America/New_York
ISO	KISO	America/New_York
ISP	KISP	America/New_York
ISQ	KISQ	America/Detroit
ISS	KIWI	America/New_York
IST	LTFM	Europe/Istanbul
ISU	ORSU	Asia/Baghdad
ISW	KISW	America/Chicago
ITA	SBIC	America/Boa_Vista
ITB	SBIH	America/Belem
ITE	SNZW	America/Bahia
ITH	KITH	America/New_York
ITI	SNYH	America/Santarem
ITM	RJOO	Asia/Tokyo
ITO	PHTO	Pacific/Honolulu
ITP	SDUN	America/Sao_Paulo
ITQ	SSIQ	America/Sao_Paulo
IUD	OTBH	Asia/Qatar
IUE	NIUE	Pacific/Niue
IVA	FMNJ	Indian/Antananarivo
IVC	NZNV	Pacific/Auckland
IVG	LYBR	Europe/Podgorica
IVL	EFIV	Europe/Helsinki
IVR	YIVL	Australia/Sydney
IVW	YINW	Australia/Darwin
IWA	UUBI	Europe/Moscow
IWD	KIWD	America/Menominee
IWJ	RJOW	Asia/Tokyo
IWK	RJOI	Asia/Tokyo
IWO	RJAW	Asia/Tokyo
IWS	KIWS	America/Chicago
IXA	VEAT	Asia/Kolkata
IXB	VEBD	Asia/Kolkata
IXC	VICG	Asia/Kolkata
IXD	VIAL	Asia/Kolkata
IXE	VOML	Asia/Kolkata
IXG	VABM	Asia/Kolkata
IXH	VEKR	Asia/Kolkata
IXI	VELR	Asia/Kolkata
IXJ	VIJU	Asia/Kolkata
IXK	VAKS	Asia/Kolkata
IXL	VILH	Asia/Kolkata
IXM	VOMD	Asia/Kolkata
IXN	VEKW	Asia/Kolkata
IXP	VIPK	Asia/Kolkata
IXQ	VEKM	Asia/Kolkata
IXR	VERC	Asia/Kolkata
IXS	VEKU	Asia/Kolkata
IXT	VEPG	Asia/Kolkata
IXU	VAAU	Asia/Kolkata
IXV	VEAN	Asia/Kolkata
IXW	VEJS	Asia/Kolkata
IXY	VAKE	Asia/Kolkata
IXZ	VOPB	Asia/Kolkata
IYK	KIYK	America/Los_Angeles
IZA	SBZM	America/Sao_Paulo
IZO	RJOC	Asia/Tokyo
IZT	MMIT	America/Mexico_City
JAA	OAJL	Asia/Kabul
JAB	YJAB	Australia/Darwin
JAC	KJAC	America/Denver
JAD	YPJT	Australia/Perth
JAE	SPJE	America/Lima
JAF	VCCJ	Asia/Colombo
JAG	OPJA	Asia/Karachi
JAI	VIJP	Asia/Kolkata
JAK	MTJA	America/Port-au-Prince
JAL	MMJA	America/Mexico_City
JAM	LBIA	Europe/Sofia
JAN	KJAN	America/Chicago
JAP	MRCH	America/Costa_Rica
JAR	OISJ	Asia/Tehran
JAS	KJAS	America/Chicago
JAU	SPJJ	America/Lima
JAV	BGJN	America/Nuuk
JAW	SNAB	America/Recife
JAX	KJAX	America/New_York
JBK	ZWQT	Asia/Shanghai
JBQ	MDJB	America/Santo_Domingo
JBR	KJBR	America/Chicago
JCB	SSJA	America/Sao_Paulo
JCI	KIXD	America/Chicago
JCK	YJLC	Australia/Brisbane
JCL	LKCS	Europe/Prague
JCM	SNJB	America/Bahia
JCR	SBEK	America/Santarem
JCT	KJCT	America/Chicago
JCY	0TE7	America/Chicago
JDA	KGCD	America/Los_Angeles
JDF	SBJF	America/Sao_Paulo
JDG	RKPD	Asia/Seoul
JDH	VIJO	Asia/Kolkata
JDN	KJDN	America/Denver
JDO	SBJU	America/Fortaleza
JDR	SNJR	America/Sao_Paulo
JDZ	ZSJD	Asia/Shanghai
JED	OEJN	Asia/Riyadh
JEE	MTJE	America/Port-au-Prince
JEF	KJEF	America/Chicago
JEG	BGAA	America/Nuuk
JEK	FLJK	Africa/Lusaka
JEQ	SNJK	America/Bahia
JER	EGJJ	Europe/Jersey
JFK	KJFK	America/New_York
JFN	KHZY	America/New_York
JFR	BGPT	America/Nuuk
JGA	VAJM	Asia/Kolkata
JGN	ZLJQ	Asia/Shanghai
JGS	ZSGS	Asia/Shanghai
JHB	WMKJ	Asia/Kuala_Lumpur
JHF	SBJH	America/Sao_Paulo
JHG	ZPJH	Asia/Shanghai
JHL	CAL4	America/Edmonton
JHM	PHJH	Pacific/Honolulu
JHS	BGSS	America/Nuuk
JHW	KJHW	America/New_York
JIA	SWJN	America/Cuiaba
JIB	HDAM	Africa/Djibouti
JIC	ZLJC	Asia/Shanghai
JIJ	HAJJ	Africa/Addis_Ababa
JIK	LGIK	Europe/Athens
JIL	ZYJL	Asia/Shanghai
JIM	HAJM	Africa/Addis_Ababa
JIN	HUJI	Africa/Kampala
JIP	SEJI	America/Guayaquil
JIQ	ZUQJ	Asia/Shanghai
JIR	VNJI	Asia/Kathmandu
JIU	ZSJJ	Asia/Shanghai
JIW	OPJI	Asia/Karachi
JJD	SBJE	America/Fortaleza
JJG	SBJA	America/Sao_Paulo
JJI	SPJI	America/Lima
JJM	HKMK	Africa/Nairobi
JJN	ZSQZ	Asia/Shanghai
JKG	ESGJ	Europe/Stockholm
JKH	LGHI	Europe/Athens
JKL	LGKY	Europe/Athens
JKR	VNJP	Asia/Kathmandu
JKV	KJSO	America/Chicago
JLA	KJLA	America/Anchorage
JLN	KJLN	America/Chicago
JLR	VAJB	Asia/Kolkata
JLS	SDJL	America/Sao_Paulo
JMK	LGMK	Europe/Athens
JMO	VNJS	Asia/Kathmandu
JMS	KJMS	America/Chicago
JMU	ZYJM	Asia/Shanghai
JNA	SNJN	America/Sao_Paulo
JNB	FAOR	Africa/Johannesburg
JNG	ZSJG	Asia/Shanghai
JNH	ZSJX	Asia/Shanghai
JNI	SAAJ	America/Argentina/Buenos_Aires
JNU	PAJN	America/Anchorage
JNX	LGNX	Europe/Athens
JNZ	ZYJZ	Asia/Shanghai
JOE	EFJO	Europe/Helsinki
JOG	WARJ	Asia/Jakarta
JOH	FAPJ	Africa/Johannesburg
JOI	SBJV	America/Sao_Paulo
JOL	RPMJ	Asia/Manila
JOM	HTNJ	Africa/Dar_es_Salaam
JOS	DNJO	Africa/Lagos
JOT	KJOT	America/Chicago
JPA	SBJP	America/Fortaleza
JPR	SWJI	America/Boa_Vista
JQA	BGUQ	America/Nuuk
JQE	MPJE	America/Panama
JRF	PHJR	Pacific/Honolulu
JRG	VEJH	Asia/Kolkata
JRH	VEJT	Asia/Kolkata
JRN	SWJU	America/Cuiaba
JRO	HTKJ	Africa/Dar_es_Salaam
JSA	VIJR	Asia/Kolkata
JSH	LGST	Europe/Athens
JSI	LGSK	Europe/Athens
JSM	SAWS	America/Argentina/Catamarca
JSR	VGJR	Asia/Dhaka
JST	KJST	America/New_York
JSU	BGMQ	America/Nuuk
JSY	LGSO	Europe/Athens
JTC	SBAE	America/Sao_Paulo
JTI	SWJW	America/Sao_Paulo
JTR	LGSR	Europe/Athens
JTY	LGPL	Europe/Athens
JUA	SIZX	America/Cuiaba
JUB	HSSJ	Africa/Juba
JUI	EDWJ	Europe/Berlin
JUJ	SASJ	America/Argentina/Jujuy
JUL	SPJL	America/Lima
JUM	VNJL	Asia/Kathmandu
JUN	YJDA	Australia/Brisbane
JUR	YJNB	Australia/Perth
JUT	MHJU	America/Tegucigalpa
JUV	BGUK	America/Nuuk
JUZ	ZSJU	Asia/Shanghai
JVA	FMMK	Indian/Antananarivo
JVI	K47N	America/New_York
JVL	KJVL	America/Chicago
JWA	FBJW	Africa/Gaborone
JWN	OITZ	Asia/Tehran
JWO	RKTI	Asia/Seoul
JXA	ZYJX	Asia/Shanghai
JXN	KJXN	America/Detroit
JYR	OIKJ	Asia/Tehran
JYV	EFJY	Europe/Helsinki
JZH	ZUJZ	Asia/Shanghai
KAA	FLKS	Africa/Lusaka
KAB	FVKB	Africa/Harare
KAC	OSKL	Asia/Damascus
KAD	DNKA	Africa/Lagos
KAE	KKAE	America/Anchorage
KAG	RKNN	Asia/Seoul
KAJ	EFKI	Europe/Helsinki
KAL	PAKV	America/Anchorage
KAN	DNKN	Africa/Lagos
KAO	EFKS	Europe/Helsinki
KAP	FZSK	Africa/Lubumbashi
KAR	SYKM	America/Guyana
KAT	NZKT	Pacific/Auckland
KAU	EFKA	Europe/Helsinki
KAV	SVKA	America/Caracas
KAW	VYKT	Asia/Yangon
KAX	YKBR	Australia/Perth
KAY	NFNW	Pacific/Fiji
KAZ	WAMK	Asia/Jayapura
KBA	GFKB	Africa/Freetown
KBB	YKIR	Australia/Darwin
KBC	PAAR	America/Anchorage
KBG	HUKF	Africa/Kampala
KBH	_KBH	Africa/Dar_es_Salaam
KBI	FKKB	Africa/Douala
KBJ	YKCA	Australia/Darwin
KBK	VEKI	Asia/Kolkata
KBL	OAKB	Asia/Kabul
KBM	AYKB	Pacific/Port_Moresby
KBN	FZWT	Africa/Lubumbashi
KBO	FZRM	Africa/Lubumbashi
KBP	UKBB	Europe/Kyiv
KBQ	FWKG	Africa/Blantyre
KBR	WMKC	Asia/Kuala_Lumpur
KBS	GFBO	Africa/Freetown
KBU	WAOK	Asia/Makassar
KBV	VTSG	Asia/Bangkok
KBY	YKBY	Australia/Adelaide
KBZ	NZKI	Pacific/Auckland
KCA	ZWKC	Asia/Shanghai
KCB	SMTP	America/Paramaribo
KCE	YCSV	Australia/Brisbane
KCF	OPKW	Asia/Karachi
KCG	PAJC	America/Anchorage
KCH	WBGG	Asia/Kuala_Lumpur
KCK	UIKK	Asia/Irkutsk
KCL	KKCL	America/Anchorage
KCM	LTCN	Europe/Istanbul
KCO	LTBQ	Europe/Istanbul
KCQ	KA79	America/Anchorage
KCR	KKCR	America/Anchorage
KCS	YKCS	Australia/Darwin
KCT	VCCK	Asia/Colombo
KCU	HUMI	Africa/Kampala
KCZ	RJOK	Asia/Tokyo
KDA	GODK	Africa/Dakar
KDB	YKBL	Australia/Perth
KDC	DBBK	Africa/Porto-Novo
KDD	OPKH	Asia/Karachi
KDH	OAKN	Asia/Kabul
KDI	WAWW	Asia/Makassar
KDJ	FOGJ	Africa/Libreville
KDK	PAKD	America/Anchorage
KDL	EEKA	Europe/Tallinn
KDM	VRMT	Indian/Maldives
KDN	FOGE	Africa/Libreville
KDO	VRMK	Indian/Maldives
KDR	AYKC	Pacific/Port_Moresby
KDT	VTBK	Asia/Bangkok
KDU	OPSD	Asia/Karachi
KDV	NFKD	Pacific/Fiji
KDX	HSLI	Africa/Khartoum
KDY	UEMH	Asia/Vladivostok
KEA	UTAE	Asia/Ashgabat
KEB	PAAW	America/Anchorage
KEC	FZQG	Africa/Lusaka
KED	GQNK	Africa/Nouakchott
KEE	FCOK	Africa/Brazzaville
KEF	BIKF	Atlantic/Reykjavik
KEI	WAKP	Asia/Jayapura
KEJ	UNEE	Asia/Novokuznetsk
KEK	PAAV	America/Anchorage
KEL	EDHK	Europe/Berlin
KEM	EFKE	Europe/Helsinki
KEN	GFKE	Africa/Freetown
KEO	DIOD	Africa/Abidjan
KEP	VNNG	Asia/Kathmandu
KEQ	WASE	Asia/Jayapura
KER	OIKK	Asia/Tehran
KES	CZEE	America/Winnipeg
KET	VYKG	Asia/Yangon
KEU	HKKE	Africa/Nairobi
KEV	EFHA	Europe/Helsinki
KEY	HKKR	Africa/Nairobi
KFA	GQNF	Africa/Nouakchott
KFE	YFDF	Australia/Perth
KFG	YKKG	Australia/Darwin
KFP	PAKF	America/Anchorage
KFS	LTAL	Europe/Istanbul
KFZ	LAKU	Europe/Tirane
KGA	FZUA	Africa/Lubumbashi
KGC	YKSC	Australia/Adelaide
KGD	UMKK	Europe/Kaliningrad
KGE	AGKG	Pacific/Guadalcanal
KGF	UAKK	Asia/Almaty
KGG	GOTK	Africa/Dakar
KGI	YPKG	Australia/Perth
KGJ	FWKA	Africa/Blantyre
KGK	PAJZ	America/Anchorage
KGL	HRYR	Africa/Kigali
KGN	FZOK	Africa/Lubumbashi
KGO	UKKG	Europe/Kyiv
KGP	USRK	Asia/Yekaterinburg
KGS	LGKO	Europe/Athens
KGT	ZUKD	Asia/Shanghai
KGU	WBKG	Asia/Kuching
KGX	PAGX	America/Anchorage
KGY	YKRY	Australia/Brisbane
KGZ	KKGZ	America/Anchorage
KHC	UKFK	Europe/Simferopol
KHD	OICK	Asia/Tehran
KHG	ZWSH	Asia/Shanghai
KHH	RCKH	Asia/Taipei
KHI	OPKC	Asia/Karachi
KHJ	EFKJ	Europe/Helsinki
KHK	OIBQ	Asia/Tehran
KHM	VYKI	Asia/Yangon
KHN	ZSCN	Asia/Shanghai
KHR	ZMHH	Asia/Ulaanbaatar
KHS	OOKB	Asia/Muscat
KHT	OAKS	Asia/Kabul
KHV	UHHH	Asia/Vladivostok
KHW	FBKR	Africa/Gaborone
KHY	OITK	Asia/Tehran
KHZ	NTKA	Pacific/Tahiti
KIA	PKSA	America/Guyana
KIC	KKIC	America/Los_Angeles
KID	ESMK	Europe/Stockholm
KIE	AYIQ	Pacific/Bougainville
KIF	CNM5	America/Toronto
KIH	OIBK	Asia/Tehran
KIJ	RJSN	Asia/Tokyo
KIK	ORKK	Asia/Baghdad
KIM	FAKM	Africa/Johannesburg
KIN	MKJP	America/Jamaica
KIP	KCWC	America/Chicago
KIR	EIKY	Europe/Dublin
KIS	HKKI	Africa/Nairobi
KIT	LGKC	Europe/Athens
KIW	FLSO	Africa/Lusaka
KIX	RJBB	Asia/Tokyo
KIY	HTKI	Africa/Dar_es_Salaam
KJA	UNKL	Asia/Krasnoyarsk
KJB	VOKU	Asia/Kolkata
KJH	ZUKJ	Asia/Shanghai
KJK	EBKT	Europe/Brussels
KJP	ROKR	Asia/Tokyo
KJT	WICA	Asia/Jakarta
KKA	PAKK	America/Anchorage
KKC	VTUK	Asia/Bangkok
KKD	AYKO	Pacific/Port_Moresby
KKE	NZKK	Pacific/Auckland
KKH	PADY	America/Anchorage
KKI	PFZK	America/Anchorage
KKJ	RJFR	Asia/Tokyo
KKK	K1KC	America/Anchorage
KKM	VTBL	Asia/Bangkok
KKN	ENKR	Europe/Oslo
KKO	NZKO	Pacific/Auckland
KKP	YKLB	Australia/Brisbane
KKQ	USDP	Asia/Yekaterinburg
KKR	NTGK	Pacific/Tahiti
KKS	OIFK	Asia/Tehran
KKT	K50I	America/Chicago
KKU	KKKU	America/Anchorage
KKW	FZCA	Africa/Kinshasa
KKX	RJKI	Asia/Tokyo
KKY	EIKK	Europe/Dublin
KLB	FLKL	Africa/Lusaka
KLC	GOOK	Africa/Dakar
KLD	UUEM	Europe/Moscow
KLE	FKKH	Africa/Douala
KLF	UUBC	Europe/Moscow
KLG	PALG	America/Anchorage
KLH	VAKP	Asia/Kolkata
KLI	FZFP	Africa/Kinshasa
KLK	HKFG	Africa/Nairobi
KLM	OINE	Asia/Tehran
KLN	PALB	America/Anchorage
KLO	RPVK	Asia/Manila
KLQ	WIPV	Asia/Jakarta
KLR	ESMQ	Europe/Stockholm
KLS	KKLS	America/Los_Angeles
KLU	LOWK	Europe/Vienna
KLV	LKKV	Europe/Prague
KLW	PAKW	America/Anchorage
KLX	LGKL	Europe/Athens
KLY	FZOD	Africa/Lubumbashi
KLZ	FAKZ	Africa/Johannesburg
KMA	AYKM	Pacific/Port_Moresby
KME	HRZA	Africa/Kigali
KMG	ZPPP	Asia/Shanghai
KMH	FAKU	Africa/Johannesburg
KMI	RJFM	Asia/Tokyo
KMJ	RJFT	Asia/Tokyo
KMK	FCPA	Africa/Brazzaville
KML	YKML	Australia/Brisbane
KMN	FZSB	Africa/Lubumbashi
KMO	PAMB	America/Anchorage
KMP	FYKT	Africa/Windhoek
KMQ	RJNK	Asia/Tokyo
KMR	AYRI	Pacific/Port_Moresby
KMS	DGSI	Africa/Accra
KMU	HCMK	Africa/Mogadishu
KMV	VYKL	Asia/Yangon
KMW	UUBA	Europe/Moscow
KMX	OEKM	Asia/Riyadh
KMZ	FLKO	Africa/Lusaka
KNA	SCVM	America/Santiago
KNB	KKNB	America/Denver
KND	FZOA	Africa/Lubumbashi
KNF	EGYM	Europe/London
KNG	WASK	Asia/Jayapura
KNH	RCBS	Asia/Taipei
KNI	YKNG	Australia/Perth
KNJ	FCBK	Africa/Brazzaville
KNK	PFKK	America/Anchorage
KNM	FZTK	Africa/Lubumbashi
KNN	GUXN	Africa/Conakry
KNO	WIMM	Asia/Jakarta
KNQ	NWWD	Pacific/Noumea
KNR	OIBJ	Asia/Tehran
KNS	YKII	Australia/Melbourne
KNT	KTKX	America/Chicago
KNU	VICX	Asia/Kolkata
KNW	PANW	America/Anchorage
KNX	YPKU	Australia/Perth
KNZ	GAKA	Africa/Bamako
KOA	PHKO	Pacific/Honolulu
KOC	NWWK	Pacific/Noumea
KOE	WATT	Asia/Makassar
KOF	FAKP	Africa/Johannesburg
KOH	YKLA	Australia/Brisbane
KOI	EGPA	Europe/London
KOJ	RJFK	Asia/Tokyo
KOK	EFKK	Europe/Helsinki
KOO	FZRQ	Africa/Lubumbashi
KOP	VTUW	Asia/Bangkok
KOQ	EDCK	Europe/Berlin
KOS	VDSV	Asia/Phnom_Penh
KOT	PFKO	America/Anchorage
KOU	FOGK	Africa/Libreville
KOV	UACK	Asia/Almaty
KOW	ZSGZ	Asia/Shanghai
KOX	WABN	Asia/Jayapura
KOZ	PAAE	America/Anchorage
KPC	PAPC	America/Nome
KPI	WBGP	Asia/Kuching
KPM	AYAQ	Pacific/Port_Moresby
KPN	PAKI	America/Anchorage
KPO	RKTH	Asia/Seoul
KPP	YKPR	Australia/Brisbane
KPS	YKMP	Australia/Sydney
KPT	K06U	America/Los_Angeles
KPV	PAPE	America/Anchorage
KPW	UHMK	Asia/Anadyr
KQA	PAUT	America/Nome
KQH	VIKG	Asia/Kolkata
KQT	UTDT	Asia/Dushanbe
KRA	YKER	Australia/Melbourne
KRB	YKMB	Australia/Brisbane
KRC	WIJI	Asia/Jakarta
KRE	HBBO	Africa/Bujumbura
KRF	ESNK	Europe/Stockholm
KRG	SYKS	America/Guyana
KRI	AYKK	Pacific/Port_Moresby
KRJ	AYQA	Pacific/Port_Moresby
KRK	EPKK	Europe/Warsaw
KRL	ZWKL	Asia/Shanghai
KRM	SYKR	America/Guyana
KRN	ESNQ	Europe/Stockholm
KRO	USUU	Asia/Yekaterinburg
KRP	EKKA	Europe/Copenhagen
KRQ	UKCK	Europe/Zaporozhye
KRR	URKK	Europe/Moscow
KRS	ENCN	Europe/Oslo
KRT	HSSK	Africa/Khartoum
KRW	UTAK	Asia/Ashgabat
KRY	ZWKM	Asia/Shanghai
KRZ	FZBT	Africa/Kinshasa
KSA	PTSA	Pacific/Kosrae
KSC	LZKZ	Europe/Bratislava
KSD	ESOK	Europe/Stockholm
KSE	HUKS	Africa/Kampala
KSF	EDVK	Europe/Berlin
KSH	OICC	Asia/Tehran
KSI	GUKU	Africa/Conakry
KSJ	LGKS	Europe/Athens
KSK	ESKK	Europe/Stockholm
KSL	HSKA	Africa/Khartoum
KSM	PASM	America/Nome
KSN	UAUU	Asia/Qyzylorda
KSO	LGKA	Europe/Athens
KSQ	UZSK	Asia/Samarkand
KSS	GASK	Africa/Bamako
KST	HSKI	Africa/Khartoum
KSU	ENKB	Europe/Oslo
KSV	YSPV	Australia/Brisbane
KSW	LLKS	Asia/Jerusalem
KSY	LTCF	Europe/Istanbul
KSZ	ULKK	Europe/Moscow
KTA	YPKA	Australia/Perth
KTD	RORK	Asia/Tokyo
KTE	WMKE	Asia/Kuala_Lumpur
KTF	NZTK	Pacific/Auckland
KTG	WIOK	Asia/Pontianak
KTI	VDTI	Asia/Phnom_Penh
KTL	HKKT	Africa/Nairobi
KTM	VNKT	Asia/Kathmandu
KTN	PAKT	America/Anchorage
KTO	SYKT	America/Guyana
KTP	MKTP	America/Jamaica
KTQ	EFIT	Europe/Helsinki
KTR	YPTN	Australia/Darwin
KTS	PFKT	America/Anchorage
KTT	EFKT	Europe/Helsinki
KTU	VIKO	Asia/Kolkata
KTW	EPKT	Europe/Warsaw
KTX	GAKO	Africa/Bamako
KTY	VCCN	Asia/Colombo
KUA	WMKD	Asia/Kuala_Lumpur
KUC	NGKT	Pacific/Tarawa
KUD	WBKT	Asia/Kuching
KUF	UWWW	Europe/Samara
KUG	YKUB	Australia/Brisbane
KUH	RJCK	Asia/Tokyo
KUK	PFKA	America/Anchorage
KUL	WMKK	Asia/Kuala_Lumpur
KUM	RJFC	Asia/Tokyo
KUN	EYKA	Europe/Vilnius
KUO	EFKU	Europe/Helsinki
KUQ	AYKU	Pacific/Port_Moresby
KUS	BGKK	America/Nuuk
KUT	UGKO	Asia/Tbilisi
KUU	VIBR	Asia/Kolkata
KUV	RKJK	Asia/Seoul
KVA	LGKV	Europe/Athens
KVB	ESGR	Europe/Stockholm
KVC	PAVC	America/Anchorage
KVG	AYKV	Pacific/Port_Moresby
KVK	ULMK	Europe/Moscow
KVL	PAVL	America/Anchorage
KVM	UHMO	Asia/Anadyr
KVX	USKK	Europe/Moscow
KWA	PKWA	Pacific/Kwajalein
KWE	ZUGY	Asia/Shanghai
KWG	UKDR	Europe/Zaporozhye
KWH	OAHN	Asia/Kabul
KWI	OKKK	Asia/Kuwait
KWJ	RKJJ	Asia/Seoul
KWK	PAGG	America/Anchorage
KWL	ZGKL	Asia/Shanghai
KWM	YKOW	Australia/Brisbane
KWN	PAQH	America/Anchorage
KWO	AYKW	Pacific/Port_Moresby
KWP	KKWP	America/Anchorage
KWT	PFKW	America/Anchorage
KWZ	FZQM	Africa/Lubumbashi
KXB	WAWP	Asia/Makassar
KXD	USHK	Asia/Yekaterinburg
KXE	FAKD	Africa/Johannesburg
KXF	NFNO	Pacific/Fiji
KXK	UHKK	Asia/Vladivostok
KXU	NTKT	Pacific/Tahiti
KYA	LTAN	Europe/Istanbul
KYD	RCLY	Asia/Taipei
KYE	OLKA	Asia/Beirut
KYF	YYLR	Australia/Perth
KYI	YYTA	Australia/Adelaide
KYK	PAKY	America/Anchorage
KYO	KX39	America/New_York
KYP	VYKP	Asia/Yangon
KYS	GAKY	Africa/Bamako
KYT	VYKU	Asia/Yangon
KYU	PFKU	America/Anchorage
KYZ	UNKY	Asia/Krasnoyarsk
KZF	AYKT	Pacific/Port_Moresby
KZG	EDGY	Europe/Berlin
KZI	LGKZ	Europe/Athens
KZN	UWKD	Europe/Moscow
KZO	UAOO	Asia/Qyzylorda
KZR	LTBZ	Europe/Istanbul
KZS	LGKJ	Europe/Athens
LAA	KLAA	America/Denver
LAD	FNLU	Africa/Luanda
LAE	AYNZ	Pacific/Port_Moresby
LAF	KLAF	America/New_York
LAH	WAPH	Asia/Jayapura
LAI	LFRO	Europe/Paris
LAJ	SBLJ	America/Sao_Paulo
LAK	CYKD	America/Edmonton
LAL	KLAL	America/New_York
LAM	KLAM	America/Denver
LAN	KLAN	America/Detroit
LAO	RPLI	Asia/Manila
LAP	MMLP	America/Mazatlan
LAQ	HLLQ	Africa/Tripoli
LAR	KLAR	America/Denver
LAS	KLAS	America/Los_Angeles
LAU	HKLU	Africa/Nairobi
LAW	KLAW	America/Chicago
LAX	KLAX	America/Los_Angeles
LAY	FALY	Africa/Johannesburg
LAZ	SBLP	America/Bahia
LBA	EGNM	Europe/London
LBB	KLBB	America/Chicago
LBC	EDHL	Europe/Berlin
LBD	UTDL	Asia/Dushanbe
LBE	KLBE	America/New_York
LBF	KLBF	America/Chicago
LBG	LFPB	Europe/Paris
LBI	LFCI	Europe/Paris
LBJ	WATO	Asia/Makassar
LBL	KLBL	America/Chicago
LBO	FZVI	Africa/Lubumbashi
LBQ	FOGR	Africa/Libreville
LBR	SWLB	America/Boa_Vista
LBS	NFNL	Pacific/Fiji
LBT	KLBT	America/New_York
LBU	WBKL	Asia/Kuching
LBV	FOOL	Africa/Libreville
LBW	WRLB	Asia/Makassar
LBX	RPLU	Asia/Manila
LBY	LFRE	Europe/Paris
LBZ	FNLK	Africa/Luanda
LCA	LCLK	Asia/Nicosia
LCC	LIBN	Europe/Rome
LCD	FALO	Africa/Johannesburg
LCE	MHLC	America/Tegucigalpa
LCF	MGRD	America/Guatemala
LCG	LECO	Europe/Madrid
LCH	KLCH	America/Chicago
LCI	KLCI	America/New_York
LCJ	EPLL	Europe/Warsaw
LCK	KLCK	America/New_York
LCL	MULM	America/Havana
LCM	SACC	America/Argentina/Cordoba
LCN	YBLC	Australia/Adelaide
LCO	FCBL	Africa/Brazzaville
LCQ	KLCQ	America/New_York
LCV	LIQL	Europe/Rome
LCX	ZSLD	Asia/Shanghai
LCY	EGLC	Europe/London
LDA	VEMH	Asia/Kolkata
LDB	SBLO	America/Sao_Paulo
LDC	YLIN	Australia/Lindeman
LDE	LFBT	Europe/Paris
LDG	ULAL	Europe/Moscow
LDH	YLHI	Australia/Lord_Howe
LDI	HTLI	Africa/Dar_es_Salaam
LDJ	KLDJ	America/New_York
LDK	ESGL	Europe/Stockholm
LDM	KLDM	America/Detroit
LDN	VNLD	Asia/Kathmandu
LDO	SMDO	America/Paramaribo
LDS	ZYLD	Asia/Shanghai
LDU	WBKD	Asia/Kuala_Lumpur
LDV	LFRJ	Europe/Paris
LDX	SOOM	America/Cayenne
LDY	EGAE	Europe/London
LDZ	FALD	Africa/Johannesburg
LEA	YPLM	Australia/Perth
LEB	KLEB	America/New_York
LEC	SBLE	America/Bahia
LED	ULLI	Europe/Moscow
LEE	KLEE	America/New_York
LEF	FXLK	Africa/Maseru
LEH	LFOH	Europe/Paris
LEI	LEAM	Europe/Madrid
LEJ	EDDP	Europe/Berlin
LEK	GULB	Africa/Conakry
LEL	YLEV	Australia/Darwin
LEM	KLEM	America/Denver
LEN	LELN	Europe/Madrid
LEP	SNDN	America/Sao_Paulo
LEQ	EGHC	Europe/London
LER	YLST	Australia/Perth
LES	FXLS	Africa/Maseru
LET	SKLT	America/Bogota
LEU	LESU	Europe/Madrid
LEV	NFNB	Pacific/Fiji
LEW	KLEW	America/New_York
LEX	KLEX	America/New_York
LEY	EHLE	Europe/Amsterdam
LFB	FQLU	Africa/Maputo
LFI	KLFI	America/New_York
LFK	KLFK	America/Chicago
LFM	OISR	Asia/Tehran
LFN	KLHZ	America/New_York
LFO	HAKL	Africa/Addis_Ababa
LFP	YLFD	Australia/Brisbane
LFQ	ZBLF	Asia/Shanghai
LFR	SVLF	America/Caracas
LFT	KLFT	America/Chicago
LFW	DXXX	Africa/Lome
LGA	KLGA	America/New_York
LGB	KLGB	America/Los_Angeles
LGC	KLGC	America/New_York
LGD	KLGD	America/Los_Angeles
LGF	KLGF	America/Phoenix
LGG	EBLG	Europe/Brussels
LGH	YLEC	Australia/Adelaide
LGI	MYLD	America/Nassau
LGK	WMKL	Asia/Kuala_Lumpur
LGL	WBGF	Asia/Kuala_Lumpur
LGO	EDWL	Europe/Berlin
LGQ	SENL	America/Guayaquil
LGR	SCHR	America/Santiago
LGS	SAMM	America/Argentina/Mendoza
LGT	SKGA	America/Bogota
LGU	KLGU	America/Denver
LGW	EGKK	Europe/London
LHA	EDTL	Europe/Berlin
LHB	EG74	Europe/London
LHE	OPLA	Asia/Karachi
LHG	YLRD	Australia/Sydney
LHI	WAJL	Asia/Jayapura
LHK	ZHGH	Asia/Shanghai
LHL	_LHL	Asia/Baku
LHR	EGLL	Europe/London
LHS	SAVH	America/Argentina/Rio_Gallegos
LHU	FYLS	Africa/Windhoek
LHV	KLHV	America/New_York
LHW	ZLLL	Asia/Shanghai
LIA	ZULP	Asia/Shanghai
LIB	YLIM	Australia/Darwin
LIC	KLIC	America/Denver
LIE	FZFA	Africa/Kinshasa
LIF	NWWL	Pacific/Noumea
LIG	LFBL	Europe/Paris
LIH	PHLI	Pacific/Honolulu
LII	WAJM	Asia/Jayapura
LIL	LFQQ	Europe/Paris
LIM	SPJC	America/Lima
LIN	LIML	Europe/Rome
LIO	MRLM	America/Costa_Rica
LIP	SBLN	America/Sao_Paulo
LIQ	FZGA	Africa/Lubumbashi
LIR	MRLB	America/Costa_Rica
LIS	LPPT	Europe/Lisbon
LIT	KLIT	America/Chicago
LIV	K4AK	America/Anchorage
LIW	VYLK	Asia/Yangon
LIX	FWLK	Africa/Blantyre
LIY	KLHW	America/New_York
LIZ	ME16	America/New_York
LJA	FZVA	Africa/Lubumbashi
LJG	ZPLJ	Asia/Shanghai
LJN	KLBX	America/Chicago
LJU	LJLJ	Europe/Ljubljana
LKA	WRKL	Asia/Makassar
LKB	NFNK	Pacific/Fiji
LKD	YLND	Australia/Brisbane
LKG	HKLK	Africa/Nairobi
LKH	WBGL	Asia/Kuala_Lumpur
LKK	PAKL	America/Anchorage
LKL	ENNA	Europe/Oslo
LKN	ENLK	Europe/Oslo
LKO	VILK	Asia/Kolkata
LKP	KLKP	America/New_York
LKV	KLKV	America/Los_Angeles
LKW	OOLK	Asia/Muscat
LKY	HTLM	Africa/Dar_es_Salaam
LKZ	EGUL	Europe/London
LLA	ESPA	Europe/Stockholm
LLB	ZULB	Asia/Shanghai
LLE	FAMN	Africa/Johannesburg
LLF	ZGLG	Asia/Shanghai
LLG	YCGO	Australia/Brisbane
LLI	HALL	Africa/Addis_Ababa
LLJ	WIPB	Asia/Jakarta
LLK	UBBL	Asia/Baku
LLS	SATK	America/Argentina/Cordoba
LLT	FNLB	Africa/Luanda
LLV	ZBLL	Asia/Shanghai
LLW	FWKI	Africa/Blantyre
LLX	KCDA	America/New_York
LLY	KVAY	America/New_York
LMA	PAMH	America/Anchorage
LMB	FWSM	Africa/Blantyre
LME	LFRM	Europe/Paris
LMI	AYLU	Pacific/Port_Moresby
LMM	MMLM	America/Mazatlan
LMN	WBGJ	Asia/Kuala_Lumpur
LMO	EGQS	Europe/London
LMP	LICD	Europe/Rome
LMQ	HLMB	Africa/Tripoli
LMR	FALC	Africa/Johannesburg
LMS	KLMS	America/Chicago
LMT	KLMT	America/Los_Angeles
LMV	VRGD	Indian/Maldives
LMY	AYLM	Pacific/Port_Moresby
LNA	KLNA	America/New_York
LNB	NVSM	Pacific/Efate
LND	KLND	America/Denver
LNE	NVSO	Pacific/Efate
LNH	YLKN	Australia/Darwin
LNI	AK71	America/Anchorage
LNJ	ZPLC	Asia/Shanghai
LNK	KLNK	America/Chicago
LNL	ZLLN	Asia/Shanghai
LNN	KLNN	America/New_York
LNO	YLEO	Australia/Perth
LNP	KLNP	America/New_York
LNR	KLNR	America/Chicago
LNS	KLNS	America/New_York
LNV	AYKY	Pacific/Port_Moresby
LNX	UUBS	Europe/Moscow
LNY	PHNY	Pacific/Honolulu
LNZ	LOWL	Europe/Vienna
LOA	YLOR	Australia/Brisbane
LOB	SCAN	America/Santiago
LOC	YLOK	Australia/Adelaide
LOD	NVSG	Pacific/Efate
LOE	VTUL	Asia/Bangkok
LOH	SETM	America/Guayaquil
LOI	SSLN	America/Sao_Paulo
LOK	HKLO	Africa/Nairobi
LOL	KLOL	America/Los_Angeles
LOO	DAUL	Africa/Algiers
LOP	WADL	Asia/Makassar
LOS	DNMM	Africa/Lagos
LOT	KLOT	America/Chicago
LOU	KLOU	America/New_York
LOV	MMMV	America/Monterrey
LOW	KLKU	America/New_York
LOY	HKLY	Africa/Nairobi
LOZ	KLOZ	America/New_York
LPA	GCLP	Atlantic/Canary
LPB	SLLP	America/La_Paz
LPC	KLPC	America/Los_Angeles
LPD	SKLP	America/Bogota
LPF	ZUPS	Asia/Shanghai
LPG	SADL	America/Argentina/Buenos_Aires
LPI	ESSL	Europe/Stockholm
LPJ	SVAS	America/Caracas
LPK	UUOL	Europe/Moscow
LPL	EGGP	Europe/London
LPM	NVSL	Pacific/Efate
LPO	KPPO	America/Chicago
LPP	EFLP	Europe/Helsinki
LPQ	VLLB	Asia/Vientiane
LPS	KS31	America/Los_Angeles
LPT	VTCL	Asia/Bangkok
LPU	WRLP	Asia/Makassar
LPX	EVLA	Europe/Riga
LPY	LFHP	Europe/Paris
LPZ	SKSG	America/Bogota
LQK	KLQK	America/New_York
LQM	SKLG	America/Bogota
LQN	OAQN	Asia/Kabul
LRA	LGLR	Europe/Athens
LRB	FXLR	Africa/Maseru
LRD	KLRD	America/Chicago
LRE	YLRE	Australia/Brisbane
LRF	KLRF	America/Chicago
LRG	OPLL	Asia/Karachi
LRH	LFBH	Europe/Paris
LRJ	KLRJ	America/Chicago
LRL	DXNG	Africa/Lome
LRM	MDLR	America/Santo_Domingo
LRR	OISL	Asia/Tehran
LRS	LGLE	Europe/Athens
LRT	LFRH	Europe/Paris
LRU	KLRU	America/Denver
LRV	SVRS	America/Caracas
LSA	AYKA	Pacific/Port_Moresby
LSB	KLSB	America/Denver
LSC	SCSE	America/Santiago
LSE	KLSE	America/Chicago
LSF	KLSF	America/New_York
LSG	_LSG	Asia/Shanghai
LSH	VYLS	Asia/Yangon
LSI	EGPB	Europe/London
LSK	KLSK	America/Denver
LSL	MRLC	America/Costa_Rica
LSM	WBGD	Asia/Kuching
LSN	KLSN	America/Los_Angeles
LSO	LFOO	Europe/Paris
LSP	SVJC	America/Caracas
LSQ	SCGE	America/Santiago
LSS	TFFS	America/Guadeloupe
LST	YMLT	Australia/Melbourne
LSU	WBGU	Asia/Kuching
LSV	KLSV	America/Los_Angeles
LSW	WITM	Asia/Jakarta
LSX	WITL	Asia/Jakarta
LSY	YLIS	Australia/Sydney
LSZ	LDLO	Europe/Zagreb
LTA	FATZ	Africa/Johannesburg
LTC	FTTH	Africa/Ndjamena
LTD	HLTD	Africa/Tripoli
LTG	VNLT	Asia/Kathmandu
LTI	ZMAT	Asia/Ulaanbaatar
LTK	OSLK	Asia/Damascus
LTL	FOOR	Africa/Libreville
LTM	SYLT	America/Guyana
LTN	EGGW	Europe/London
LTO	MMLT	America/Mazatlan
LTP	YLHS	Australia/Brisbane
LTQ	LFAT	Europe/Paris
LTS	KLTS	America/Chicago
LTT	LFTZ	Europe/Paris
LTU	VALT	Asia/Kolkata
LTV	YLOV	Australia/Brisbane
LTW	K2W6	America/New_York
LTX	SELT	America/Guayaquil
LUA	VNLK	Asia/Kathmandu
LUB	SYLP	America/Guyana
LUC	NFNH	Pacific/Fiji
LUD	FYLZ	Africa/Windhoek
LUE	LZLU	Europe/Bratislava
LUF	KLUF	America/Phoenix
LUG	LSZA	Europe/Zurich
LUH	VILD	Asia/Kolkata
LUK	KLUK	America/New_York
LUL	KLUL	America/Chicago
LUM	ZPLX	Asia/Shanghai
LUN	FLKK	Africa/Lusaka
LUO	FNUE	Africa/Luanda
LUP	PHLU	Pacific/Honolulu
LUQ	SAOU	America/Argentina/San_Luis
LUR	PALU	America/Anchorage
LUS	FZCE	Africa/Kinshasa
LUT	YLRS	Australia/Brisbane
LUU	YLRA	Australia/Brisbane
LUV	WAPL	Asia/Jayapura
LUW	WAMW	Asia/Makassar
LUX	ELLX	Europe/Luxembourg
LUZ	EPLB	Europe/Warsaw
LVA	LFOV	Europe/Paris
LVD	K2AK	America/Anchorage
LVI	FLLI	Africa/Lusaka
LVK	KLVK	America/Los_Angeles
LVL	KLVL	America/New_York
LVM	KLVM	America/Denver
LVO	YLTN	Australia/Perth
LVP	OIBV	Asia/Tehran
LVR	SILC	America/Cuiaba
LVS	KLVS	America/Denver
LWB	KLWB	America/New_York
LWC	KLWC	America/Chicago
LWH	YLAH	Australia/Brisbane
LWI	AYLO	Pacific/Port_Moresby
LWK	EGET	Europe/London
LWL	KLWL	America/Los_Angeles
LWM	KLWM	America/New_York
LWN	UDSG	Asia/Yerevan
LWO	UKLL	Europe/Kyiv
LWR	EHLW	Europe/Amsterdam
LWS	KLWS	America/Los_Angeles
LWT	KLWT	America/Denver
LWV	KLWV	America/Chicago
LWY	WBGW	Asia/Kuala_Lumpur
LXA	ZULS	Asia/Shanghai
LXG	VLLN	Asia/Vientiane
LXN	KLXN	America/Chicago
LXR	HELX	Africa/Cairo
LXS	LGLM	Europe/Athens
LXU	FLLK	Africa/Lusaka
LXV	KLXV	America/Denver
LYA	ZHLY	Asia/Shanghai
LYB	MWCL	America/Cayman
LYC	ESNL	Europe/Stockholm
LYG	ZSLG	Asia/Shanghai
LYH	KLYH	America/New_York
LYI	ZSLY	Asia/Shanghai
LYN	LFLY	Europe/Paris
LYO	KLYO	America/Chicago
LYP	OPFA	Asia/Karachi
LYR	ENSB	Arctic/Longyearbyen
LYS	LFLL	Europe/Paris
LYU	KELO	America/Chicago
LYX	EGMD	Europe/London
LZA	FZUG	Africa/Lubumbashi
LZC	MMLC	America/Mexico_City
LZG	ZULA	Asia/Shanghai
LZH	ZGZH	Asia/Shanghai
LZI	FZAL	Africa/Kinshasa
LZM	FNLZ	Africa/Luanda
LZN	RCFG	Asia/Taipei
LZO	ZULZ	Asia/Shanghai
LZR	YLZI	Australia/Brisbane
LZU	KLZU	America/New_York
LZY	ZUNZ	Asia/Shanghai
MAA	VOMM	Asia/Kolkata
MAB	SBMA	America/Araguaina
MAC	KMAC	America/New_York
MAD	LEMD	Europe/Madrid
MAE	KMAE	America/Los_Angeles
MAF	KMAF	America/Chicago
MAG	AYMD	Pacific/Port_Moresby
MAH	LEMH	Europe/Madrid
MAJ	PKMJ	Pacific/Majuro
MAK	HSSM	Africa/Juba
MAL	WAPE	Asia/Jayapura
MAM	MMMA	America/Mexico_City
MAN	EGCC	Europe/London
MAO	SBEG	America/Boa_Vista
MAQ	VTPM	Asia/Bangkok
MAR	SVMC	America/Caracas
MAS	AYMO	Pacific/Port_Moresby
MAT	FZAM	Africa/Kinshasa
MAU	NTTP	Pacific/Tahiti
MAW	KMAW	America/Chicago
MAX	GOSM	Africa/Dakar
MAY	MYAB	America/Nassau
MAZ	TJMZ	America/Puerto_Rico
MBA	HKMO	Africa/Nairobi
MBB	YMBL	Australia/Perth
MBC	FOGG	Africa/Libreville
MBD	FAMM	Africa/Johannesburg
MBE	RJEB	Asia/Tokyo
MBF	YPOK	Australia/Melbourne
MBG	KMBG	America/Chicago
MBH	YMYB	Australia/Brisbane
MBI	HTMB	Africa/Dar_es_Salaam
MBJ	MKJS	America/Jamaica
MBK	SWXM	America/Cuiaba
MBL	KMBL	America/Detroit
MBO	RPUM	Asia/Manila
MBP	SPBB	America/Lima
MBQ	HUMA	Africa/Kampala
MBS	KMBS	America/New_York
MBT	RPVJ	Asia/Manila
MBU	AGGI	Pacific/Guadalcanal
MBW	YMMB	Australia/Melbourne
MBX	LJMB	Europe/Ljubljana
MBY	KMBY	America/Chicago
MBZ	SWMW	America/Boa_Vista
MCA	GUMA	Africa/Conakry
MCB	KMCB	America/Chicago
MCC	KMCC	America/Los_Angeles
MCD	KMCD	America/Detroit
MCE	KMCE	America/Los_Angeles
MCF	KMCF	America/New_York
MCG	PAMC	America/Anchorage
MCH	SEMH	America/Guayaquil
MCI	KMCI	America/Chicago
MCJ	SKLM	America/Bogota
MCK	KMCK	America/Chicago
MCL	PAIN	America/Anchorage
MCN	KMCN	America/New_York
MCO	KMCO	America/New_York
MCP	SBMQ	America/Belem
MCR	MGMM	America/Guatemala
MCS	SARM	America/Argentina/Cordoba
MCT	OOMS	Asia/Muscat
MCU	LFBK	Europe/Paris
MCV	YMHU	Australia/Darwin
MCW	KMCW	America/Chicago
MCX	URML	Europe/Moscow
MCY	YBMC	Australia/Brisbane
MCZ	SBMO	America/Maceio
MDC	WAMM	Asia/Makassar
MDD	KMDD	America/Chicago
MDE	SKRG	America/Bogota
MDF	KMDZ	America/Chicago
MDG	ZYMD	Asia/Shanghai
MDH	KMDH	America/Chicago
MDI	DNMK	Africa/Lagos
MDJ	KS33	America/Los_Angeles
MDK	FZEA	Africa/Kinshasa
MDL	VYMD	Asia/Yangon
MDN	KIMS	America/Indiana/Indianapolis
MDO	PAMD	America/Anchorage
MDP	WAKD	Asia/Jayapura
MDQ	SAZM	America/Argentina/Buenos_Aires
MDS	MBMC	America/Grand_Turk
MDT	KMDT	America/New_York
MDU	AYMN	Pacific/Port_Moresby
MDW	KMDW	America/Chicago
MDX	SATM	America/Argentina/Cordoba
MDY	PMDY	Pacific/Midway
MDZ	SAME	America/Argentina/Mendoza
MEA	SBME	America/Sao_Paulo
MEB	YMEN	Australia/Melbourne
MEC	SEMT	America/Guayaquil
MED	OEMA	Asia/Riyadh
MEE	NWWR	Pacific/Noumea
MEG	FNMA	Africa/Luanda
MEH	ENMH	Europe/Oslo
MEI	KMEI	America/Chicago
MEJ	KGKJ	America/New_York
MEK	GMFM	Africa/Casablanca
MEL	YMML	Australia/Melbourne
MEM	KMEM	America/Chicago
MEN	LFNB	Europe/Paris
MEO	KMQI	America/New_York
MEP	WMAU	Asia/Kuala_Lumpur
MEQ	WITC	Asia/Jakarta
MER	KMER	America/Los_Angeles
MES	WIMK	Asia/Jakarta
MET	YMOT	Australia/Brisbane
MEU	SBMD	America/Belem
MEV	KMEV	America/Los_Angeles
MEW	FZVM	Africa/Lubumbashi
MEX	MMMX	America/Mexico_City
MEY	VNMG	Asia/Kathmandu
MEZ	FAMH	Africa/Johannesburg
MFA	HTMA	Africa/Dar_es_Salaam
MFC	FXMF	Africa/Maseru
MFD	KMFD	America/New_York
MFE	KMFE	America/Chicago
MFF	FOOD	Africa/Libreville
MFG	OPMF	Asia/Karachi
MFH	K67L	America/Los_Angeles
MFI	KMFI	America/Chicago
MFJ	NFMO	Pacific/Fiji
MFK	RCMT	Asia/Taipei
MFM	VMMC	Asia/Macau
MFN	NZMF	Pacific/Auckland
MFO	AYNG	Pacific/Port_Moresby
MFP	YMCR	Australia/Darwin
MFQ	DRRM	Africa/Niamey
MFR	KMFR	America/Los_Angeles
MFS	SKMF	America/Bogota
MFU	FLMF	Africa/Lusaka
MFV	KMFV	America/New_York
MFX	LFKX	Europe/Paris
MGA	MNMG	America/Managua
MGB	YMTG	Australia/Adelaide
MGC	KMGC	America/Chicago
MGD	SLMG	America/La_Paz
MGE	KMGE	America/New_York
MGF	SBMG	America/Sao_Paulo
MGH	FAMG	Africa/Johannesburg
MGJ	KMGJ	America/New_York
MGK	VYMT	Asia/Yangon
MGL	EDLN	Europe/Berlin
MGM	KMGM	America/Chicago
MGN	SKMG	America/Bogota
MGQ	HCMM	Africa/Mogadishu
MGR	KMGR	America/New_York
MGS	NCMG	Pacific/Rarotonga
MGT	YMGB	Australia/Darwin
MGU	VYMN	Asia/Yangon
MGV	YMGR	Australia/Perth
MGW	KMGW	America/New_York
MGX	FOGI	Africa/Libreville
MGY	KMGY	America/New_York
MGZ	VYME	Asia/Yangon
MHA	SYMD	America/Guyana
MHC	SCPQ	America/Santiago
MHD	OIMM	Asia/Tehran
MHE	KMHE	America/Chicago
MHG	EDFM	Europe/Berlin
MHH	MYAM	America/Nassau
MHI	HDMO	Africa/Djibouti
MHK	KMHK	America/Chicago
MHL	KMHL	America/Chicago
MHN	84NE	America/Chicago
MHO	YMHO	Australia/Perth
MHQ	EFMA	Europe/Mariehamn
MHR	KMHR	America/Los_Angeles
MHS	K1O6	America/Los_Angeles
MHT	KMHT	America/New_York
MHU	YHOT	Australia/Hobart
MHV	KMHV	America/Los_Angeles
MHW	SLAG	America/La_Paz
MHX	NCMH	Pacific/Rarotonga
MHZ	EGUN	Europe/London
MIA	KMIA	America/New_York
MIB	KMIB	America/Chicago
MIC	KMIC	America/Chicago
MID	MMMD	America/Merida
MIE	KMIE	America/Indiana/Indianapolis
MIF	KE01	America/Chicago
MIG	ZUMY	Asia/Shanghai
MIH	YMIP	Australia/Perth
MII	SBML	America/Sao_Paulo
MIJ	K1Q9	Pacific/Majuro
MIK	EFMI	Europe/Helsinki
MIM	YMER	Australia/Sydney
MIN	YMPA	Australia/Adelaide
MIO	KMIO	America/Chicago
MIP	LLMR	Asia/Jerusalem
MIQ	KMLE	America/Chicago
MIR	DTMB	Africa/Tunis
MIS	AYMS	Pacific/Port_Moresby
MIT	KMIT	America/Los_Angeles
MIU	DNMA	Africa/Lagos
MIV	KMIV	America/New_York
MIW	KMIW	America/Chicago
MJA	FMSJ	Indian/Antananarivo
MJC	DIMN	Africa/Abidjan
MJD	OPMJ	Asia/Karachi
MJF	ENMS	Europe/Oslo
MJG	MUMJ	America/Havana
MJI	HLLM	Africa/Tripoli
MJK	YSHK	Australia/Perth
MJL	FOGM	Africa/Libreville
MJM	FZWA	Africa/Lubumbashi
MJN	FMNM	Indian/Antananarivo
MJO	FYME	Africa/Windhoek
MJP	YMJM	Australia/Perth
MJQ	KMJQ	America/Chicago
MJR	SAEM	America/Argentina/Buenos_Aires
MJT	LGMT	Europe/Athens
MJU	WAWJ	Asia/Makassar
MJX	KMJX	America/New_York
MJZ	UERR	Asia/Yakutsk
MKA	LKMR	Europe/Prague
MKB	FOOE	Africa/Libreville
MKC	KMKC	America/Chicago
MKE	KMKE	America/Chicago
MKG	KMKG	America/New_York
MKH	FXMK	Africa/Maseru
MKI	FEGE	Africa/Bangui
MKJ	FCOM	Africa/Brazzaville
MKK	PHMK	Pacific/Honolulu
MKL	KMKL	America/Chicago
MKM	WBGK	Asia/Kuching
MKO	KMKO	America/Chicago
MKP	NTGM	Pacific/Tahiti
MKQ	WAKK	Asia/Jayapura
MKR	YMEK	Australia/Perth
MKT	KMKT	America/Chicago
MKU	FOOK	Africa/Libreville
MKV	YMVG	Australia/Darwin
MKW	WASR	Asia/Jayapura
MKY	YBMK	Australia/Brisbane
MKZ	WMKM	Asia/Kuala_Lumpur
MLA	LMML	Europe/Malta
MLB	KMLB	America/New_York
MLC	KMLC	America/Chicago
MLD	KMLD	America/Denver
MLE	VRMM	Indian/Maldives
MLF	KMLF	America/Denver
MLG	WARA	Asia/Jakarta
MLH	_MLH	Europe/Paris
MLI	KMLI	America/Chicago
MLJ	KMLJ	America/New_York
MLK	KM75	America/Denver
MLL	PADM	America/Nome
MLM	MMMM	America/Mexico_City
MLN	GEML	Europe/Madrid
MLO	LGML	Europe/Athens
MLP	RPMM	Asia/Manila
MLR	YMCT	Australia/Adelaide
MLS	KMLS	America/Denver
MLT	KMLT	America/New_York
MLU	KMLU	America/Chicago
MLV	YMEU	Australia/Brisbane
MLW	GLMR	Africa/Monrovia
MLX	LTAT	Europe/Istanbul
MLY	PAML	America/Anchorage
MLZ	SUMO	America/Montevideo
MMB	RJCM	Asia/Tokyo
MMC	MMDM	America/Monterrey
MMD	ROMD	Asia/Tokyo
MME	EGNV	Europe/London
MMF	FKKF	Africa/Douala
MMG	YMOG	Australia/Perth
MMH	KMMH	America/Los_Angeles
MMI	KMMI	America/New_York
MMJ	RJAF	Asia/Tokyo
MMK	ULMM	Europe/Moscow
MML	KMML	America/Chicago
MMM	YMMU	Australia/Brisbane
MMN	K6B6	America/New_York
MMO	GVMA	Atlantic/Cape_Verde
MMP	SKMP	America/Bogota
MMQ	FLBA	Africa/Lusaka
MMS	KMMS	America/Chicago
MMT	KMMT	America/New_York
MMU	KMMU	America/New_York
MMX	ESMS	Europe/Stockholm
MMY	ROMY	Asia/Tokyo
MMZ	OAMN	Asia/Kabul
MNA	WAMN	Asia/Makassar
MNB	FZAG	Africa/Kinshasa
MNC	FQNC	Africa/Maputo
MNE	YMUG	Australia/Adelaide
MNF	NFMA	Pacific/Fiji
MNG	YMGD	Australia/Darwin
MNH	OORQ	Asia/Muscat
MNI	TRPG	America/Montserrat
MNJ	FMSM	Indian/Antananarivo
MNK	NGMA	Pacific/Tarawa
MNL	RPLL	Asia/Manila
MNM	KMNM	America/Menominee
MNN	KMNN	America/New_York
MNO	FZRA	Africa/Lubumbashi
MNQ	YMTO	Australia/Brisbane
MNR	FLMG	Africa/Lusaka
MNS	FLMA	Africa/Lusaka
MNT	PAAF	America/Anchorage
MNU	VYMM	Asia/Yangon
MNW	YMDS	Australia/Darwin
MNX	SBMY	America/Manaus
MNY	AGGO	Pacific/Guadalcanal
MNZ	KHEF	America/New_York
MOA	MUMO	America/Havana
MOB	KMOB	America/Chicago
MOC	SBMK	America/Sao_Paulo
MOD	KMOD	America/Los_Angeles
MOE	VYMO	Asia/Yangon
MOF	WATC	Asia/Makassar
MOG	VYMS	Asia/Yangon
MOI	NCMR	Pacific/Rarotonga
MOJ	SMMO	America/Paramaribo
MOL	ENML	Europe/Oslo
MOM	GQNL	Africa/Nouakchott
MON	NZMC	Pacific/Auckland
MOO	YOOM	Australia/Adelaide
MOP	KMOP	America/Detroit
MOQ	FMMV	Indian/Antananarivo
MOR	KMOR	America/New_York
MOS	KMOS	America/Nome
MOT	KMOT	America/Chicago
MOU	PAMO	America/Anchorage
MOV	YMRB	Australia/Brisbane
MOX	KMOX	America/Chicago
MOZ	NTTM	Pacific/Tahiti
MPA	FYKM	Africa/Windhoek
MPC	WIPU	Asia/Jakarta
MPD	OPMP	Asia/Karachi
MPH	RPVE	Asia/Manila
MPJ	KMPJ	America/Chicago
MPL	LFMT	Europe/Paris
MPM	FQMA	Africa/Maputo
MPN	EGYP	Atlantic/Stanley
MPO	KMPO	America/New_York
MPR	KMPR	America/Chicago
MPS	KOSA	America/Chicago
MPT	WPMN	Asia/Dili
MPV	KMPV	America/New_York
MPW	UKCM	Europe/Kyiv
MPY	SOOA	America/Cayenne
MPZ	KMPZ	America/Chicago
MQA	YMDI	Australia/Perth
MQB	KMQB	America/Chicago
MQC	LFVM	America/Miquelon
MQD	SAVQ	America/Argentina/Salta
MQE	YMQA	Australia/Darwin
MQF	USCM	Asia/Yekaterinburg
MQH	SBMC	America/Sao_Paulo
MQJ	UEMA	Asia/Srednekolymsk
MQK	SLTI	America/La_Paz
MQL	YMIA	Australia/Hobart
MQM	LTCR	Europe/Istanbul
MQN	ENRA	Europe/Oslo
MQP	FAKN	Africa/Johannesburg
MQQ	FTTD	Africa/Ndjamena
MQS	TVSM	America/St_Vincent
MQT	KSAW	America/New_York
MQU	SKQU	America/Bogota
MQW	KMQW	America/New_York
MQX	HAMK	Africa/Addis_Ababa
MQY	KMQY	America/Chicago
MQZ	YMGT	Australia/Perth
MRA	HLMS	Africa/Tripoli
MRB	KMRB	America/New_York
MRC	KMRC	America/Chicago
MRD	SVMD	America/Caracas
MRE	HKMS	Africa/Nairobi
MRF	KMRF	America/Chicago
MRG	YMBA	Australia/Brisbane
MRI	PAMR	America/Anchorage
MRK	KMKY	America/New_York
MRN	KMRN	America/New_York
MRO	NZMS	Pacific/Auckland
MRP	YALA	Australia/Adelaide
MRQ	RPUW	Asia/Manila
MRR	SEMA	America/Guayaquil
MRS	LFML	Europe/Paris
MRU	FIMP	Indian/Mauritius
MRV	URMM	Europe/Moscow
MRW	EKMB	Europe/Copenhagen
MRX	OIAM	Asia/Tehran
MRY	KMRY	America/Los_Angeles
MRZ	YMOR	Australia/Sydney
MSA	CZMD	America/Winnipeg
MSC	KFFZ	America/Phoenix
MSF	YMNS	Australia/Darwin
MSG	FXMA	Africa/Maseru
MSH	OOMA	Asia/Muscat
MSJ	RJSM	Asia/Tokyo
MSL	KMSL	America/Chicago
MSM	FZCV	Africa/Kinshasa
MSN	KMSN	America/Chicago
MSO	KMSO	America/Denver
MSP	KMSP	America/Chicago
MSQ	UMMS	Europe/Minsk
MSR	LTCK	Europe/Istanbul
MSS	KMSS	America/New_York
MST	EHBK	Europe/Amsterdam
MSU	FXMM	Africa/Maseru
MSV	KMSV	America/New_York
MSW	HHMS	Africa/Asmara
MSX	FCMM	Africa/Brazzaville
MSY	KMSY	America/Chicago
MSZ	FNMO	Africa/Luanda
MTA	NZMA	Pacific/Auckland
MTB	SKML	America/Bogota
MTC	KMTC	America/Detroit
MTD	YMSF	Australia/Darwin
MTE	SNMA	America/Santarem
MTF	HAMT	Africa/Addis_Ababa
MTG	SWVB	America/Cuiaba
MTH	KMTH	America/New_York
MTI	GVMT	Atlantic/Cape_Verde
MTJ	KMTJ	America/Denver
MTK	NGMN	Pacific/Tarawa
MTL	YMND	Australia/Sydney
MTN	KMTN	America/New_York
MTO	KMTO	America/Chicago
MTP	KMTP	America/New_York
MTQ	YMIT	Australia/Brisbane
MTR	SKMR	America/Bogota
MTS	FDMS	Africa/Mbabane
MTT	MMMT	America/Mexico_City
MTV	NVSA	Pacific/Efate
MTW	KMTW	America/Chicago
MTX	KMTF	America/Anchorage
MTY	MMMY	America/Mexico_City
MTZ	LLMZ	Asia/Jerusalem
MUA	AGGM	Pacific/Guadalcanal
MUB	FBMN	Africa/Gaborone
MUC	EDDM	Europe/Berlin
MUD	FQMD	Africa/Maputo
MUE	PHMU	Pacific/Honolulu
MUG	MMMG	America/Mazatlan
MUH	HEMM	Africa/Cairo
MUI	KMUI	America/New_York
MUK	NCMK	Pacific/Rarotonga
MUL	KMUL	America/New_York
MUM	_MUM	Indian/Maldives
MUN	SVMT	America/Caracas
MUO	KMUO	America/Denver
MUP	YMUP	Australia/Darwin
MUQ	YMUC	Australia/Perth
MUR	WBGM	Asia/Kuching
MUS	RJAM	Asia/Tokyo
MUT	KMUT	America/Chicago
MUW	DAOV	Africa/Algiers
MUX	OPMT	Asia/Karachi
MUY	FCBM	Africa/Brazzaville
MUZ	HTMU	Africa/Dar_es_Salaam
MVA	BIRL	Atlantic/Reykjavik
MVB	FOON	Africa/Libreville
MVC	KMVC	America/Chicago
MVD	SUMU	America/Montevideo
MVE	KMVE	America/Chicago
MVF	SBMS	America/Fortaleza
MVK	YMUK	Australia/Adelaide
MVL	KMVL	America/New_York
MVM	K0V7	America/Denver
MVN	KMVN	America/Chicago
MVO	FTTM	Africa/Ndjamena
MVP	SKMU	America/Bogota
MVQ	UMOO	Europe/Minsk
MVR	FKKL	Africa/Douala
MVS	SNMU	America/Fortaleza
MVT	NTGV	Pacific/Tahiti
MVU	YMGV	Australia/Brisbane
MVV	LFHM	Europe/Paris
MVW	KBVS	America/Los_Angeles
MVX	FOGV	Africa/Libreville
MVY	KMVY	America/New_York
MVZ	FVMV	Africa/Harare
MWA	KMWA	America/Chicago
MWB	YMRW	Australia/Perth
MWC	KMWC	America/Chicago
MWD	OPMI	Asia/Karachi
MWE	HSMR	Africa/Khartoum
MWF	NVSN	Pacific/Efate
MWH	KMWH	America/Los_Angeles
MWJ	SYMR	America/Guyana
MWK	WIOM	Asia/Jakarta
MWL	KMWL	America/Chicago
MWM	KMWM	America/Chicago
MWN	HTMD	Africa/Dar_es_Salaam
MWO	KMWO	America/New_York
MWQ	VYMW	Asia/Yangon
MWT	YMWT	Australia/Adelaide
MWX	RKJB	Asia/Seoul
MWY	YMIR	Australia/Sydney
MWZ	HTMW	Africa/Dar_es_Salaam
MXA	KMXA	America/Chicago
MXB	WAWM	Asia/Makassar
MXC	KU64	America/Denver
MXD	YMWX	Australia/Brisbane
MXE	KMEB	America/New_York
MXF	KMXF	America/Chicago
MXH	AYMR	Pacific/Port_Moresby
MXI	RPMQ	Asia/Manila
MXJ	DNMN	Africa/Lagos
MXK	AYMI	Pacific/Port_Moresby
MXL	MMML	America/Tijuana
MXM	FMSR	Indian/Antananarivo
MXN	LFRU	Europe/Paris
MXO	KMXO	America/Chicago
MXP	LIMC	Europe/Rome
MXQ	SNCL	America/Bahia
MXR	UKBM	Europe/Kyiv
MXS	NSMA	Pacific/Apia
MXT	FMMO	Indian/Antananarivo
MXU	YMWA	Australia/Perth
MXV	ZMMN	Asia/Ulaanbaatar
MXX	ESKM	Europe/Stockholm
MXY	PAMX	America/Anchorage
MXZ	ZGMX	Asia/Shanghai
MYA	YMRY	Australia/Sydney
MYB	FOOY	Africa/Libreville
MYC	SVBS	America/Caracas
MYD	HKML	Africa/Nairobi
MYE	RJTQ	Asia/Tokyo
MYF	KMYF	America/Los_Angeles
MYG	MYMM	America/Nassau
MYH	KL41	America/Phoenix
MYI	YMUI	Australia/Brisbane
MYJ	RJOM	Asia/Tokyo
MYK	KMYK	America/Anchorage
MYL	KMYL	America/Boise
MYM	SYMM	America/Guyana
MYN	OYMB	Asia/Aden
MYO	YMYR	Australia/Perth
MYP	UTAM	Asia/Ashgabat
MYQ	VOMY	Asia/Kolkata
MYR	KMYR	America/New_York
MYT	VYMK	Asia/Yangon
MYU	PAMY	America/Anchorage
MYV	KMYV	America/Los_Angeles
MYW	HTMT	Africa/Dar_es_Salaam
MYX	AYMC	Pacific/Port_Moresby
MYY	WBGR	Asia/Kuching
MYZ	FWMY	Africa/Blantyre
MZA	SPMF	America/Lima
MZB	FQMP	Africa/Maputo
MZE	MZSL	America/Belize
MZG	RCQC	Asia/Taipei
MZH	LTAP	Europe/Istanbul
MZI	GAMB	Africa/Bamako
MZJ	KMZJ	America/Phoenix
MZK	NGMK	Pacific/Tarawa
MZL	SKMZ	America/Bogota
MZM	LFSF	Europe/Paris
MZO	MUMZ	America/Havana
MZP	NZMK	Pacific/Auckland
MZQ	FAMU	Africa/Johannesburg
MZR	OAMS	Asia/Kabul
MZT	MMMZ	America/Mazatlan
MZU	VEMZ	Asia/Kolkata
MZV	WBMU	Asia/Kuala_Lumpur
MZW	DAAY	Africa/Algiers
MZX	HAML	Africa/Addis_Ababa
MZY	FAMO	Africa/Johannesburg
MZZ	KMZZ	America/Indiana/Indianapolis
NAA	YNBR	Australia/Sydney
NAC	YNRC	Australia/Adelaide
NAE	DBBN	Africa/Porto-Novo
NAG	VANP	Asia/Kolkata
NAH	WAMH	Asia/Makassar
NAI	SYAN	America/Guyana
NAJ	UBBN	Asia/Baku
NAK	VTUQ	Asia/Bangkok
NAL	URMN	Europe/Moscow
NAM	WAPR	Asia/Jayapura
NAN	NFFN	Pacific/Fiji
NAO	ZUNC	Asia/Shanghai
NAP	LIRN	Europe/Rome
NAQ	BGQQ	America/Thule
NAR	SKPN	America/Bogota
NAS	MYNN	America/Nassau
NAT	SBSG	America/Recife
NAU	NTGN	Pacific/Tahiti
NAV	LTAZ	Europe/Istanbul
NAW	VTSC	Asia/Bangkok
NAY	ZBNY	Asia/Shanghai
NBC	UWKE	Europe/Moscow
NBE	DTNH	Africa/Tunis
NBG	KNBG	America/Chicago
NBH	YNHS	Australia/Sydney
NBJ	FNBJ	Africa/Luanda
NBL	MPWN	America/Panama
NBO	HKJK	Africa/Nairobi
NBS	ZYBS	Asia/Shanghai
NBW	MUGM	America/Havana
NBX	WABI	Asia/Jayapura
NCA	MBNC	America/Grand_Turk
NCE	LFMN	Europe/Paris
NCG	MMCG	America/Chihuahua
NCH	HTNA	Africa/Dar_es_Salaam
NCI	SKNC	America/Bogota
NCJ	SAFS	America/Argentina/Cordoba
NCL	EGNT	Europe/London
NCN	PFCB	America/Anchorage
NCO	KOQU	America/New_York
NCR	MNSC	America/Managua
NCS	FANC	Africa/Johannesburg
NCT	MRNC	America/Costa_Rica
NCU	UZNN	Asia/Samarkand
NCY	LFLP	Europe/Paris
NDA	WAPC	Asia/Jakarta
NDB	GQPP	Africa/Nouakchott
NDC	VAND	Asia/Kolkata
NDD	FNSU	Africa/Luanda
NDE	HKMA	Africa/Nairobi
NDG	ZYQQ	Asia/Shanghai
NDJ	FTTJ	Africa/Ndjamena
NDL	FEFN	Africa/Bangui
NDM	HAMN	Africa/Addis_Ababa
NDR	GMMW	Africa/Casablanca
NDS	YSAN	Australia/Perth
NDU	FYRU	Africa/Windhoek
NDY	EGES	Europe/London
NEC	SAZO	America/Argentina/Buenos_Aires
NEF	UWUF	Asia/Yekaterinburg
NEG	MKNG	America/Jamaica
NEJ	HANJ	Africa/Addis_Ababa
NEK	HANK	Africa/Addis_Ababa
NEL	KNEL	America/New_York
NEN	KNEN	America/New_York
NER	UELL	Asia/Yakutsk
NEU	VLNK	Asia/Vientiane
NEV	TKPN	America/St_Kitts
NEW	KNEW	America/Chicago
NFG	USRN	Asia/Yekaterinburg
NFL	KNFL	America/Los_Angeles
NFO	NFTO	Pacific/Tongatapu
NFR	HLNR	Africa/Tripoli
NGA	YYNG	Australia/Sydney
NGB	ZSNB	Asia/Shanghai
NGD	TUPA	America/Tortola
NGE	FKKN	Africa/Douala
NGF	PHNG	Pacific/Honolulu
NGI	NFNG	Pacific/Fiji
NGL	FANG	Africa/Johannesburg
NGO	RJGG	Asia/Tokyo
NGP	KNGP	America/Chicago
NGQ	ZUAL	Asia/Shanghai
NGS	RJFU	Asia/Tokyo
NGU	KNGU	America/New_York
NGW	KNGW	America/Chicago
NHD	OMDM	Asia/Dubai
NHF	HSNW	Africa/Khartoum
NHK	KNHK	America/New_York
NHS	OPNK	Asia/Karachi
NHT	EGWU	Europe/London
NHV	NTMD	Pacific/Marquesas
NHX	KNBJ	America/Chicago
NHZ	KBXM	America/New_York
NIA	GLNA	Africa/Monrovia
NIB	PAFS	America/Anchorage
NIF	YCNF	Australia/Perth
NIG	NGNU	Pacific/Tarawa
NIM	DRRN	Africa/Niamey
NIN	KNIN	America/Anchorage
NIO	FZBI	Africa/Kinshasa
NIP	KNIP	America/New_York
NIR	KTX2	America/Chicago
NIS	AYSE	Pacific/Port_Moresby
NIT	LFBN	Europe/Paris
NIU	NTKN	Pacific/Tahiti
NIX	GANR	Africa/Bamako
NJA	RJTA	Asia/Tokyo
NJC	USNN	Asia/Yekaterinburg
NJF	ORNI	Asia/Baghdad
NJK	KNJK	America/Los_Angeles
NKC	GQNN	Africa/Nouakchott
NKG	ZSNJ	Asia/Shanghai
NKL	FZAR	Africa/Kinshasa
NKM	RJNA	Asia/Tokyo
NKS	FKAN	Africa/Douala
NKT	LTCV	Europe/Istanbul
NKU	FXNK	Africa/Maseru
NKX	KNKX	America/Los_Angeles
NKY	FCBY	Africa/Brazzaville
NLA	FLSK	Africa/Lusaka
NLC	KNLC	America/Los_Angeles
NLD	MMNL	America/Mexico_City
NLE	K3TR	America/Detroit
NLF	YDNI	Australia/Brisbane
NLG	PAOU	America/Anchorage
NLI	UHNN	Asia/Vladivostok
NLK	YSNF	Pacific/Norfolk
NLL	YNUL	Australia/Perth
NLN	KO19	America/Los_Angeles
NLO	FZAB	Africa/Kinshasa
NLP	FANS	Africa/Johannesburg
NLS	YNIC	Australia/Perth
NLU	MMSM	America/Mexico_City
NMA	UZKN	Asia/Samarkand
NMB	VADN	Asia/Kolkata
NMC	MYEN	America/Nassau
NME	PAGT	America/Anchorage
NMF	VRDA	Indian/Maldives
NMI	VANM	Asia/Kolkata
NML	CER4	America/Edmonton
NMR	YNAP	Australia/Brisbane
NMS	VYNS	Asia/Yangon
NNA	GMMY	Africa/Casablanca
NNB	AGGT	Pacific/Guadalcanal
NNG	ZGNN	Asia/Shanghai
NNI	FYNA	Africa/Windhoek
NNK	K5NK	America/Anchorage
NNL	PANO	America/Anchorage
NNM	ULAM	Europe/Moscow
NNR	EICA	Europe/Dublin
NNT	VTCN	Asia/Bangkok
NNU	SNNU	America/Sao_Paulo
NNX	WRLF	Asia/Makassar
NNY	ZHNY	Asia/Shanghai
NOA	YSNW	Australia/Sydney
NOB	MRNS	America/Costa_Rica
NOC	EIKN	Europe/Dublin
NOD	EDWS	Europe/Berlin
NOG	MMNG	America/Hermosillo
NOJ	USRO	Asia/Yekaterinburg
NOK	SWXV	America/Cuiaba
NON	NGTO	Pacific/Tarawa
NOP	LTCM	Europe/Istanbul
NOR	BINF	Atlantic/Reykjavik
NOS	FMNN	Indian/Antananarivo
NOT	KDVO	America/Los_Angeles
NOU	NWWW	Pacific/Noumea
NOV	FNHU	Africa/Luanda
NOZ	UNWW	Asia/Krasnoyarsk
NPA	KNPA	America/Chicago
NPE	NZNR	Pacific/Auckland
NPH	KU14	America/Denver
NPL	NZNP	Pacific/Auckland
NPO	WIOG	Asia/Jakarta
NPR	SJNP	America/Santarem
NPT	KUUU	America/New_York
NQA	KNQA	America/Chicago
NQI	KNQI	America/Chicago
NQL	SWNQ	America/Sao_Paulo
NQN	SAZN	America/Argentina/Salta
NQT	EGBN	Europe/London
NQU	SKNQ	America/Bogota
NQX	KNQX	America/New_York
NQY	EGHQ	Europe/London
NQZ	UACC	Asia/Almaty
NRA	YNAR	Australia/Sydney
NRB	KNRB	America/New_York
NRD	EDWY	Europe/Berlin
NRE	WAPG	Asia/Jayapura
NRG	YNRG	Australia/Perth
NRI	K3O9	America/Chicago
NRK	ESSP	Europe/Stockholm
NRL	EGEN	Europe/London
NRM	GANK	Africa/Bamako
NRN	EDLV	Europe/Berlin
NRR	TJRV	America/Puerto_Rico
NRS	KNRS	America/Los_Angeles
NRT	RJAA	Asia/Tokyo
NSE	KNSE	America/Chicago
NSH	OINN	Asia/Tehran
NSI	FKYS	Africa/Douala
NSK	UOOO	Asia/Krasnoyarsk
NSL	KDVP	America/Chicago
NSM	YNSM	Australia/Perth
NSN	NZNS	Pacific/Auckland
NSO	YSCO	Australia/Sydney
NSR	SWKQ	America/Fortaleza
NST	VTSF	Asia/Bangkok
NSV	YNSH	Australia/Brisbane
NSY	LICZ	Europe/Rome
NTB	ENNO	Europe/Oslo
NTD	KNTD	America/Los_Angeles
NTE	LFRS	Europe/Paris
NTG	ZSNT	Asia/Shanghai
NTI	WASB	Asia/Jayapura
NTJ	K41U	America/Denver
NTL	YWLM	Australia/Sydney
NTN	YNTN	Australia/Brisbane
NTO	GVAN	Atlantic/Cape_Verde
NTQ	RJNW	Asia/Tokyo
NTR	MMAN	America/Mexico_City
NTT	NFTP	Pacific/Tongatapu
NTU	KNTU	America/New_York
NTX	WION	Asia/Jakarta
NTY	FAPN	Africa/Johannesburg
NUB	YNUM	Australia/Darwin
NUD	HSNH	Africa/Khartoum
NUE	EDDN	Europe/Berlin
NUI	PAQT	America/Anchorage
NUJ	OIHS	Asia/Tehran
NUK	NTGW	Pacific/Tahiti
NUL	PANU	America/Anchorage
NUM	OENN	Asia/Riyadh
NUP	PPIT	America/Nome
NUQ	KNUQ	America/Los_Angeles
NUR	YNUB	Australia/Adelaide
NUS	NVSP	Pacific/Efate
NUU	HKNK	Africa/Nairobi
NUW	KNUW	America/Los_Angeles
NUX	USMU	Asia/Yekaterinburg
NVA	SKNV	America/Bogota
NVD	KNVD	America/Chicago
NVG	MNNG	America/Managua
NVI	UZSA	Asia/Samarkand
NVN	KO02	America/Los_Angeles
NVP	SWNA	America/Boa_Vista
NVS	LFQG	Europe/Paris
NVT	SBNF	America/Sao_Paulo
NWA	FMCI	Indian/Comoro
NWH	K2B3	America/New_York
NWI	EGSH	Europe/London
NYA	USHN	Asia/Yekaterinburg
NYE	HKNI	Africa/Nairobi
NYG	KNYG	America/New_York
NYI	DGSN	Africa/Accra
NYK	HKNY	Africa/Nairobi
NYM	USMM	Asia/Yekaterinburg
NYN	YNYN	Australia/Sydney
NYO	ESKN	Europe/Stockholm
NYR	UENN	Asia/Yakutsk
NYS	K6N7	America/New_York
NYT	VYEL	Asia/Yangon
NYU	VYBG	Asia/Yangon
NYW	VYMY	Asia/Yangon
NZA	FNZG	Africa/Luanda
NZC	SPZA	America/Lima
NZE	GUNZ	Africa/Conakry
NZH	ZBMZ	Asia/Shanghai
NZL	ZBZL	Asia/Shanghai
NZY	KNZY	America/Los_Angeles
OAG	YORG	Australia/Sydney
OAH	OASD	Asia/Kabul
OAI	OAIX	Asia/Kabul
OAJ	KOAJ	America/New_York
OAK	KOAK	America/Los_Angeles
OAL	SSKW	America/Porto_Velho
OAM	NZOU	Pacific/Auckland
OAN	MHEA	America/Tegucigalpa
OAR	KOAR	America/Los_Angeles
OAS	OASA	Asia/Kabul
OAX	MMOX	America/Mexico_City
OAZ	OAZI	Asia/Kabul
OBC	HDOB	Africa/Djibouti
OBE	KOBE	America/New_York
OBF	EDMO	Europe/Berlin
OBI	SNTI	America/Santarem
OBL	EBZR	Europe/Brussels
OBN	EGEO	Europe/London
OBO	RJCB	Asia/Tokyo
OBS	LFHO	Europe/Paris
OBU	PAOB	America/Anchorage
OCA	07FA	America/New_York
OCC	SECO	America/Guayaquil
OCE	KOXB	America/New_York
OCF	KOCF	America/New_York
OCH	KOCH	America/Chicago
OCJ	MKBS	America/Jamaica
OCM	YBGD	Australia/Perth
OCN	KOKB	America/Los_Angeles
OCV	SKOC	America/Bogota
OCW	KOCW	America/New_York
ODA	FEFW	Africa/Bangui
ODB	LEBA	Europe/Madrid
ODC	KO27	America/Los_Angeles
ODD	YOOD	Australia/Adelaide
ODE	EKOD	Europe/Copenhagen
ODH	EGVO	Europe/London
ODJ	FEGO	Africa/Bangui
ODL	YCOD	Australia/Adelaide
ODM	K2G4	America/New_York
ODN	WBGI	Asia/Kuala_Lumpur
ODO	UIKB	Asia/Irkutsk
ODR	YORV	Australia/Perth
ODS	UKOO	Europe/Kyiv
ODT	KODO	America/Chicago
ODW	KOKH	America/Los_Angeles
ODY	VLOS	Asia/Vientiane
OEC	WPOC	Asia/Dili
OEL	UUOR	Europe/Moscow
OEM	SMPA	America/Paramaribo
OEO	KOEO	America/Chicago
OER	ESNO	Europe/Stockholm
OES	SAVN	America/Argentina/Salta
OFF	KOFF	America/Chicago
OFI	DIOF	Africa/Abidjan
OFJ	BIOF	Atlantic/Reykjavik
OFK	KOFK	America/Chicago
OGA	KOGA	America/Denver
OGB	KOGB	America/New_York
OGD	KOGD	America/Denver
OGE	AYOG	Pacific/Port_Moresby
OGG	PHOG	Pacific/Honolulu
OGL	SYGO	America/Guyana
OGN	ROYN	Asia/Tokyo
OGO	DIAU	Africa/Abidjan
OGR	FTTB	Africa/Ndjamena
OGS	KOGS	America/New_York
OGU	LTCB	Europe/Istanbul
OGX	DAUU	Africa/Algiers
OGZ	URMO	Europe/Moscow
OHA	NZOH	Pacific/Auckland
OHB	FMFE	Indian/Antananarivo
OHD	LWOH	Europe/Skopje
OHE	ZYMH	Asia/Shanghai
OHH	UHSH	Asia/Vladivostok
OHO	UHOO	Asia/Vladivostok
OHR	EDXY	Europe/Berlin
OHS	OOSH	Asia/Muscat
OHT	OPKT	Asia/Karachi
OIA	SDOW	America/Santarem
OIC	KOIC	America/New_York
OIM	RJTO	Asia/Tokyo
OIR	RJEO	Asia/Tokyo
OIT	RJFO	Asia/Tokyo
OJC	KOJC	America/Chicago
OKA	ROAH	Asia/Tokyo
OKC	KOKC	America/Chicago
OKD	RJCO	Asia/Tokyo
OKE	RJKB	Asia/Tokyo
OKF	FYOO	Africa/Windhoek
OKH	EGXJ	Europe/London
OKI	RJNO	Asia/Tokyo
OKJ	RJOB	Asia/Tokyo
OKK	KOKK	America/Indiana/Indianapolis
OKL	WAJO	Asia/Jayapura
OKM	KOKM	America/Chicago
OKN	FOGQ	Africa/Libreville
OKO	RJTY	Asia/Tokyo
OKQ	WAKO	Asia/Jayapura
OKR	YYKI	Australia/Brisbane
OKS	KOKS	America/Denver
OKT	UWUK	Asia/Yekaterinburg
OKU	FYMO	Africa/Windhoek
OKY	YBOK	Australia/Brisbane
OLA	ENOL	Europe/Oslo
OLB	LIEO	Europe/Rome
OLC	SDCG	America/Manaus
OLD	KOLD	America/New_York
OLE	KOLE	America/New_York
OLF	KOLF	America/Denver
OLH	K6R7	America/Anchorage
OLI	BIRF	Atlantic/Reykjavik
OLJ	NVSZ	Pacific/Efate
OLK	SGOL	America/Asuncion
OLM	KOLM	America/Los_Angeles
OLN	SAVM	America/Argentina/Catamarca
OLO	LKOL	Europe/Prague
OLP	YOLD	Australia/Adelaide
OLS	KOLS	America/Phoenix
OLU	KOLU	America/Chicago
OLV	KOLV	America/Chicago
OLY	KOLY	America/Chicago
OLZ	UEMO	Asia/Yakutsk
OMA	KOMA	America/Chicago
OMB	FOOH	Africa/Libreville
OMC	RPVO	Asia/Manila
OMD	FYOG	Africa/Windhoek
OME	PAOM	America/Anchorage
OMF	OJMF	Asia/Amman
OMG	FYOE	Africa/Windhoek
OMH	OITR	Asia/Tehran
OMI	OIAJ	Asia/Tehran
OMK	KOMK	America/Los_Angeles
OMM	OOMX	Asia/Muscat
OMN	UZTZ	Asia/Tashkent
OMO	LQMO	Europe/Sarajevo
OMR	LROD	Europe/Bucharest
OMS	UNOO	Asia/Omsk
ONA	KONA	America/Chicago
OND	FYOA	Africa/Windhoek
ONG	YMTI	Australia/Brisbane
ONH	KN66	America/New_York
ONI	WABD	Asia/Jayapura
ONJ	RJSR	Asia/Tokyo
ONK	UERO	Asia/Yakutsk
ONL	KONL	America/Chicago
ONM	KONM	America/Denver
ONO	KONO	America/Denver
ONP	KONP	America/Los_Angeles
ONQ	LTAS	Europe/Istanbul
ONR	YMNK	Australia/Brisbane
ONS	YOLW	Australia/Perth
ONT	KONT	America/Los_Angeles
ONU	NFOL	Pacific/Fiji
ONX	MPEJ	America/Panama
ONY	KONY	America/Chicago
OOA	KOOA	America/Chicago
OOK	PAOO	America/Anchorage
OOL	YBCG	Australia/Brisbane
OOM	YCOM	Australia/Sydney
OOR	YMOO	Australia/Brisbane
OOT	NGON	Pacific/Tarawa
OPA	BIKP	Atlantic/Reykjavik
OPF	KOPF	America/New_York
OPI	YOEN	Australia/Darwin
OPL	KOPL	America/Chicago
OPO	LPPR	Europe/Lisbon
OPP	SNSM	America/Belem
OPS	SWSI	America/Campo_Grande
OPU	AYBM	Pacific/Port_Moresby
OQN	UZKK	Asia/Tashkent
ORA	SASO	America/Argentina/Salta
ORB	ESOE	Europe/Stockholm
ORC	SKOE	America/Bogota
ORD	KORD	America/Chicago
ORE	LFOZ	Europe/Paris
ORF	KORF	America/New_York
ORG	SMZO	America/Paramaribo
ORH	KORH	America/New_York
ORI	PORI	America/Anchorage
ORJ	SYOR	America/Guyana
ORK	EICK	Europe/Dublin
ORL	KORL	America/New_York
ORM	EGBK	Europe/London
ORN	DAOO	Africa/Algiers
ORP	FBOR	Africa/Gaborone
ORR	YYOR	Australia/Adelaide
ORT	PAOR	America/Anchorage
ORU	SLOR	America/La_Paz
ORV	PFNO	America/Anchorage
ORW	OPOR	Asia/Karachi
ORX	SNOX	America/Belem
ORY	LFPO	Europe/Paris
OSB	ORBM	Asia/Baghdad
OSC	KOSC	America/Detroit
OSD	ESNZ	Europe/Stockholm
OSE	AYOM	Pacific/Port_Moresby
OSF	UUMO	Europe/Moscow
OSH	KOSH	America/Chicago
OSI	LDOS	Europe/Zagreb
OSK	ESMO	Europe/Stockholm
OSL	ENGM	Europe/Oslo
OSN	RKSO	Asia/Seoul
OSO	YOSB	Australia/Brisbane
OSR	LKMT	Europe/Prague
OSS	UCFO	Asia/Bishkek
OST	EBOS	Europe/Brussels
OSU	KOSU	America/New_York
OSW	UWOR	Asia/Yekaterinburg
OSX	KOSX	America/Chicago
OSY	ENNM	Europe/Oslo
OTC	FTTL	Africa/Ndjamena
OTG	KOTG	America/Chicago
OTH	KOTH	America/Los_Angeles
OTI	WAMR	Asia/Jayapura
OTJ	FYOW	Africa/Windhoek
OTK	KTMK	America/Los_Angeles
OTL	GQNB	Africa/Nouakchott
OTM	KOTM	America/Chicago
OTN	KI20	America/Indiana/Vincennes
OTP	LROP	Europe/Bucharest
OTR	MRCC	America/Costa_Rica
OTS	K74S	America/Los_Angeles
OTU	SKOT	America/Bogota
OTZ	PAOT	America/Anchorage
OUA	DFFD	Africa/Ouagadougou
OUD	GMFO	Africa/Casablanca
OUE	FCOU	Africa/Brazzaville
OUG	DFCC	Africa/Ouagadougou
OUH	FAOH	Africa/Johannesburg
OUI	VLHS	Asia/Vientiane
OUK	_OUK	Europe/London
OUL	EFOU	Europe/Helsinki
OUN	KOUN	America/Chicago
OUR	FKKI	Africa/Douala
OUS	SDOU	America/Sao_Paulo
OUT	FTTS	Africa/Ndjamena
OUZ	GQPZ	Africa/Nouakchott
OVA	FMSL	Indian/Antananarivo
OVB	UNNT	Asia/Krasnoyarsk
OVD	LEAS	Europe/Madrid
OVE	KOVE	America/Los_Angeles
OVG	FAOB	Africa/Johannesburg
OVL	SCOV	America/Santiago
OVR	SAZF	America/Argentina/Buenos_Aires
OVS	USHS	Asia/Yekaterinburg
OWA	KOWA	America/Chicago
OWB	KOWB	America/Chicago
OWD	KOWD	America/New_York
OWK	KOWK	America/New_York
OXB	GGOV	Africa/Bissau
OXC	KOXC	America/New_York
OXD	KOXD	America/New_York
OXF	EGTK	Europe/London
OXP	SOOG	America/Cayenne
OXR	KOXR	America/Los_Angeles
OXY	YMNY	Australia/Brisbane
OYA	SATG	America/Argentina/Cordoba
OYE	FOGO	Africa/Libreville
OYK	SBOI	America/Cayenne
OYL	HKMY	Africa/Nairobi
OYN	YOUY	Australia/Melbourne
OYO	SAZH	America/Argentina/Buenos_Aires
OZA	KOZA	America/Chicago
OZC	RPMO	Asia/Manila
OZG	GMAZ	Africa/Casablanca
OZH	UKDE	Europe/Zaporozhye
OZP	LEMO	Europe/Madrid
OZR	KOZR	America/Chicago
OZZ	GMMZ	Africa/Casablanca
PAB	VABI	Asia/Kolkata
PAC	MPMG	America/Panama
PAD	EDLP	Europe/Berlin
PAE	KPAE	America/Los_Angeles
PAF	HUPA	Africa/Kampala
PAG	RPMP	Asia/Manila
PAH	KPAH	America/Chicago
PAJ	OPPC	Asia/Karachi
PAK	PHPA	Pacific/Honolulu
PAM	KPAM	America/New_York
PAN	VTSK	Asia/Bangkok
PAO	KPAO	America/Los_Angeles
PAP	MTPP	America/Port-au-Prince
PAQ	PAAQ	America/Anchorage
PAS	LGPA	Europe/Athens
PAT	VEPT	Asia/Kolkata
PAU	VYPK	Asia/Yangon
PAV	SBUF	America/Maceio
PAY	WBKP	Asia/Kuching
PAZ	MMPA	America/Mexico_City
PBA	SDLO	America/Bahia
PBB	SSPN	America/Campo_Grande
PBC	MMPB	America/Mexico_City
PBD	VAPR	Asia/Kolkata
PBE	SKPR	America/Bogota
PBF	KPBF	America/Chicago
PBG	KPBG	America/New_York
PBH	VQPR	Asia/Thimphu
PBI	KDJT	America/New_York
PBJ	NVSI	Pacific/Efate
PBL	SVPC	America/Caracas
PBM	SMJP	America/Paramaribo
PBN	FNPA	Africa/Luanda
PBO	YPBO	Australia/Perth
PBP	MRIA	America/Costa_Rica
PBQ	SWPM	America/Porto_Velho
PBR	MGPB	America/Guatemala
PBU	VYPT	Asia/Yangon
PBV	SWPG	America/Cuiaba
PBX	SWPQ	America/Cuiaba
PCA	PAOC	America/Anchorage
PCB	WIHP	Asia/Jakarta
PCD	KPDC	America/Chicago
PCF	FAPS	Africa/Johannesburg
PCG	MGPC	America/Guatemala
PCH	MHPC	America/Tegucigalpa
PCL	SPCL	America/Lima
PCN	NZPN	Pacific/Auckland
PCO	MMPL	America/Mazatlan
PCP	FPPR	Africa/Sao_Tome
PCQ	VLFL	Asia/Vientiane
PCR	SKPC	America/Bogota
PCS	SNPC	America/Fortaleza
PCT	K39N	America/New_York
PCU	KM13	America/Chicago
PDA	SKPD	America/Bogota
PDB	K4K0	America/Anchorage
PDC	NWWQ	Pacific/Noumea
PDD	FQPO	Africa/Maputo
PDE	YPDI	Australia/Adelaide
PDF	SNRD	America/Bahia
PDG	WIEE	Asia/Jakarta
PDI	AYPD	Pacific/Port_Moresby
PDK	KPDK	America/New_York
PDL	LPPD	Atlantic/Azores
PDN	YPDA	Australia/Adelaide
PDO	WIPQ	Asia/Jakarta
PDP	SULS	America/Montevideo
PDS	MMPG	America/Mexico_City
PDT	KPDT	America/Los_Angeles
PDU	SUPU	America/Montevideo
PDV	LBPD	Europe/Sofia
PDX	KPDX	America/Los_Angeles
PDZ	SVPE	America/Caracas
PEA	YPSH	Australia/Adelaide
PED	LKPD	Europe/Prague
PEE	USPP	Asia/Yekaterinburg
PEF	EDCP	Europe/Berlin
PEG	LIRZ	Europe/Rome
PEH	SAZP	America/Argentina/Buenos_Aires
PEI	SKPE	America/Bogota
PEK	ZBAA	Asia/Shanghai
PEL	FXPG	Africa/Maseru
PEM	SPTU	America/Lima
PEN	WMKP	Asia/Kuala_Lumpur
PEQ	KPEQ	America/Chicago
PER	YPPH	Australia/Perth
PES	ULPB	Europe/Moscow
PET	SBPK	America/Sao_Paulo
PEU	MHPL	America/Tegucigalpa
PEV	LHPP	Europe/Budapest
PEW	OPPS	Asia/Karachi
PEX	UUYP	Europe/Moscow
PEZ	UWPP	Europe/Moscow
PFB	SBPF	America/Sao_Paulo
PFC	KPFC	America/Los_Angeles
PFO	LCPH	Asia/Nicosia
PFQ	OITP	Asia/Tehran
PFR	FZVS	Africa/Lubumbashi
PGA	KPGA	America/Phoenix
PGC	K1V2	America/Denver
PGD	KPGD	America/New_York
PGF	LFMP	Europe/Paris
PGH	VIPT	Asia/Kolkata
PGI	FNCH	Africa/Luanda
PGK	WIPK	Asia/Jakarta
PGL	KPQL	America/Chicago
PGM	KPGM	America/Anchorage
PGO	KPSO	America/Denver
PGR	KPGR	America/Chicago
PGS	KL37	America/Phoenix
PGU	OIBP	Asia/Tehran
PGV	KPGV	America/New_York
PGX	LFBX	Europe/Paris
PGZ	SSZW	America/Sao_Paulo
PHA	VVPR	Asia/Ho_Chi_Minh
PHB	SBPB	America/Fortaleza
PHC	DNPO	Africa/Lagos
PHD	KPHD	America/New_York
PHE	YPPD	Australia/Perth
PHF	KPHF	America/New_York
PHH	VVPT	Asia/Ho_Chi_Minh
PHI	SNYE	America/Fortaleza
PHK	KPHK	America/New_York
PHL	KPHL	America/New_York
PHN	KPHN	America/New_York
PHO	PAPO	America/Nome
PHP	KPHP	America/Denver
PHQ	YTMO	Australia/Brisbane
PHS	VTPP	Asia/Bangkok
PHT	KPHT	America/Chicago
PHW	FAPH	Africa/Johannesburg
PHX	KPHX	America/Phoenix
PHY	VTPB	Asia/Bangkok
PIA	KPIA	America/Chicago
PIB	KPIB	America/Chicago
PIC	MBPI	America/Grand_Turk
PID	MYPI	America/Nassau
PIE	KPIE	America/New_York
PIF	RCSQ	Asia/Taipei
PIH	KPIH	America/Denver
PIK	EGPK	Europe/London
PIL	SGPI	America/Asuncion
PIM	KPIM	America/New_York
PIN	SWPI	America/Boa_Vista
PIO	SPSO	America/Lima
PIP	PAPN	America/Anchorage
PIR	KPIR	America/Chicago
PIS	LFBI	Europe/Paris
PIT	KPIT	America/New_York
PIU	SPUR	America/Lima
PIV	SNPX	America/Sao_Paulo
PIW	CZMN	America/Winnipeg
PIX	LPPI	Atlantic/Azores
PIZ	PPIZ	America/Anchorage
PJA	ESUP	Europe/Stockholm
PJB	KPAN	America/Phoenix
PJC	SGPJ	America/Asuncion
PJG	OPPG	Asia/Karachi
PJM	MRPJ	America/Costa_Rica
PKA	PAPK	America/Anchorage
PKB	KPKB	America/New_York
PKC	UHPP	Asia/Anadyr
PKD	KPKD	America/Chicago
PKE	YPKS	Australia/Sydney
PKF	KPKF	America/Chicago
PKG	WMPA	Asia/Kuala_Lumpur
PKH	LGHL	Europe/Athens
PKJ	MGPG	America/Guatemala
PKK	VYPU	Asia/Yangon
PKN	WAOI	Asia/Jakarta
PKO	DBBP	Africa/Porto-Novo
PKP	NTGP	Pacific/Tahiti
PKR	VNPK	Asia/Kathmandu
PKT	YPKT	Australia/Darwin
PKU	WIBB	Asia/Jakarta
PKV	ULOO	Europe/Moscow
PKW	FBSP	Africa/Gaborone
PKX	ZBAD	Asia/Shanghai
PKY	WAOP	Asia/Jakarta
PKZ	VLPS	Asia/Vientiane
PLF	FTTP	Africa/Ndjamena
PLJ	MZPL	America/Belize
PLK	KPLK	America/Chicago
PLL	SBMN	America/Manaus
PLM	WIPP	Asia/Jakarta
PLN	KPLN	America/Detroit
PLO	YPLC	Australia/Adelaide
PLQ	EYPA	Europe/Vilnius
PLR	KPLR	America/Chicago
PLS	MBPV	America/Grand_Turk
PLT	SKPL	America/Bogota
PLU	SBBH	America/Sao_Paulo
PLV	UKHP	Europe/Zaporozhye
PLW	WAML	Asia/Makassar
PLX	UASS	Asia/Almaty
PLY	K1P1	America/New_York
PLZ	FAPE	Africa/Johannesburg
PMA	HTPE	Africa/Dar_es_Salaam
PMB	KPMB	America/Chicago
PMC	SCTE	America/Santiago
PMD	KPMD	America/Los_Angeles
PMF	LIMP	Europe/Rome
PMG	SBPP	America/Campo_Grande
PMH	KPMH	America/New_York
PMI	LEPA	Europe/Madrid
PMK	YPAM	Australia/Brisbane
PML	PAAL	America/Anchorage
PMO	LICJ	Europe/Rome
PMQ	SAWP	America/Argentina/Rio_Gallegos
PMR	NZPM	Pacific/Auckland
PMS	OSPR	Asia/Damascus
PMV	SVMG	America/Caracas
PMW	SBPJ	America/Araguaina
PMY	SAVY	America/Argentina/Catamarca
PMZ	MRPM	America/Costa_Rica
PNA	LEPP	Europe/Madrid
PNB	SBPN	America/Fortaleza
PNC	KPNC	America/Chicago
PNE	KPNE	America/New_York
PNG	SSPG	America/Sao_Paulo
PNI	PTPN	Pacific/Pohnpei
PNK	WIOO	Asia/Pontianak
PNL	LICG	Europe/Rome
PNM	SPNM	America/Lima
PNN	KPNN	America/New_York
PNP	AYGR	Pacific/Port_Moresby
PNQ	VAPO	Asia/Kolkata
PNR	FCPP	Africa/Brazzaville
PNS	KPNS	America/Chicago
PNT	SCNT	America/Santiago
PNU	KU55	America/Denver
PNX	KGYI	America/Chicago
PNY	VOPC	Asia/Kolkata
PNZ	SBPL	America/Bahia
POA	SBPA	America/Sao_Paulo
POB	KPOB	America/New_York
POC	KPOC	America/Los_Angeles
POD	GOSP	Africa/Dakar
POE	KPOE	America/Chicago
POF	KPOF	America/Chicago
POG	FOOG	Africa/Libreville
POH	KPOH	America/Chicago
POI	SLPO	America/La_Paz
POJ	SNPD	America/Sao_Paulo
POL	FQPB	Africa/Maputo
POM	AYPY	Pacific/Port_Moresby
PON	MGPP	America/Guatemala
POO	SBPC	America/Sao_Paulo
POP	MDPP	America/Santo_Domingo
POR	EFPO	Europe/Helsinki
POS	TTPP	America/Port_of_Spain
POT	MKKJ	America/Jamaica
POU	KPOU	America/New_York
POV	LZPW	Europe/Bratislava
POW	LJPZ	Europe/Ljubljana
POX	LFPT	Europe/Paris
POY	KPOY	America/Denver
POZ	EPPO	Europe/Warsaw
PPA	KPPA	America/Chicago
PPB	SBDN	America/Sao_Paulo
PPC	PAPR	America/Anchorage
PPE	MMPE	America/Hermosillo
PPF	KPPF	America/Chicago
PPG	NSTU	Pacific/Pago_Pago
PPH	SVPH	America/Caracas
PPI	YPIR	Australia/Adelaide
PPK	UACP	Asia/Qyzylorda
PPL	VNPL	Asia/Kathmandu
PPM	KPMP	America/New_York
PPN	SKPP	America/Bogota
PPP	YBPN	Australia/Brisbane
PPQ	NZPP	Pacific/Auckland
PPR	WIDE	Asia/Jakarta
PPS	RPVP	Asia/Manila
PPT	NTAA	Pacific/Tahiti
PPU	VYPP	Asia/Yangon
PPW	EGEP	Europe/London
PPY	SNZA	America/Sao_Paulo
PQC	VVPQ	Asia/Ho_Chi_Minh
PQE	SKPQ	America/Bogota
PQI	KPQI	America/New_York
PQM	MMPQ	America/Mexico_City
PQQ	YPMQ	Australia/Sydney
PQS	PAAC	America/Nome
PRA	SAAP	America/Argentina/Cordoba
PRB	KPRB	America/Los_Angeles
PRC	KPRC	America/Phoenix
PRD	YPDO	Australia/Perth
PRG	LKPR	Europe/Prague
PRH	VTCP	Asia/Bangkok
PRI	FSPP	Indian/Mahe
PRK	FAPK	Africa/Johannesburg
PRM	LPPM	Europe/Lisbon
PRN	BKPR	Europe/Belgrade
PRO	KPRO	America/Chicago
PRP	LFKO	Europe/Paris
PRQ	SARS	America/Argentina/Cordoba
PRR	SYPR	America/Guyana
PRS	AGGP	Pacific/Guadalcanal
PRU	VYPY	Asia/Yangon
PRV	LKPO	Europe/Prague
PRW	K5N2	America/Chicago
PRX	KPRX	America/Chicago
PRY	FAWB	Africa/Johannesburg
PRZ	KS39	America/Los_Angeles
PSA	LIRP	Europe/Rome
PSB	KPSB	America/New_York
PSC	KPSC	America/Los_Angeles
PSD	HEPS	Africa/Cairo
PSE	TJPS	America/Puerto_Rico
PSF	KPSF	America/New_York
PSG	PAPG	America/Juneau
PSH	EDXO	Europe/Berlin
PSI	OPPI	Asia/Karachi
PSJ	WAMP	Asia/Makassar
PSK	KPSK	America/New_York
PSL	EGPT	Europe/London
PSM	KPSM	America/New_York
PSN	KPSN	America/Chicago
PSO	SKPS	America/Bogota
PSP	KPSP	America/Los_Angeles
PSR	LIBP	Europe/Rome
PSS	SARP	America/Argentina/Cordoba
PSU	WIOP	Asia/Jakarta
PSW	SNOS	America/Sao_Paulo
PSX	KPSX	America/Chicago
PSY	SFAL	Atlantic/Stanley
PSZ	SLPS	America/La_Paz
PTA	KTPO	America/Anchorage
PTB	KPTB	America/New_York
PTF	NFFO	Pacific/Fiji
PTG	FAPP	Africa/Johannesburg
PTH	PAPH	America/Anchorage
PTJ	YPOD	Australia/Hobart
PTK	KPTK	America/New_York
PTM	SVPT	America/Caracas
PTN	KPTN	America/Chicago
PTO	SSPB	America/Sao_Paulo
PTP	TFFR	America/Guadeloupe
PTQ	SNMZ	America/Santarem
PTS	KPTS	America/Chicago
PTT	KPTT	America/Chicago
PTU	PAPM	America/Anchorage
PTV	KPTV	America/Los_Angeles
PTW	KPTW	America/New_York
PTX	SKPI	America/Bogota
PTY	MPTO	America/Panama
PTZ	SESM	America/Guayaquil
PUB	KPUB	America/Denver
PUC	KPUC	America/Denver
PUD	SAWD	America/Argentina/Rio_Gallegos
PUE	MPOA	America/Panama
PUF	LFBP	Europe/Paris
PUG	YPAG	Australia/Adelaide
PUJ	MDPC	America/Santo_Domingo
PUK	NTGQ	Pacific/Tahiti
PUN	FZOP	Africa/Lubumbashi
PUP	DFCP	Africa/Ouagadougou
PUQ	SCCI	America/Punta_Arenas
PUR	SLPR	America/La_Paz
PUS	RKPK	Asia/Seoul
PUU	SKAS	America/Bogota
PUV	NWWP	Pacific/Noumea
PUW	KPUW	America/Los_Angeles
PUX	SCPV	America/Santiago
PUY	LDPL	Europe/Zagreb
PUZ	MNPC	America/Managua
PVA	SKPV	America/Bogota
PVC	KPVC	America/New_York
PVD	KPVD	America/New_York
PVE	MPVR	America/Panama
PVF	KPVF	America/Los_Angeles
PVG	ZSPD	Asia/Shanghai
PVH	SBPV	America/Porto_Velho
PVI	SSPI	America/Sao_Paulo
PVK	LGPZ	Europe/Athens
PVL	KPBX	America/New_York
PVO	SEPV	America/Guayaquil
PVR	MMPR	America/Mexico_City
PVS	UHMD	Asia/Anadyr
PVU	KPVU	America/Denver
PVW	KPVW	America/Chicago
PWA	KPWA	America/Chicago
PWD	KPWD	America/Denver
PWE	UHMP	Asia/Anadyr
PWK	KPWK	America/Chicago
PWM	KPWM	America/New_York
PWN	MYCP	America/Nassau
PWO	FZQC	Africa/Lubumbashi
PWQ	UASP	Asia/Qyzylorda
PWT	KPWT	America/Los_Angeles
PWY	KPNA	America/Denver
PXL	KP10	America/Phoenix
PXM	MMPS	America/Mexico_City
PXO	LPPS	Europe/Lisbon
PXR	VTUJ	Asia/Bangkok
PXU	VVPK	Asia/Ho_Chi_Minh
PYA	SKVL	America/Bogota
PYB	VEJP	Asia/Kolkata
PYE	NCPY	Pacific/Rarotonga
PYG	VEPY	Asia/Kolkata
PYH	SVPA	America/Caracas
PYJ	UERP	Asia/Yakutsk
PYK	OIIP	Asia/Tehran
PYM	KPYM	America/New_York
PYO	SEPT	America/Guayaquil
PYR	LGAD	Europe/Athens
PYS	CA92	America/Los_Angeles
PYY	VTCI	Asia/Bangkok
PYZ	SPIS	America/Lima
PZA	SKPZ	America/Bogota
PZB	FAPM	Africa/Johannesburg
PZH	OPZB	Asia/Karachi
PZI	ZUZH	Asia/Shanghai
PZL	FADQ	Africa/Johannesburg
PZO	SVPR	America/Caracas
PZU	HSPN	Africa/Khartoum
PZY	LZPP	Europe/Bratislava
QAC	SSQT	America/Sao_Paulo
QAK	SBBQ	America/Sao_Paulo
QAQ	LIAP	Europe/Rome
QBC	CYBD	America/Vancouver
QBX	SNOB	America/Fortaleza
QCB	EDQA	Europe/Berlin
QCH	SNCX	America/Sao_Paulo
QCJ	SDBK	America/Sao_Paulo
QCN	ETNH	Europe/Berlin
QCO	MUCO	America/Havana
QCP	SNKN	America/Recife
QCR	SSKU	America/Sao_Paulo
QCY	EGXC	Europe/London
QDB	SSKS	America/Sao_Paulo
QDC	SDDR	America/Sao_Paulo
QDF	SNKF	America/Sao_Paulo
QGA	SSGY	America/Sao_Paulo
QGB	SDYM	America/Sao_Paulo
QGC	SDLP	America/Sao_Paulo
QGF	SSNG	America/Sao_Paulo
QGP	SNGN	America/Recife
QGS	SDUO	America/Bahia
QGU	RJNG	Asia/Tokyo
QGY	LHPR	Europe/Budapest
QHB	SDPW	America/Sao_Paulo
QHN	SWTY	America/Araguaina
QHP	SBTA	America/Sao_Paulo
QHU	EDXJ	Europe/Berlin
QHV	SSNH	America/Sao_Paulo
QID	SNVI	America/Sao_Paulo
QIG	SNIG	America/Fortaleza
QIQ	SDRK	America/Sao_Paulo
QIT	SNIP	America/Bahia
QJB	OEJB	Asia/Riyadh
QLS	LSGL	Europe/Zurich
QMF	SSMF	America/Sao_Paulo
QNC	LSGN	Europe/Zurich
QND	LYNS	Europe/Belgrade
QNS	SBCO	America/Sao_Paulo
QNV	SDNY	America/Sao_Paulo
QOA	SDKK	America/Sao_Paulo
QOJ	SSSB	America/Sao_Paulo
QOW	DNIM	Africa/Lagos
QPD	MUPR	America/Havana
QPG	WSAP	Asia/Singapore
QPS	SBYS	America/Sao_Paulo
QRA	FAGM	Africa/Johannesburg
QRC	SCRG	America/Santiago
QRO	MMQT	America/Mexico_City
QRZ	SDRS	America/Sao_Paulo
QSC	SDSC	America/Sao_Paulo
QSF	DAAS	Africa/Algiers
QSN	MUNB	America/Havana
QSR	LIRI	Europe/Rome
QSX	SYNA	America/Guyana
QSZ	ZWSC	Asia/Shanghai
QUG	EGHR	Europe/London
QUN	RKNC	Asia/Seoul
QUT	RJTU	Asia/Tokyo
QUY	EGUY	Europe/London
QVB	SSUV	America/Sao_Paulo
QVP	SDRR	America/Sao_Paulo
QWV	LYVA	Europe/Belgrade
QXB	LFMA	Europe/Paris
QXC	SNXS	America/Maceio
QZD	LHUD	Europe/Budapest
RAB	AYTK	Pacific/Port_Moresby
RAC	KRAC	America/Chicago
RAE	OERR	Asia/Riyadh
RAF	SAFR	America/Argentina/Cordoba
RAG	NZRA	Pacific/Auckland
RAH	OERF	Asia/Riyadh
RAI	GVNP	Atlantic/Cape_Verde
RAK	GMMX	Africa/Casablanca
RAL	KRAL	America/Los_Angeles
RAM	YRNG	Australia/Darwin
RAN	LIDR	Europe/Rome
RAO	SBRP	America/Sao_Paulo
RAP	KRAP	America/Denver
RAR	NCRG	Pacific/Rarotonga
RAS	OIGG	Asia/Tehran
RAV	SKCN	America/Bogota
RAZ	OPRT	Asia/Karachi
RBA	GMME	Africa/Casablanca
RBB	SWBR	America/Boa_Vista
RBC	YROI	Australia/Melbourne
RBD	KRBD	America/Chicago
RBE	VDRK	Asia/Phnom_Penh
RBF	KL35	America/Los_Angeles
RBG	KRBG	America/Los_Angeles
RBK	KF70	America/Los_Angeles
RBL	KRBL	America/Los_Angeles
RBM	EDMS	Europe/Berlin
RBO	SLRB	America/La_Paz
RBQ	SLRQ	America/La_Paz
RBR	SBRB	America/Rio_Branco
RBS	YORB	Australia/Melbourne
RBT	HKMB	Africa/Nairobi
RBU	YROE	Australia/Perth
RBV	AGRM	Pacific/Guadalcanal
RBW	KRBW	America/New_York
RBX	HSMK	Africa/Juba
RBY	PARY	America/Anchorage
RCA	KRCA	America/Denver
RCB	FARB	Africa/Johannesburg
RCE	KW39	America/Los_Angeles
RCH	SKRH	America/Bogota
RCK	KRCK	America/Chicago
RCL	NVSR	Pacific/Efate
RCM	YRMD	Australia/Brisbane
RCO	LFDN	Europe/Paris
RCQ	SATR	America/Argentina/Cordoba
RCR	KRCR	America/Indiana/Indianapolis
RCS	EGTO	Europe/London
RCT	KRCT	America/Detroit
RCU	SAOC	America/Argentina/Cordoba
RCY	MYRP	America/Nassau
RDB	PADG	America/Nome
RDC	SNDC	America/Belem
RDD	KRDD	America/Los_Angeles
RDE	WASM	Asia/Jayapura
RDG	KRDG	America/New_York
RDM	KRDM	America/Los_Angeles
RDN	WMPR	Asia/Kuala_Lumpur
RDO	EPRA	Europe/Warsaw
RDR	KRDR	America/Chicago
RDS	SAHS	America/Argentina/Salta
RDT	GOSR	Africa/Dakar
RDU	KRDU	America/New_York
RDV	KRDV	America/Anchorage
RDZ	LFCR	Europe/Paris
REA	NTGE	Pacific/Tahiti
REB	EDAX	Europe/Berlin
REC	SBRF	America/Recife
RED	KRVL	America/New_York
REE	8XS8	America/Chicago
REG	LICR	Europe/Rome
REI	SOOR	America/Cayenne
REL	SAVT	America/Argentina/Catamarca
REN	UWOO	Asia/Yekaterinburg
REO	KREO	America/Boise
REQ	SPQN	America/Lima
RER	MGRT	America/Guatemala
RES	SARE	America/Argentina/Cordoba
RET	ENRS	Europe/Oslo
REU	LERS	Europe/Madrid
REX	MMRX	America/Mexico_City
REY	SLRY	America/La_Paz
RFA	FEGR	Africa/Bangui
RFD	KRFD	America/Chicago
RFG	KRFG	America/Chicago
RFK	5MS1	America/Chicago
RFN	BIRG	Atlantic/Reykjavik
RFP	NTTR	Pacific/Tahiti
RFR	MRRF	America/Costa_Rica
RFS	MNRT	America/Managua
RGA	SAWE	America/Argentina/Ushuaia
RGH	VEBG	Asia/Kolkata
RGI	NTTG	Pacific/Tahiti
RGK	UNBG	Asia/Krasnoyarsk
RGL	SAWG	America/Argentina/Rio_Gallegos
RGN	VYYY	Asia/Yangon
RGO	ZKHM	Asia/Pyongyang
RGR	KF23	America/Chicago
RGS	LEBG	Europe/Madrid
RGT	WIPR	Asia/Jakarta
RHA	BIRE	Atlantic/Reykjavik
RHD	SANH	America/Argentina/Cordoba
RHE	LFSR	Europe/Paris
RHG	HRYU	Africa/Kigali
RHI	KRHI	America/Chicago
RHL	YRYH	Australia/Perth
RHN	FYSA	Africa/Windhoek
RHO	LGRP	Europe/Athens
RHP	VNRC	Asia/Kathmandu
RHT	ZBAR	Asia/Shanghai
RHV	KRHV	America/Los_Angeles
RIA	SBSM	America/Sao_Paulo
RIB	SLRI	America/La_Paz
RIC	KRIC	America/New_York
RID	KRID	America/New_York
RIE	KRPD	America/Chicago
RIF	KRIF	America/Denver
RIG	SJRG	America/Sao_Paulo
RIH	MPSM	America/Panama
RIJ	SPJA	America/Lima
RIK	MRCR	America/Costa_Rica
RIL	KRIL	America/Denver
RIM	SPLN	America/Lima
RIN	AGRC	Pacific/Guadalcanal
RIR	KRIR	America/Los_Angeles
RIS	RJER	Asia/Tokyo
RIV	KRIV	America/Los_Angeles
RIW	KRIW	America/Denver
RIX	EVRA	Europe/Riga
RIY	OYRN	Asia/Aden
RJA	VORY	Asia/Kolkata
RJB	VNRB	Asia/Kathmandu
RJH	VGRJ	Asia/Dhaka
RJK	LDRI	Europe/Zagreb
RJL	LELO	Europe/Madrid
RJN	OIKR	Asia/Tehran
RKA	NTKK	Pacific/Tahiti
RKD	KRKD	America/New_York
RKE	EKRK	Europe/Copenhagen
RKH	KUZA	America/New_York
RKO	WIBR	Asia/Jakarta
RKP	KRKP	America/Chicago
RKR	KRKR	America/Chicago
RKS	KRKS	America/Denver
RKT	OMRK	Asia/Dubai
RKV	BIRK	Atlantic/Reykjavik
RKW	KRKW	America/Chicago
RLD	KRLD	America/Los_Angeles
RLG	ETNL	Europe/Berlin
RLK	ZBYZ	Asia/Shanghai
RLO	SAOS	America/Argentina/San_Luis
RLT	DRZL	Africa/Niamey
RMA	YROM	Australia/Brisbane
RMB	OOBR	Asia/Muscat
RME	KRME	America/New_York
RMF	HEMA	Africa/Cairo
RMG	KRMG	America/New_York
RMI	LIPR	Europe/Rome
RMK	YREN	Australia/Adelaide
RML	VCCC	Asia/Colombo
RMN	AYRG	Pacific/Port_Moresby
RMO	LUKK	Europe/Chisinau
RMP	PFMP	America/Anchorage
RMQ	RCMQ	Asia/Taipei
RMS	ETAR	Europe/Berlin
RMU	LEMI	Europe/Madrid
RMY	KMPI	America/Los_Angeles
RNA	AGAR	Pacific/Guadalcanal
RNB	ESDF	Europe/Stockholm
RNC	KRNC	America/Chicago
RND	KRND	America/Chicago
RNE	LFLO	Europe/Paris
RNG	K4V0	America/Denver
RNH	KRNH	America/Chicago
RNI	MNCI	America/Managua
RNJ	RORY	Asia/Tokyo
RNL	AGGR	Pacific/Guadalcanal
RNM	OOGB	Asia/Muscat
RNN	EKRN	Europe/Copenhagen
RNO	KRNO	America/Los_Angeles
RNS	LFRN	Europe/Paris
RNT	KRNT	America/Los_Angeles
RNU	WBKR	Asia/Kuching
RNZ	KRZL	America/Chicago
ROA	KROA	America/New_York
ROB	GLRB	Africa/Monrovia
ROC	KROC	America/New_York
ROD	FARS	Africa/Johannesburg
ROF	K1O5	America/Los_Angeles
ROG	KROG	America/Chicago
ROH	YROB	Australia/Brisbane
ROI	VTUV	Asia/Bangkok
ROK	YBRK	Australia/Brisbane
ROL	K74V	America/Denver
RON	SKPA	America/Bogota
ROO	SWRD	America/Cuiaba
ROP	PGRO	Pacific/Saipan
ROR	PTRO	Pacific/Palau
ROS	SAAR	America/Argentina/Cordoba
ROT	NZRO	Pacific/Auckland
ROV	URRP	Europe/Moscow
ROW	KROW	America/Denver
ROX	KROX	America/Chicago
ROY	SAWM	America/Argentina/Catamarca
ROZ	LERT	Europe/Madrid
RPB	YRRB	Australia/Darwin
RPM	YNGU	Australia/Darwin
RPN	LLIB	Asia/Jerusalem
RPR	VARP	Asia/Kolkata
RPX	KRPX	America/Denver
RQA	ZWRQ	Asia/Shanghai
RQW	ORQW	Asia/Baghdad
RQY	VOSH	Asia/Kolkata
RRE	YMRE	Australia/Adelaide
RRG	FIMR	Indian/Mauritius
RRK	VERK	Asia/Kolkata
RRL	KRRL	America/Chicago
RRR	NTKO	Pacific/Tahiti
RRS	ENRO	Europe/Oslo
RRT	KRRT	America/Chicago
RSA	SAZR	America/Argentina/Salta
RSB	YRSB	Australia/Brisbane
RSD	MYER	America/Nassau
RSH	PARS	America/Anchorage
RSI	OERS	Asia/Riyadh
RSK	WASC	Asia/Jayapura
RSL	KRSL	America/Chicago
RSN	KRSN	America/Chicago
RSS	HSDZ	Africa/Khartoum
RST	KRST	America/Chicago
RSU	RKJY	Asia/Seoul
RSW	KRSW	America/New_York
RTA	NFNR	Pacific/Fiji
RTB	MHRO	America/Tegucigalpa
RTC	VARG	Asia/Kolkata
RTG	WATG	Asia/Makassar
RTL	K0F3	America/Chicago
RTM	EHRD	Europe/Amsterdam
RTN	KRTN	America/Denver
RTP	YRTP	Australia/Brisbane
RTS	YRTI	Australia/Perth
RTU	WAQC	Asia/Makassar
RTY	YMYT	Australia/Adelaide
RUA	HUAR	Africa/Kampala
RUD	OIMJ	Asia/Tehran
RUE	FZMB	Africa/Lubumbashi
RUG	ZSRG	Asia/Shanghai
RUH	OERK	Asia/Riyadh
RUI	KSRR	America/Denver
RUK	VNRK	Asia/Kathmandu
RUL	VRQM	Indian/Maldives
RUM	VNRT	Asia/Kathmandu
RUN	FMEE	Indian/Reunion
RUP	VERU	Asia/Kolkata
RUR	NTAR	Pacific/Tahiti
RUS	AGGU	Pacific/Guadalcanal
RUT	KRUT	America/New_York
RUV	MGRB	America/Guatemala
RUY	MHRU	America/Tegucigalpa
RVA	FMSG	Indian/Antananarivo
RVD	SWLC	America/Sao_Paulo
RVE	SKSA	America/Bogota
RVI	URRR	Europe/Moscow
RVK	ENRM	Europe/Oslo
RVN	EFRO	Europe/Helsinki
RVO	FARI	Africa/Johannesburg
RVR	KU34	America/Denver
RVS	KRVS	America/Chicago
RVT	YNRV	Australia/Perth
RVV	NTAV	Pacific/Tahiti
RVY	SURV	America/Montevideo
RWF	KRWF	America/Chicago
RWI	KRWI	America/New_York
RWL	KRWL	America/Denver
RWN	UKLR	Europe/Kyiv
RXE	KRXE	America/Boise
RXS	RPVR	Asia/Manila
RYB	UUBK	Europe/Moscow
RYK	OPRK	Asia/Karachi
RYN	LFCY	Europe/Paris
RYO	SAWT	America/Argentina/Rio_Gallegos
RZA	SAWU	America/Argentina/Rio_Gallegos
RZE	EPRZ	Europe/Warsaw
RZN	UUWR	Europe/Moscow
RZP	RPSD	Asia/Manila
RZR	OINR	Asia/Tehran
RZV	LTFO	Europe/Istanbul
RZZ	KIXA	America/New_York
SAA	KSAA	America/Denver
SAB	TNCS	America/Kralendijk
SAC	KSAC	America/Los_Angeles
SAD	KSAD	America/Phoenix
SAF	KSAF	America/Denver
SAH	OYSN	Asia/Aden
SAI	VDSA	Asia/Phnom_Penh
SAK	BIKR	Atlantic/Reykjavik
SAL	MSLP	America/El_Salvador
SAN	KSAN	America/Los_Angeles
SAP	MHLM	America/Tegucigalpa
SAQ	MYAN	America/Nassau
SAR	KSAR	America/Chicago
SAS	KSAS	America/Los_Angeles
SAT	KSAT	America/Chicago
SAU	WRKS	Asia/Makassar
SAV	KSAV	America/New_York
SAW	LTFJ	Europe/Istanbul
SAY	LIQS	Europe/Rome
SAZ	GLST	Africa/Monrovia
SBA	KSBA	America/Los_Angeles
SBB	SVSB	America/Caracas
SBD	KSBD	America/Los_Angeles
SBE	AYSA	Pacific/Port_Moresby
SBG	WITN	Asia/Jakarta
SBH	TFFJ	America/St_Barthelemy
SBI	GUSB	Africa/Conakry
SBJ	SNMX	America/Sao_Paulo
SBK	LFRT	Europe/Paris
SBL	SLSA	America/La_Paz
SBM	KSBM	America/Chicago
SBN	KSBN	America/Indiana/Indianapolis
SBO	K44U	America/Denver
SBP	KSBP	America/Los_Angeles
SBQ	OPSB	Asia/Karachi
SBR	YSII	Australia/Brisbane
SBS	KSBS	America/Denver
SBT	USDA	Asia/Yekaterinburg
SBU	FASB	Africa/Johannesburg
SBW	WBGS	Asia/Kuching
SBX	KSBX	America/Denver
SBY	KSBY	America/New_York
SBZ	LRSB	Europe/Bucharest
SCB	KSCB	America/Chicago
SCC	PASC	America/Anchorage
SCE	KUNV	America/New_York
SCF	KSDL	America/Phoenix
SCG	YSPK	Australia/Brisbane
SCH	KSCH	America/New_York
SCI	SVPM	America/Caracas
SCK	KSCK	America/Los_Angeles
SCL	SCEL	America/Santiago
SCM	PACM	America/Anchorage
SCN	EDDR	Europe/Berlin
SCO	UATE	Asia/Oral
SCP	LFNC	Europe/Paris
SCQ	LEST	Europe/Madrid
SCR	ESKS	Europe/Stockholm
SCT	OYSQ	Asia/Aden
SCU	MUCU	America/Havana
SCV	LRSV	Europe/Bucharest
SCW	UUYY	Europe/Moscow
SCY	SEST	Pacific/Galapagos
SCZ	AGGL	Pacific/Guadalcanal
SDB	FALW	Africa/Johannesburg
SDD	FNUB	Africa/Luanda
SDE	SANE	America/Argentina/Cordoba
SDF	KSDF	America/Kentucky/Louisville
SDG	OICS	Asia/Tehran
SDJ	RJSS	Asia/Tokyo
SDK	WBKS	Asia/Kuching
SDL	ESNN	Europe/Stockholm
SDM	KSDM	America/Los_Angeles
SDN	ENSD	Europe/Oslo
SDP	PASD	America/Anchorage
SDQ	MDSD	America/Santo_Domingo
SDR	LEXJ	Europe/Madrid
SDS	RJSD	Asia/Tokyo
SDT	OPSS	Asia/Karachi
SDU	SBRJ	America/Sao_Paulo
SDX	KSEZ	America/Phoenix
SDY	KSDY	America/Denver
SEA	KSEA	America/Los_Angeles
SEB	HLLS	Africa/Tripoli
SEE	KSEE	America/Los_Angeles
SEF	KSEF	America/New_York
SEG	KSEG	America/New_York
SEH	WAJS	Asia/Jayapura
SEM	KSEM	America/Chicago
SEN	EGMC	Europe/London
SEO	DISG	Africa/Abidjan
SEP	KSEP	America/Chicago
SER	KSER	America/Indiana/Indianapolis
SEU	HTSN	Africa/Dar_es_Salaam
SEV	UKCS	Europe/Zaporozhye
SEW	HE24	Africa/Cairo
SEY	GQNS	Africa/Nouakchott
SEZ	FSIA	Indian/Mahe
SFA	DTTX	Africa/Tunis
SFB	KSFB	America/New_York
SFC	TFFC	America/Guadeloupe
SFD	SVSR	America/Caracas
SFE	RPUS	Asia/Manila
SFF	KSFF	America/Los_Angeles
SFG	TFFG	America/Marigot
SFH	MMSF	America/Tijuana
SFJ	BGSF	America/Nuuk
SFK	SNSW	America/Belem
SFL	GVSF	Atlantic/Cape_Verde
SFM	KSFM	America/New_York
SFN	SAAV	America/Argentina/Cordoba
SFO	KSFO	America/Los_Angeles
SFQ	LTCH	Europe/Istanbul
SFS	RPLB	Asia/Manila
SFT	ESNS	Europe/Stockholm
SFZ	KSFZ	America/New_York
SGA	OASN	Asia/Kabul
SGC	USRR	Asia/Yekaterinburg
SGD	EKSB	Europe/Copenhagen
SGE	EDGS	Europe/Berlin
SGF	KSGF	America/Chicago
SGG	WBGY	Asia/Kuching
SGH	KSGH	America/New_York
SGI	OPSR	Asia/Karachi
SGL	RPLS	Asia/Manila
SGN	VVTS	Asia/Ho_Chi_Minh
SGO	YSGE	Australia/Brisbane
SGP	YSHG	Australia/Perth
SGQ	WRLA	Asia/Makassar
SGR	KSGR	America/Chicago
SGS	RPMN	Asia/Manila
SGT	KSGT	America/Chicago
SGU	KSGU	America/Denver
SGV	SAVS	America/Argentina/Salta
SGX	HTSO	Africa/Dar_es_Salaam
SGY	PAGY	America/Anchorage
SGZ	VTSH	Asia/Bangkok
SHA	ZSSS	Asia/Shanghai
SHB	RJCN	Asia/Tokyo
SHC	HASR	Africa/Addis_Ababa
SHD	KSHD	America/New_York
SHE	ZYTX	Asia/Shanghai
SHG	PAGH	America/Anchorage
SHH	PASH	America/Anchorage
SHI	RORS	Asia/Tokyo
SHJ	OMSJ	Asia/Dubai
SHK	FXSH	Africa/Maseru
SHL	VEBI	Asia/Kolkata
SHM	RJBD	Asia/Tokyo
SHN	KSHN	America/Los_Angeles
SHO	FDSK	Africa/Mbabane
SHQ	YSPT	Australia/Brisbane
SHR	KSHR	America/Denver
SHS	ZHSS	Asia/Shanghai
SHT	YSHT	Australia/Hobart
SHU	YSMP	Australia/Darwin
SHV	KSHV	America/Chicago
SHW	OESH	Asia/Riyadh
SHX	PAHX	America/Anchorage
SHY	HTSY	Africa/Dar_es_Salaam
SHZ	FXSS	Africa/Maseru
SIB	FCBS	Africa/Brazzaville
SID	GVAC	Atlantic/Cape_Verde
SIE	LPSI	Europe/Lisbon
SIF	VNSI	Asia/Kathmandu
SIG	TJIG	America/Puerto_Rico
SIH	VNDT	Asia/Kathmandu
SII	GMMF	Africa/Casablanca
SIJ	BISI	Atlantic/Reykjavik
SIK	KSIK	America/Chicago
SIL	AYSG	Pacific/Port_Moresby
SIM	AYSJ	Pacific/Port_Moresby
SIN	WSSS	Asia/Singapore
SIO	YSMI	Australia/Hobart
SIP	UKFF	Europe/Simferopol
SIQ	WIDS	Asia/Jakarta
SIR	LSGS	Europe/Zurich
SIS	FASS	Africa/Johannesburg
SIT	PASI	America/Anchorage
SIU	MNSI	America/Managua
SIV	KSIV	America/Indiana/Indianapolis
SIW	WIMP	Asia/Jakarta
SIX	YSGT	Australia/Sydney
SIY	KSIY	America/Los_Angeles
SJA	SPJN	America/Lima
SJB	SLJO	America/La_Paz
SJC	KSJC	America/Los_Angeles
SJD	MMSD	America/Mazatlan
SJE	SKSJ	America/Bogota
SJI	RPUH	Asia/Manila
SJJ	LQSA	Europe/Sarajevo
SJK	SBSJ	America/Sao_Paulo
SJL	SBUA	America/Boa_Vista
SJN	KSJN	America/Phoenix
SJO	MROC	America/Costa_Rica
SJP	SBSR	America/Sao_Paulo
SJQ	FLSS	Africa/Lusaka
SJS	SLJE	America/La_Paz
SJT	KSJT	America/Chicago
SJU	TJSJ	America/Puerto_Rico
SJV	SLJV	America/La_Paz
SJW	ZBSJ	Asia/Shanghai
SJY	EFSI	Europe/Helsinki
SJZ	LPSJ	Atlantic/Azores
SKA	KSKA	America/Los_Angeles
SKB	TKPK	America/St_Kitts
SKC	AYSU	Pacific/Port_Moresby
SKD	UZSS	Asia/Samarkand
SKF	KSKF	America/Chicago
SKG	LGTS	Europe/Athens
SKH	VNSK	Asia/Kathmandu
SKK	PFSH	America/Anchorage
SKL	XBRO	Europe/London
SKN	ENSK	Europe/Oslo
SKO	DNSO	Africa/Lagos
SKP	LWSK	Europe/Skopje
SKQ	FXSK	Africa/Maseru
SKS	EKSP	Europe/Copenhagen
SKT	OPST	Asia/Karachi
SKU	LGSY	Europe/Athens
SKV	HESC	Africa/Cairo
SKW	PASW	America/Anchorage
SKX	UWPS	Europe/Moscow
SKZ	OPSK	Asia/Karachi
SLA	SASA	America/Argentina/Salta
SLB	KSLB	America/Chicago
SLC	KSLC	America/Denver
SLD	LZSL	Europe/Bratislava
SLE	KSLE	America/Los_Angeles
SLF	OESL	Asia/Riyadh
SLG	KSLG	America/Chicago
SLH	NVSC	Pacific/Efate
SLI	FLSW	Africa/Lusaka
SLJ	YSOL	Australia/Perth
SLK	KSLK	America/New_York
SLL	OOSA	Asia/Muscat
SLM	LESA	Europe/Madrid
SLN	KSLN	America/Chicago
SLO	KSLO	America/Chicago
SLP	MMSP	America/Mexico_City
SLQ	PASL	America/Anchorage
SLR	KSLR	America/Chicago
SLT	KANK	America/Denver
SLU	TLPC	America/St_Lucia
SLV	VISM	Asia/Kolkata
SLW	MMIO	America/Monterrey
SLX	MBSY	America/Grand_Turk
SLY	USDD	Asia/Yekaterinburg
SLZ	SBSL	America/Fortaleza
SMA	LPAZ	Atlantic/Azores
SMB	SCSB	America/Punta_Arenas
SMD	KSMD	America/New_York
SME	KSME	America/New_York
SMF	KSMF	America/Los_Angeles
SMG	SPMR	America/Lima
SMI	LGSM	Europe/Athens
SMK	PAMK	America/Nome
SML	MYLS	America/Nassau
SMM	WBKA	Asia/Kuching
SMN	KSMN	America/Denver
SMO	KSMO	America/Los_Angeles
SMQ	WAOS	Asia/Pontianak
SMR	SKSM	America/Bogota
SMS	FMMS	Indian/Antananarivo
SMU	PASP	America/Anchorage
SMV	LSZS	Europe/Zurich
SMW	GMMA	Africa/Casablanca
SMX	KSMX	America/Los_Angeles
SMY	GOTS	Africa/Dakar
SMZ	SMST	America/Paramaribo
SNA	KSNA	America/Los_Angeles
SNB	YSNB	Australia/Darwin
SNC	SESA	America/Guayaquil
SNE	GVSN	Atlantic/Cape_Verde
SNF	SVSP	America/Caracas
SNG	SLSI	America/La_Paz
SNH	YSPE	Australia/Brisbane
SNI	GLGE	Africa/Monrovia
SNJ	MUSJ	America/Havana
SNK	KSNK	America/Chicago
SNL	KSNL	America/Chicago
SNM	SLSM	America/La_Paz
SNN	EINN	Europe/Dublin
SNO	VTUI	Asia/Bangkok
SNP	PASN	America/Adak
SNR	LFRZ	Europe/Paris
SNS	KSNS	America/Los_Angeles
SNU	MUSC	America/Havana
SNV	SVSE	America/Caracas
SNW	VYTD	Asia/Yangon
SNX	OIIS	Asia/Tehran
SNY	KSNY	America/Denver
SNZ	SBSC	America/Sao_Paulo
SOB	LHSM	Europe/Budapest
SOC	WARQ	Asia/Jakarta
SOD	SDCO	America/Sao_Paulo
SOE	FCOS	Africa/Brazzaville
SOF	LBSF	Europe/Sofia
SOG	ENSG	Europe/Oslo
SOJ	ENSR	Europe/Oslo
SOK	FXSM	Africa/Maseru
SOL	AK26	America/Nome
SOM	SVST	America/Caracas
SON	NVSS	Pacific/Efate
SOO	ESNY	Europe/Stockholm
SOP	KSOP	America/New_York
SOQ	WASS	Asia/Jayapura
SOT	EFSO	Europe/Helsinki
SOU	EGHI	Europe/London
SOV	PASO	America/Anchorage
SOW	KSOW	America/Phoenix
SOX	SKSO	America/Bogota
SOY	EGER	Europe/London
SOZ	LFKS	Europe/Paris
SPA	KSPA	America/New_York
SPC	GCLA	Atlantic/Canary
SPD	VGSD	Asia/Dhaka
SPE	WBKO	Asia/Kuching
SPF	KSPF	America/Denver
SPG	KSPG	America/New_York
SPI	KSPI	America/Chicago
SPJ	LGSP	Europe/Athens
SPM	ETAD	Europe/Berlin
SPN	PGSN	Pacific/Saipan
SPP	FNME	Africa/Luanda
SPS	KSPS	America/Chicago
SPU	LDSP	Europe/Zagreb
SPW	KSPW	America/Chicago
SPX	HESX	Africa/Cairo
SPY	DISP	Africa/Abidjan
SPZ	KASG	America/Chicago
SQA	KIZA	America/Los_Angeles
SQC	YSCR	Australia/Perth
SQD	ZSSR	Asia/Shanghai
SQH	VVNS	Asia/Ho_Chi_Minh
SQI	KSQI	America/Chicago
SQJ	ZSSM	Asia/Shanghai
SQL	KSQL	America/Los_Angeles
SQM	SWUA	America/Sao_Paulo
SQN	WAPN	Asia/Jayapura
SQO	ESUD	Europe/Stockholm
SQQ	EYSA	Europe/Vilnius
SQR	WAWS	Asia/Makassar
SQU	SPOA	America/Lima
SQV	KW28	America/Los_Angeles
SQW	EKSV	Europe/Copenhagen
SQX	SSOE	America/Sao_Paulo
SQY	SSRU	America/Sao_Paulo
SQZ	EGXP	Europe/London
SRA	SSZR	America/Sao_Paulo
SRB	SLSR	America/La_Paz
SRC	KSRC	America/Chicago
SRD	SLRA	America/La_Paz
SRE	SLAL	America/La_Paz
SRF	CA35	America/Los_Angeles
SRG	WARS	Asia/Jakarta
SRH	FTTA	Africa/Ndjamena
SRJ	SLSB	America/La_Paz
SRN	YSRN	Australia/Melbourne
SRP	ENSO	Europe/Oslo
SRQ	KSRQ	America/New_York
SRT	HUSO	Africa/Kampala
SRV	KSRV	America/Anchorage
SRW	KRUQ	America/New_York
SRX	HLGD	Africa/Tripoli
SRY	OINZ	Asia/Tehran
SRZ	SLET	America/La_Paz
SSA	SBSV	America/Bahia
SSC	KSSC	America/New_York
SSD	SCSF	America/Santiago
SSE	VASL	Asia/Kolkata
SSF	KSSF	America/Chicago
SSG	FGSL	Africa/Malabo
SSH	HESH	Africa/Cairo
SSI	KSSI	America/New_York
SSJ	ENST	Europe/Oslo
SSM	KANJ	America/Detroit
SSN	RKSM	Asia/Seoul
SSO	SNLO	America/Sao_Paulo
SSR	NVSH	Pacific/Efate
SST	SAZL	America/Argentina/Buenos_Aires
SSW	7WA5	America/Los_Angeles
SSX	LTAQ	Europe/Istanbul
SSY	FNBC	Africa/Luanda
SSZ	SBST	America/Sao_Paulo
STA	EKVJ	Europe/Copenhagen
STB	SVSZ	America/Caracas
STC	KSTC	America/Chicago
STD	SVSO	America/Caracas
STE	KSTE	America/Chicago
STG	PAPB	America/Anchorage
STH	YSMR	Australia/Brisbane
STI	MDST	America/Santo_Domingo
STJ	KSTJ	America/Chicago
STK	KSTK	America/Denver
STL	KSTL	America/Chicago
STM	SBSN	America/Belem
STN	EGSS	Europe/London
STP	KSTP	America/Chicago
STQ	KOYM	America/New_York
STR	EDDS	Europe/Berlin
STS	KSTS	America/Los_Angeles
STT	TIST	America/St_Thomas
STV	VASU	Asia/Kolkata
STW	URMT	Europe/Moscow
STX	TISX	America/St_Thomas
STY	SUSO	America/Montevideo
STZ	SWST	America/Araguaina
SUA	KSUA	America/New_York
SUB	WARR	Asia/Jakarta
SUD	KSUD	America/Chicago
SUE	KSUE	America/Chicago
SUF	LICA	Europe/Rome
SUG	RPMS	Asia/Manila
SUH	OOSR	Asia/Muscat
SUI	UGSS	Asia/Tbilisi
SUJ	LRSM	Europe/Bucharest
SUL	OPSU	Asia/Karachi
SUM	KSMS	America/New_York
SUN	KSUN	America/Denver
SUO	KS21	America/Los_Angeles
SUP	WART	Asia/Jakarta
SUQ	SESC	America/Guayaquil
SUR	CJV7	America/Toronto
SUS	KSUS	America/Chicago
SUT	HTSU	Africa/Dar_es_Salaam
SUU	KSUU	America/Los_Angeles
SUV	NFNA	Pacific/Fiji
SUW	KSUW	America/Chicago
SUX	KSUX	America/Chicago
SUY	UENS	Asia/Yakutsk
SVA	PASA	America/Anchorage
SVB	FMNS	Indian/Antananarivo
SVC	KSVC	America/Denver
SVD	TVSA	America/St_Vincent
SVE	KSVE	America/Los_Angeles
SVF	DBBS	Africa/Porto-Novo
SVG	ENZV	Europe/Oslo
SVH	KSVH	America/New_York
SVI	SKSV	America/Bogota
SVJ	ENSH	Europe/Oslo
SVL	EFSA	Europe/Helsinki
SVN	KSVN	America/New_York
SVO	UUEE	Europe/Moscow
SVP	FNKU	Africa/Luanda
SVQ	LEZL	Europe/Madrid
SVS	PFSV	America/Anchorage
SVT	FBSV	Africa/Gaborone
SVU	NFNS	Pacific/Fiji
SVW	PASV	America/Anchorage
SVX	USSS	Asia/Yekaterinburg
SVZ	SVSA	America/Caracas
SWA	ZGOW	Asia/Shanghai
SWC	YSWL	Australia/Melbourne
SWD	PAWD	America/Anchorage
SWF	KSWF	America/New_York
SWH	YSWH	Australia/Melbourne
SWJ	NVSX	Pacific/Efate
SWN	OPSW	Asia/Karachi
SWO	KSWO	America/Chicago
SWP	FYSM	Africa/Windhoek
SWQ	WADS	Asia/Makassar
SWS	EGFH	Europe/London
SWT	UNSS	Asia/Krasnoyarsk
SWU	RKSW	Asia/Seoul
SWV	UHMW	Asia/Srednekolymsk
SWW	KSWW	America/Chicago
SWX	FBSW	Africa/Gaborone
SWY	WMBA	Asia/Kuala_Lumpur
SXB	LFST	Europe/Paris
SXE	YWSL	Australia/Melbourne
SXG	FLSN	Africa/Lusaka
SXI	OIBS	Asia/Tehran
SXJ	ZWSS	Asia/Shanghai
SXK	WAPI	Asia/Jayapura
SXL	EISG	Europe/Dublin
SXM	TNCM	America/Lower_Princes
SXN	FBSN	Africa/Gaborone
SXO	SWFX	America/Campo_Grande
SXP	PAAU	America/Nome
SXQ	PASX	America/Anchorage
SXR	VISR	Asia/Kolkata
SXS	WBKH	Asia/Kuching
SXT	WMAN	Asia/Kuala_Lumpur
SXV	VOSM	Asia/Kolkata
SXX	SNFX	America/Belem
SXY	KN23	America/New_York
SXZ	LTCL	Europe/Istanbul
SYA	PASY	America/Adak
SYC	SPSY	America/Lima
SYD	YSSY	Australia/Sydney
SYI	KSYI	America/Chicago
SYJ	OIKY	Asia/Tehran
SYK	BIST	Atlantic/Reykjavik
SYM	ZPSM	Asia/Shanghai
SYN	KSYN	America/Chicago
SYO	RJSY	Asia/Tokyo
SYP	MPSA	America/Panama
SYQ	MRPV	America/Costa_Rica
SYR	KSYR	America/New_York
SYS	UERS	Asia/Yakutsk
SYT	LFLN	Europe/Paris
SYU	YWBS	Australia/Brisbane
SYV	KSYV	America/New_York
SYW	OPSN	Asia/Karachi
SYX	ZJSY	Asia/Shanghai
SYY	EGPO	Europe/London
SYZ	OISS	Asia/Tehran
SZA	FNSO	Africa/Luanda
SZB	WMSA	Asia/Kuala_Lumpur
SZF	LTFH	Europe/Istanbul
SZG	LOWS	Europe/Vienna
SZH	ZBSG	Asia/Shanghai
SZJ	MUSN	America/Havana
SZK	FASZ	Africa/Johannesburg
SZL	KSZL	America/Chicago
SZM	FYSS	Africa/Windhoek
SZP	KSZP	America/Los_Angeles
SZS	NZRC	Pacific/Auckland
SZT	MMSC	America/Mexico_City
SZV	ZSSZ	Asia/Shanghai
SZW	EDOP	Europe/Berlin
SZX	ZGSZ	Asia/Shanghai
SZY	EPSY	Europe/Warsaw
SZZ	EPSC	Europe/Warsaw
TAB	TTCP	America/Port_of_Spain
TAC	RPVA	Asia/Manila
TAD	KTAD	America/Denver
TAE	RKTN	Asia/Seoul
TAF	DAOL	Africa/Algiers
TAG	RPSP	Asia/Manila
TAH	NVVW	Pacific/Efate
TAI	OYTZ	Asia/Aden
TAJ	AYTJ	Pacific/Port_Moresby
TAK	RJOT	Asia/Tokyo
TAL	PATA	America/Anchorage
TAM	MMTM	America/Mexico_City
TAN	YTGA	Australia/Brisbane
TAO	ZSQD	Asia/Shanghai
TAP	MMTP	America/Mexico_City
TAQ	YTAR	Australia/Adelaide
TAR	LIBG	Europe/Rome
TAS	UZTT	Asia/Samarkand
TAT	LZTT	Europe/Bratislava
TAU	SKTA	America/Bogota
TAW	SUTB	America/Montevideo
TAX	WAPT	Asia/Jayapura
TAY	EETU	Europe/Tallinn
TAZ	UTAT	Asia/Ashgabat
TBB	VVTH	Asia/Ho_Chi_Minh
TBC	KT03	America/Denver
TBF	NGTE	Pacific/Tarawa
TBG	AYTB	Pacific/Port_Moresby
TBH	RPVU	Asia/Manila
TBI	MYCB	America/Nassau
TBJ	DTKA	Africa/Tunis
TBK	YTBR	Australia/Darwin
TBL	YTAB	Australia/Perth
TBN	KTBN	America/Chicago
TBO	HTTB	Africa/Dar_es_Salaam
TBP	SPME	America/Lima
TBR	KTBR	America/New_York
TBS	UGTB	Asia/Tbilisi
TBT	SBTT	America/Porto_Velho
TBU	NFTF	Pacific/Tongatapu
TBW	UUOT	Europe/Moscow
TBY	FBTS	Africa/Gaborone
TBZ	OITT	Asia/Tehran
TCA	YTNK	Australia/Darwin
TCB	MYAT	America/Nassau
TCC	KTCC	America/Denver
TCE	LRTC	Europe/Bucharest
TCG	ZWTC	Asia/Shanghai
TCH	FOOT	Africa/Libreville
TCL	KTCL	America/Chicago
TCM	KTCM	America/Los_Angeles
TCN	MMHC	America/Mexico_City
TCO	SKCO	America/Bogota
TCP	HETB	Africa/Cairo
TCQ	SPTN	America/Lima
TCR	VOTK	Asia/Kolkata
TCS	KTCS	America/Denver
TCT	PPCT	America/Anchorage
TCU	FATN	Africa/Johannesburg
TCV	MYEY	America/Nassau
TCW	YTOC	Australia/Sydney
TCX	OIMT	Asia/Tehran
TCZ	ZUTC	Asia/Shanghai
TDA	SKTD	America/Bogota
TDD	SLTR	America/La_Paz
TDG	RPMW	Asia/Manila
TDJ	HDTJ	Africa/Djibouti
TDK	UAAT	Asia/Almaty
TDL	SAZT	America/Argentina/Buenos_Aires
TDN	YTHD	Australia/Perth
TDO	KTDO	America/Los_Angeles
TDP	SPDR	America/Lima
TDR	YTDR	Australia/Brisbane
TDS	AYSS	Pacific/Port_Moresby
TDT	FATD	Africa/Johannesburg
TDV	FMSN	Indian/Antananarivo
TDW	KTDW	America/Chicago
TDX	VTBO	Asia/Bangkok
TDZ	KTDZ	America/New_York
TEA	MHTE	America/Tegucigalpa
TEB	KTEB	America/New_York
TEC	SBTL	America/Sao_Paulo
TED	EKTS	Europe/Copenhagen
TEE	DABS	Africa/Algiers
TEF	YTEF	Australia/Perth
TEG	DFET	Africa/Ouagadougou
TEH	K3T4	America/Anchorage
TEI	VETJ	Asia/Kolkata
TEK	PAKA	America/Anchorage
TEL	WBKE	Asia/Kuching
TEM	YTEM	Australia/Sydney
TEN	ZUTR	Asia/Shanghai
TEQ	LTBU	Europe/Istanbul
TER	LPLA	Atlantic/Azores
TES	HHTS	Africa/Asmara
TET	FQTT	Africa/Maputo
TEU	NZMO	Pacific/Auckland
TEV	LETL	Europe/Madrid
TEX	KTEX	America/Denver
TEY	BITE	Atlantic/Reykjavik
TEZ	VETZ	Asia/Kolkata
TFF	SBTF	America/Boa_Vista
TFI	AYTU	Pacific/Port_Moresby
TFL	SNTO	America/Sao_Paulo
TFM	AYTE	Pacific/Port_Moresby
TFN	GCXO	Atlantic/Canary
TFS	GCTS	Atlantic/Canary
TFT	OPTT	Asia/Karachi
TFU	ZUTF	Asia/Shanghai
TGA	WSAT	Asia/Singapore
TGC	WBGT	Asia/Kuching
TGD	LYPG	Europe/Podgorica
TGG	WMKN	Asia/Kuala_Lumpur
TGH	NVST	Pacific/Efate
TGI	SPGM	America/Lima
TGJ	NWWA	Pacific/Noumea
TGK	URRT	Europe/Moscow
TGM	LRTM	Europe/Bucharest
TGN	YLTV	Australia/Melbourne
TGO	ZBTL	Asia/Shanghai
TGP	UNIP	Asia/Krasnoyarsk
TGQ	SWTS	America/Cuiaba
TGR	DAUK	Africa/Algiers
TGT	HTTG	Africa/Dar_es_Salaam
TGU	MHTG	America/Tegucigalpa
TGZ	MMTG	America/Mexico_City
THA	KTHA	America/Chicago
THB	FXTA	Africa/Maseru
THC	GLTN	Africa/Monrovia
THD	VVTX	Asia/Ho_Chi_Minh
THE	SBTE	America/Fortaleza
THI	GQNC	Africa/Nouakchott
THK	VLTK	Asia/Bangkok
THL	VYTL	Asia/Yangon
THM	KTHM	America/Denver
THN	ESGT	Europe/Stockholm
THO	BITN	Atlantic/Reykjavik
THP	KHSG	America/Denver
THQ	ZLTS	Asia/Shanghai
THR	OIII	Asia/Tehran
THS	VTPO	Asia/Bangkok
THT	GQNT	Africa/Nouakchott
THU	BGTL	America/Thule
THV	KTHV	America/New_York
THX	UOTT	Asia/Krasnoyarsk
THY	FATH	Africa/Johannesburg
THZ	DRRT	Africa/Niamey
TIA	LATI	Europe/Tirane
TIB	SKTB	America/Bogota
TID	DAOB	Africa/Algiers
TIE	HATP	Africa/Addis_Ababa
TIF	OETF	Asia/Riyadh
TIH	NTGC	Pacific/Tahiti
TII	OATN	Asia/Kabul
TIJ	MMTJ	America/Tijuana
TIK	KTIK	America/Chicago
TIM	WABP	Asia/Jayapura
TIN	DAOF	Africa/Algiers
TIO	VYHN	Asia/Yangon
TIP	HLLT	Africa/Tripoli
TIQ	PGWT	Pacific/Saipan
TIR	VOTP	Asia/Kolkata
TIU	NZTU	Pacific/Auckland
TIV	LYTV	Europe/Podgorica
TIW	KTIW	America/Los_Angeles
TIX	KTIX	America/New_York
TIY	GQND	Africa/Nouakchott
TIZ	AYTA	Pacific/Port_Moresby
TJA	SLTJ	America/La_Paz
TJB	WIBT	Asia/Jakarta
TJG	WAON	Asia/Makassar
TJH	RJBT	Asia/Tokyo
TJI	MHTJ	America/Tegucigalpa
TJK	LTAW	Europe/Istanbul
TJL	SBTG	America/Campo_Grande
TJM	USTR	Asia/Yekaterinburg
TJN	NTKM	Pacific/Tahiti
TJQ	WIOD	Asia/Jakarta
TJS	WALG	Asia/Makassar
TJU	UTDK	Asia/Dushanbe
TJV	VOTJ	Asia/Kolkata
TKA	PATK	America/Anchorage
TKC	FKKC	Africa/Douala
TKD	DGTK	Africa/Accra
TKF	KTRK	America/Los_Angeles
TKG	WICT	Asia/Jakarta
TKH	VTPI	Asia/Bangkok
TKJ	PFTO	America/Anchorage
TKK	PTKK	Pacific/Chuuk
TKN	RJKN	Asia/Tokyo
TKO	FXTK	Africa/Maseru
TKP	NTGT	Pacific/Tahiti
TKQ	HTKA	Africa/Dar_es_Salaam
TKS	RJOS	Asia/Tokyo
TKT	VTPT	Asia/Bangkok
TKU	EFTU	Europe/Helsinki
TKV	NTGO	Pacific/Tahiti
TKW	AYTN	Pacific/Port_Moresby
TKX	NTKR	Pacific/Tahiti
TKY	YTKY	Australia/Perth
TKZ	NZTO	Pacific/Auckland
TLA	PATE	America/Anchorage
TLB	OPTA	Asia/Karachi
TLC	MMTO	America/Mexico_City
TLD	FBTL	Africa/Gaborone
TLE	FMST	Indian/Antananarivo
TLF	K2K5	America/Anchorage
TLH	KTLH	America/New_York
TLI	WAMI	Asia/Makassar
TLJ	PATL	America/Anchorage
TLK	UECT	Asia/Yakutsk
TLL	EETN	Europe/Tallinn
TLM	DAON	Africa/Algiers
TLN	LFTH	Europe/Paris
TLQ	ZWTP	Asia/Shanghai
TLR	KTLR	America/Los_Angeles
TLS	LFBO	Europe/Paris
TLT	PALT	America/Anchorage
TLU	SKTL	America/Bogota
TLV	LLBG	Asia/Jerusalem
TLX	SCTL	America/Santiago
TLY	UHWP	Asia/Vladivostok
TLZ	SWKT	America/Sao_Paulo
TMA	KTMA	America/New_York
TMB	KTMB	America/New_York
TMC	WADT	Asia/Makassar
TMD	GQNH	Africa/Nouakchott
TME	SKTM	America/Bogota
TMF	VRNT	Indian/Maldives
TMG	WBKM	Asia/Kuala_Lumpur
TMH	WAKT	Asia/Jayapura
TMI	VNTR	Asia/Kathmandu
TMJ	UZST	Asia/Samarkand
TML	DGLE	Africa/Accra
TMM	FMMT	Indian/Antananarivo
TMN	NGTM	Pacific/Tarawa
TMO	SVTM	America/Caracas
TMP	EFTP	Europe/Helsinki
TMQ	DFEM	Africa/Ouagadougou
TMR	DAAT	Africa/Algiers
TMS	FPST	Africa/Sao_Tome
TMT	SBTB	America/Belem
TMU	MRTR	America/Costa_Rica
TMW	YSTW	Australia/Sydney
TMX	DAUT	Africa/Algiers
TMZ	NZTH	Pacific/Auckland
TNA	ZSJN	Asia/Shanghai
TNB	WRLH	Asia/Makassar
TNC	PATC	America/Nome
TND	MUTD	America/Havana
TNE	RJFG	Asia/Tokyo
TNF	LFPN	Europe/Paris
TNG	GMTT	Africa/Casablanca
TNH	ZYTN	Asia/Shanghai
TNI	VIST	Asia/Kolkata
TNJ	WIDN	Asia/Jakarta
TNK	POKA	America/Nome
TNL	UKLT	Europe/Kyiv
TNM	SCRM	Antarctica/Palmer
TNN	RCNN	Asia/Taipei
TNO	MRTM	America/Costa_Rica
TNP	KTNP	America/Los_Angeles
TNR	FMMI	Indian/Antananarivo
TNT	KTNT	America/New_York
TNU	KTNU	America/Chicago
TNV	PLFA	Pacific/Kiritimati
TNZ	ZMTL	Asia/Ulaanbaatar
TOA	KTOA	America/Los_Angeles
TOB	HLGN	Africa/Tripoli
TOC	KTOC	America/New_York
TOD	WMBT	Asia/Kuala_Lumpur
TOE	DTTZ	Africa/Tunis
TOF	UNTT	Asia/Tomsk
TOG	PATG	America/Anchorage
TOH	NVSD	Pacific/Efate
TOI	KTOI	America/Chicago
TOJ	LETO	Europe/Madrid
TOL	KTOL	America/New_York
TOM	GATB	Africa/Bamako
TOO	MRSV	America/Costa_Rica
TOP	KTOP	America/Chicago
TOQ	SCBE	America/Santiago
TOR	KTOR	America/Denver
TOS	ENTC	Europe/Oslo
TOT	SMCO	America/Paramaribo
TOU	NWWU	Pacific/Noumea
TOW	SBTD	America/Sao_Paulo
TOX	USTO	Asia/Yekaterinburg
TOY	RJNT	Asia/Tokyo
TPA	KTPA	America/New_York
TPC	SETR	America/Guayaquil
TPE	RCTP	Asia/Taipei
TPF	KTPF	America/New_York
TPG	WMBI	Asia/Kuala_Lumpur
TPH	KTPH	America/Los_Angeles
TPI	AYTI	Pacific/Port_Moresby
TPJ	VNTJ	Asia/Kathmandu
TPK	WITA	Asia/Jakarta
TPL	KTPL	America/Chicago
TPN	SETI	America/Guayaquil
TPP	SPST	America/Lima
TPQ	MMEP	America/Mazatlan
TPR	YTMP	Australia/Perth
TPS	LICT	Europe/Rome
TPU	VNTP	Asia/Kathmandu
TQD	ORAT	Asia/Baghdad
TQL	USDS	Asia/Yekaterinburg
TQN	OATQ	Asia/Kabul
TQO	MMTL	America/Cancun
TQP	YTEE	Australia/Brisbane
TQQ	WA44	Asia/Makassar
TQS	SKTQ	America/Bogota
TRA	RORT	Asia/Tokyo
TRB	SKTU	America/Bogota
TRC	MMTC	America/Mexico_City
TRD	ENVA	Europe/Oslo
TRE	EGPU	Europe/London
TRF	ENTO	Europe/Oslo
TRG	NZTG	Pacific/Auckland
TRH	KL72	America/Los_Angeles
TRI	KTRI	America/New_York
TRK	WALR	Asia/Makassar
TRL	KTRL	America/Chicago
TRM	KTRM	America/Los_Angeles
TRN	LIMF	Europe/Rome
TRO	YTRE	Australia/Sydney
TRQ	SBTK	America/Rio_Branco
TRR	VCCT	Asia/Colombo
TRS	LIPQ	Europe/Rome
TRU	SPRU	America/Lima
TRV	VOTV	Asia/Kolkata
TRW	NGTA	Pacific/Tarawa
TRX	KTRX	America/Chicago
TRY	HUTO	Africa/Kampala
TRZ	VOTR	Asia/Kolkata
TSA	RCSS	Asia/Taipei
TSB	FYTM	Africa/Windhoek
TSC	SETH	America/Guayaquil
TSF	LIPH	Europe/Rome
TSG	KTSG	America/Anchorage
TSH	FZUK	Africa/Lubumbashi
TSJ	RJDT	Asia/Tokyo
TSL	MMTN	America/Mexico_City
TSM	KSKX	America/Denver
TSN	ZBTJ	Asia/Shanghai
TSP	KTSP	America/Los_Angeles
TSQ	SSTE	America/Sao_Paulo
TSR	LRTR	Europe/Bucharest
TST	VTST	Asia/Bangkok
TSU	NGTS	Pacific/Tarawa
TSV	YBTL	Australia/Brisbane
TSX	WALT	Asia/Makassar
TSY	WICM	Asia/Jakarta
TTA	GMAT	Africa/Casablanca
TTB	LIET	Europe/Rome
TTC	SCTT	America/Santiago
TTD	KTTD	America/Los_Angeles
TTE	WAMT	Asia/Jayapura
TTG	SAST	America/Argentina/Salta
TTH	OOTH	Asia/Muscat
TTI	NTTE	Pacific/Tahiti
TTJ	RJOR	Asia/Tokyo
TTN	KTTN	America/New_York
TTO	KBTN	America/Chicago
TTQ	MRAO	America/Costa_Rica
TTS	FMNT	Indian/Antananarivo
TTT	RCFN	Asia/Taipei
TTU	GMTN	Africa/Casablanca
TTX	YTST	Australia/Perth
TUA	SETU	America/Guayaquil
TUB	NTAT	Pacific/Tahiti
TUC	SANT	America/Argentina/Tucuman
TUD	GOTT	Africa/Dakar
TUF	LFOT	Europe/Paris
TUG	RPUT	Asia/Manila
TUI	OETR	Asia/Riyadh
TUJ	HAMJ	Africa/Addis_Ababa
TUK	OPTU	Asia/Karachi
TUL	KTUL	America/Chicago
TUM	YTMU	Australia/Sydney
TUN	DTTA	Africa/Tunis
TUO	NZAP	Pacific/Auckland
TUP	KTUP	America/Chicago
TUQ	DFOT	Africa/Ouagadougou
TUR	SBTU	America/Belem
TUS	KTUS	America/Phoenix
TUU	OETB	Asia/Riyadh
TUV	SVTC	America/Caracas
TVA	FMMR	Indian/Antananarivo
TVC	KTVC	America/New_York
TVF	KTVF	America/Chicago
TVI	KTVI	America/New_York
TVL	KTVL	America/Los_Angeles
TVS	ZBSN	Asia/Shanghai
TVU	NFNM	Pacific/Fiji
TVY	VYDW	Asia/Yangon
TWA	KA63	America/Anchorage
TWB	YTWB	Australia/Brisbane
TWC	ZWTS	Asia/Shanghai
TWD	K0S9	America/Los_Angeles
TWE	AK49	America/Nome
TWF	KTWF	America/Boise
TWU	WBKW	Asia/Kuala_Lumpur
TWZ	NZUK	Pacific/Auckland
TXF	SNTF	America/Bahia
TXG	RCLG	Asia/Taipei
TXK	KTXK	America/Chicago
TXL	EDDT	Europe/Berlin
TXM	WAST	Asia/Jayapura
TXN	ZSTX	Asia/Shanghai
TXU	DITB	Africa/Abidjan
TYB	YTIB	Australia/Sydney
TYD	UHBW	Asia/Yakutsk
TYE	KTYE	America/Anchorage
TYF	ESST	Europe/Stockholm
TYG	YTHY	Australia/Brisbane
TYL	SPYL	America/Lima
TYM	MYES	America/Nassau
TYN	ZBYN	Asia/Shanghai
TYP	YTMY	Australia/Darwin
TYR	KTYR	America/Chicago
TYS	KTYS	America/New_York
TYT	SUTR	America/Montevideo
TYZ	KTYL	America/Phoenix
TZC	KCFS	America/Detroit
TZL	LQTZ	Europe/Sarajevo
TZR	LHTA	Europe/Budapest
TZX	LTCG	Europe/Istanbul
UAB	LTAG	Europe/Istanbul
UAH	NTMU	Pacific/Marquesas
UAI	WPDB	Asia/Dili
UAK	BGBW	America/Nuuk
UAL	FNUA	Africa/Luanda
UAM	PGUA	Pacific/Guam
UAP	NTMP	Pacific/Marquesas
UAQ	SANU	America/Argentina/San_Juan
UAR	GMFB	Africa/Casablanca
UAS	HKSB	Africa/Nairobi
UBA	SBUR	America/Sao_Paulo
UBB	YMAA	Australia/Brisbane
UBJ	RJDC	Asia/Tokyo
UBN	ZMCK	Asia/Ulaanbaatar
UBP	VTUU	Asia/Bangkok
UBR	WAJU	Asia/Jayapura
UBS	KUBS	America/Chicago
UBT	SDUB	America/Sao_Paulo
UBU	YKAL	Australia/Perth
UCB	ZBUC	Asia/Shanghai
UCE	K4R7	America/Chicago
UCK	UKLC	Europe/Kyiv
UCN	GLBU	Africa/Monrovia
UCT	UUYH	Europe/Moscow
UCY	KUCY	America/Chicago
UCZ	SPIZ	America/Lima
UDA	YUDA	Australia/Brisbane
UDD	KUDD	America/Los_Angeles
UDE	EHVK	Europe/Amsterdam
UDI	SBUL	America/Sao_Paulo
UDJ	UKLU	Europe/Uzhgorod
UDR	VAUD	Asia/Kolkata
UEE	YQNS	Australia/Hobart
UEL	FQQL	Africa/Maputo
UEN	USDU	Asia/Yekaterinburg
UEO	ROKJ	Asia/Tokyo
UES	KUES	America/Chicago
UET	OPQT	Asia/Karachi
UFA	UWUU	Asia/Yekaterinburg
UGA	ZMBN	Asia/Ulaanbaatar
UGB	KUGB	America/Anchorage
UGC	UZNU	Asia/Samarkand
UGL	SCGC	Antarctica/Palmer
UGN	KUGN	America/Chicago
UGO	FNUG	Africa/Luanda
UGS	K9A8	America/Anchorage
UGT	ZMBR	Asia/Ulaanbaatar
UHE	LKKU	Europe/Prague
UIB	SKUI	America/Bogota
UIH	VVPC	Asia/Ho_Chi_Minh
UII	MHUT	America/Tegucigalpa
UIK	UIBS	Asia/Irkutsk
UIL	KUIL	America/Los_Angeles
UIN	KUIN	America/Chicago
UIO	SEQM	America/Guayaquil
UIP	LFRQ	Europe/Paris
UIQ	NVVQ	Pacific/Efate
UIR	YQDI	Australia/Sydney
UKA	HKUK	Africa/Nairobi
UKB	RJBE	Asia/Tokyo
UKG	UEBT	Asia/Vladivostok
UKI	KUKI	America/Los_Angeles
UKK	UASK	Asia/Almaty
UKN	KY01	America/Chicago
UKS	URFB	Europe/Simferopol
UKT	KUKT	America/New_York
UKU	AYNU	Pacific/Port_Moresby
UKX	UITT	Asia/Irkutsk
ULA	SAWJ	America/Argentina/Rio_Gallegos
ULB	NVSU	Pacific/Efate
ULD	FAUL	Africa/Johannesburg
ULG	ZMUL	Asia/Hovd
ULK	UERL	Asia/Yakutsk
ULM	KULM	America/Chicago
ULN	ZMUB	Asia/Ulaanbaatar
ULO	ZMUG	Asia/Hovd
ULP	YQLP	Australia/Brisbane
ULQ	SKUL	America/Bogota
ULU	HUGU	Africa/Kampala
ULV	UWLL	Europe/Samara
ULX	FAUS	Africa/Johannesburg
ULY	UWLW	Europe/Ulyanovsk
UMA	MUMA	America/Havana
UME	ESNU	Europe/Stockholm
UMI	SPIL	America/Lima
UMM	PAST	America/Anchorage
UMR	YPWR	Australia/Adelaide
UMS	UEMU	Asia/Yakutsk
UMT	PAUM	America/Anchorage
UMU	SSUM	America/Sao_Paulo
UMY	UKHS	Europe/Kyiv
UMZ	KMEZ	America/Chicago
UNA	SBTC	America/Bahia
UND	OAUZ	Asia/Kabul
UNE	FXQN	Africa/Maseru
UNG	AYKI	Pacific/Port_Moresby
UNI	TVSU	America/St_Vincent
UNK	PAUN	America/Anchorage
UNN	VTSR	Asia/Bangkok
UNT	EGPW	Europe/London
UNU	KUNU	America/Chicago
UOA	NTTX	Pacific/Tahiti
UOL	WAMY	Asia/Makassar
UOS	KUOS	America/Chicago
UOX	KUOX	America/Chicago
UPB	MUPB	America/Havana
UPG	WAAA	Asia/Makassar
UPL	MRUP	America/Costa_Rica
UPN	MMPN	America/Mexico_City
UPP	PHUP	Pacific/Honolulu
UPV	EGDJ	Europe/London
URA	UARR	Asia/Oral
URC	ZWWW	Asia/Shanghai
URD	EDQE	Europe/Berlin
URE	EEKE	Europe/Tallinn
URG	SBUG	America/Sao_Paulo
URJ	USHU	Asia/Yekaterinburg
URM	SVUM	America/Caracas
URO	LFOP	Europe/Paris
URR	SKUR	America/Bogota
URS	UUOK	Europe/Moscow
URT	VTSB	Asia/Bangkok
URY	OEGT	Asia/Riyadh
USA	KJQF	America/New_York
USC	K35A	America/New_York
USH	SAWH	America/Argentina/Ushuaia
USI	SYMB	America/Guyana
USJ	UAAL	Asia/Almaty
USK	UUYS	Europe/Moscow
USL	YUSL	Australia/Perth
USM	VTSM	Asia/Bangkok
USN	RKPU	Asia/Seoul
USQ	LTBO	Europe/Istanbul
USR	UEMT	Asia/Vladivostok
USS	MUSS	America/Havana
UST	KSGJ	America/New_York
USU	RPVV	Asia/Manila
UTA	FVMU	Africa/Harare
UTB	YMTB	Australia/Brisbane
UTG	FXQG	Africa/Maseru
UTH	VTUD	Asia/Bangkok
UTI	EFUT	Europe/Helsinki
UTM	KUTA	America/Chicago
UTN	FAUP	Africa/Johannesburg
UTO	PAIM	America/Anchorage
UTP	VTBU	Asia/Bangkok
UTR	VTPU	Asia/Bangkok
UTS	UUYX	Europe/Moscow
UTT	FAUT	Africa/Johannesburg
UTW	FAQT	Africa/Johannesburg
UUA	UWKB	Europe/Moscow
UUD	UIUU	Asia/Irkutsk
UUK	PAKU	America/Anchorage
UUN	ZMBU	Asia/Choibalsan
UUS	UHSS	Asia/Vladivostok
UVA	KUVA	America/Chicago
UVE	NWWV	Pacific/Noumea
UVF	TLPL	America/St_Lucia
UVL	HEKG	Africa/Cairo
UWA	MA53	America/New_York
UYL	HSNN	Africa/Khartoum
UYN	ZLYL	Asia/Shanghai
UYU	SLUY	America/La_Paz
UZC	LYUZ	Europe/Belgrade
UZU	SATU	America/Argentina/Cordoba
VAA	EFVA	Europe/Helsinki
VAC	EDWU	Europe/Berlin
VAD	KVAD	America/New_York
VAF	LFLU	Europe/Paris
VAG	SBVG	America/Sao_Paulo
VAH	SLVG	America/La_Paz
VAI	AYVN	Pacific/Port_Moresby
VAK	PAVA	America/Anchorage
VAL	SNVB	America/Fortaleza
VAM	VRMV	Indian/Maldives
VAN	LTCI	Europe/Istanbul
VAO	AGGV	Pacific/Guadalcanal
VAP	SCRD	America/Santiago
VAR	LBWN	Europe/Sofia
VAS	LTAR	Europe/Istanbul
VAT	FMMY	Indian/Antananarivo
VAV	NFTV	Pacific/Tongatapu
VAW	ENSS	Europe/Oslo
VBA	VYAN	Asia/Yangon
VBG	KVBG	America/Los_Angeles
VBP	VYBP	Asia/Yangon
VBS	LIPO	Europe/Rome
VBV	NFVB	Pacific/Fiji
VBY	ESSV	Europe/Stockholm
VCA	VVCT	Asia/Ho_Chi_Minh
VCD	YVRD	Australia/Darwin
VCE	LIPZ	Europe/Rome
VCH	SUVO	America/Montevideo
VCL	VVCA	Asia/Ho_Chi_Minh
VCP	SBKP	America/Sao_Paulo
VCR	SVCO	America/Caracas
VCS	VVCS	Asia/Ho_Chi_Minh
VCT	KVCT	America/Chicago
VCV	KVCV	America/Los_Angeles
VDC	SBVC	America/Bahia
VDE	GCHI	Atlantic/Canary
VDH	VVDH	Asia/Ho_Chi_Minh
VDI	KVDI	America/New_York
VDM	SAVV	America/Argentina/Salta
VDO	VVVD	Asia/Ho_Chi_Minh
VDP	SVVP	America/Caracas
VDR	SAOD	America/Argentina/Cordoba
VDS	ENVD	Europe/Oslo
VDY	VOJV	Asia/Kolkata
VDZ	PAVD	America/Anchorage
VEE	PAVE	America/Anchorage
VEL	KVEL	America/Denver
VER	MMVR	America/Mexico_City
VEV	AGBA	Pacific/Guadalcanal
VEX	KD60	America/Chicago
VEY	BIVM	Atlantic/Reykjavik
VFA	FVFA	Africa/Harare
VGA	VOBZ	Asia/Kolkata
VGD	ULWW	Europe/Moscow
VGO	LEVX	Europe/Madrid
VGT	KVGT	America/Los_Angeles
VGZ	SKVG	America/Bogota
VHC	FNSA	Africa/Luanda
VHM	ESNV	Europe/Stockholm
VHN	KVHN	America/Chicago
VHV	UENI	Asia/Yakutsk
VHY	LFLV	Europe/Paris
VHZ	NTUV	Pacific/Tahiti
VIA	SSVI	America/Sao_Paulo
VIE	LOWW	Europe/Vienna
VIG	SVVG	America/Caracas
VIH	KVIH	America/Chicago
VII	VVVH	Asia/Ho_Chi_Minh
VIJ	TUPW	America/Tortola
VIL	GMMH	Africa/Casablanca
VIN	UKWW	Europe/Kyiv
VIP	LSMP	Europe/Zurich
VIQ	WPVQ	Asia/Dili
VIR	FAVG	Africa/Johannesburg
VIS	KVIS	America/Los_Angeles
VIT	LEVT	Europe/Madrid
VIX	SBVT	America/Sao_Paulo
VIY	LFPV	Europe/Paris
VJB	FQXA	Africa/Maputo
VJI	KVJI	America/New_York
VKG	VVRG	Asia/Ho_Chi_Minh
VKO	UUWW	Europe/Moscow
VKS	KVKS	America/Chicago
VKT	UUYW	Europe/Moscow
VLA	KVLA	America/Chicago
VLC	LEVC	Europe/Madrid
VLD	KVLD	America/New_York
VLE	K40G	America/Phoenix
VLG	SAZV	America/Argentina/Buenos_Aires
VLI	NVVV	Pacific/Efate
VLL	LEVD	Europe/Madrid
VLM	SLVM	America/La_Paz
VLN	SVVA	America/Caracas
VLO	LAVL	Europe/Tirane
VLP	SWVC	America/Cuiaba
VLR	SCLL	America/Santiago
VLS	NVSV	Pacific/Efate
VLU	ULOL	Europe/Moscow
VLV	SVVL	America/Caracas
VME	SAOR	America/Argentina/San_Luis
VMU	AYBA	Pacific/Port_Moresby
VNC	KVNC	America/New_York
VND	FMSU	Indian/Antananarivo
VNE	LFRV	Europe/Paris
VNO	EYVI	Europe/Vilnius
VNR	YVRS	Australia/Brisbane
VNS	VEBN	Asia/Kolkata
VNT	EVVA	Europe/Riga
VNX	FQVL	Africa/Maputo
VNY	KVNY	America/Los_Angeles
VOD	LKVO	Europe/Prague
VOG	URWW	Europe/Volgograd
VOH	FMNV	Indian/Antananarivo
VOI	GLVA	Africa/Monrovia
VOK	KVOK	America/Chicago
VOL	LGBL	Europe/Athens
VOT	SDVG	America/Sao_Paulo
VOZ	UUOO	Europe/Moscow
VPE	FNGI	Africa/Luanda
VPN	BIVO	Atlantic/Reykjavik
VPS	KVPS	America/Chicago
VPY	FQCH	Africa/Maputo
VPZ	KVPZ	America/Chicago
VQQ	KVQQ	America/New_York
VQS	TJVQ	America/Puerto_Rico
VRA	MUVR	America/Havana
VRB	KVRB	America/New_York
VRC	RPUV	Asia/Manila
VRE	FAVR	Africa/Johannesburg
VRI	ULDW	Europe/Moscow
VRK	EFVR	Europe/Helsinki
VRL	LPVR	Europe/Lisbon
VRN	LIPX	Europe/Rome
VRO	MUKW	America/Havana
VRS	K3VS	America/Chicago
VRU	FAVB	Africa/Johannesburg
VSA	MMVA	America/Mexico_City
VSE	LPVZ	Europe/Lisbon
VSF	KVSF	America/New_York
VSG	UKCW	Europe/Kyiv
VST	ESOW	Europe/Stockholm
VSV	VISV	Asia/Kolkata
VTB	UMII	Europe/Minsk
VTE	VLVT	Asia/Vientiane
VTF	NFVL	Pacific/Fiji
VTG	VVVT	Asia/Ho_Chi_Minh
VTL	LFSZ	Europe/Paris
VTM	LLNV	Asia/Jerusalem
VTN	KVTN	America/Chicago
VTU	MUVT	America/Havana
VTZ	VOVZ	Asia/Kolkata
VUP	SKVP	America/Bogota
VUS	ULWU	Europe/Moscow
VVB	FMMH	Indian/Antananarivo
VVC	SKVV	America/Bogota
VVI	SLVR	America/La_Paz
VVK	ESSW	Europe/Stockholm
VVO	UHWW	Asia/Vladivostok
VVZ	DAAP	Africa/Algiers
VXC	FQLC	Africa/Maputo
VXE	GVSV	Atlantic/Cape_Verde
VXO	ESMX	Europe/Stockholm
VYD	FAVY	Africa/Johannesburg
VYI	UENW	Asia/Yakutsk
VYS	KVYS	America/Chicago
WAA	PAIW	America/Anchorage
WAC	HAWC	Africa/Addis_Ababa
WAE	OEWD	Asia/Riyadh
WAF	OPWN	Asia/Karachi
WAG	NZWU	Pacific/Auckland
WAH	KBWP	America/Chicago
WAI	FMNW	Indian/Antananarivo
WAK	FMSZ	Indian/Antananarivo
WAL	KWAL	America/New_York
WAM	FMMZ	Indian/Antananarivo
WAO	AYWB	Pacific/Port_Moresby
WAP	SCAP	America/Santiago
WAQ	FMMG	Indian/Antananarivo
WAR	WAJR	Asia/Jayapura
WAT	EIWF	Europe/Dublin
WAV	YWAV	Australia/Darwin
WAW	EPWA	Europe/Warsaw
WAX	HLZW	Africa/Tripoli
WAY	KWAY	America/New_York
WAZ	YWCK	Australia/Brisbane
WBA	WAPV	Asia/Jayapura
WBB	PAAS	America/Nome
WBG	ETNS	Europe/Berlin
WBK	KY31	America/Detroit
WBM	AYWD	Pacific/Port_Moresby
WBO	FMSB	Indian/Antananarivo
WBQ	PAWB	America/Anchorage
WBR	KRQB	America/Detroit
WBU	KBDU	America/Denver
WBW	KWBW	America/New_York
WCA	SCST	America/Santiago
WCH	SCTN	America/Santiago
WCR	PALR	America/Anchorage
WDG	KWDG	America/Chicago
WDH	FYWH	Africa/Windhoek
WDI	YWND	Australia/Brisbane
WDN	90WA	America/Los_Angeles
WDR	KWDR	America/New_York
WDS	ZHSY	Asia/Shanghai
WEA	KWEA	America/Chicago
WEF	ZSWF	Asia/Shanghai
WEH	ZSWH	Asia/Shanghai
WEI	YBWP	Australia/Brisbane
WEL	FAWM	Africa/Johannesburg
WET	WABG	Asia/Jayapura
WEW	YWWA	Australia/Sydney
WFD	EGCD	Europe/London
WFI	FMSF	Indian/Antananarivo
WFK	KFVE	America/New_York
WGA	YSWG	Australia/Sydney
WGB	OPBR	Asia/Karachi
WGC	VOWA	Asia/Kolkata
WGE	YWLG	Australia/Sydney
WGO	KOKV	America/New_York
WGP	WADW	Asia/Makassar
WGT	YWGT	Australia/Melbourne
WHA	ZSWA	Asia/Shanghai
WHF	HSSW	Africa/Khartoum
WHK	NZWK	Pacific/Auckland
WHO	NZFJ	Pacific/Auckland
WHP	KWHP	America/Los_Angeles
WHS	EGEH	Europe/London
WHT	KARM	America/Chicago
WHU	ZSWU	Asia/Shanghai
WIB	KF05	America/Chicago
WIC	EGPC	Europe/London
WIE	ETOU	Europe/Berlin
WIK	NZKE	Pacific/Auckland
WIL	HKNW	Africa/Nairobi
WIN	YWTN	Australia/Brisbane
WIO	YWCA	Australia/Sydney
WIR	NZWO	Pacific/Auckland
WIT	YWIT	Australia/Perth
WIX	MMTX	America/Mexico_City
WJF	KWJF	America/Los_Angeles
WJR	HKWJ	Africa/Nairobi
WJU	RKNW	Asia/Seoul
WKA	NZWF	Pacific/Auckland
WKB	YWKB	Australia/Melbourne
WKF	FAWK	Africa/Johannesburg
WKI	FVWT	Africa/Harare
WKJ	RJCW	Asia/Tokyo
WKK	K5A8	America/Anchorage
WKR	MYAW	America/Nassau
WLA	YWAL	Australia/Perth
WLC	YWCH	Australia/Sydney
WLD	KWLD	America/Chicago
WLE	YMLS	Australia/Brisbane
WLG	NZWN	Pacific/Auckland
WLH	NVSW	Pacific/Efate
WLK	PASK	America/Anchorage
WLL	YWOR	Australia/Darwin
WLO	YWTL	Australia/Darwin
WLP	YANG	Australia/Perth
WLS	NLWW	Pacific/Wallis
WLW	KWLW	America/Los_Angeles
WMA	FMNX	Indian/Antananarivo
WMB	YWBL	Australia/Melbourne
WMC	KWMC	America/Los_Angeles
WMD	FMSC	Indian/Antananarivo
WME	YMNE	Australia/Perth
WMH	KBPK	America/Chicago
WMI	EPMO	Europe/Warsaw
WMN	FMNR	Indian/Antananarivo
WMO	PAWM	America/Anchorage
WMR	FMNC	Indian/Antananarivo
WMT	ZUMT	Asia/Shanghai
WMX	WAJW	Asia/Jayapura
WNA	PANA	America/Anchorage
WND	YWDA	Australia/Perth
WNJ	_WNJ	Asia/Shanghai
WNN	CKL3	America/Winnipeg
WNP	RPUN	Asia/Manila
WNR	YWDH	Australia/Brisbane
WNS	OPNH	Asia/Karachi
WNZ	ZSWZ	Asia/Shanghai
WOA	AYWO	Pacific/Port_Moresby
WOE	EHWO	Europe/Amsterdam
WOL	YWOL	Australia/Sydney
WON	YWDL	Australia/Brisbane
WOT	RCWA	Asia/Taipei
WOW	PAUO	America/Anchorage
WPA	SCAS	America/Santiago
WPB	FMNG	Indian/Antananarivo
WPC	CZPC	America/Edmonton
WPK	YWMP	Australia/Brisbane
WPO	K7V2	America/Denver
WPR	SCFM	America/Santiago
WPU	SCGZ	America/Santiago
WRB	KWRB	America/New_York
WRE	NZWR	Pacific/Auckland
WRG	PAWG	America/Anchorage
WRI	KWRI	America/New_York
WRL	KWRL	America/Denver
WRO	EPWR	Europe/Warsaw
WRT	EGNO	Europe/London
WRW	YWWG	Australia/Perth
WRY	EGEW	Europe/London
WRZ	VCCW	Asia/Colombo
WSF	PACS	America/Nome
WSG	KAFJ	America/New_York
WSH	KHWV	America/New_York
WSI	YSWS	Australia/Sydney
WSK	ZUWS	Asia/Shanghai
WSM	KWSM	America/Anchorage
WSN	PFWS	America/Anchorage
WSO	SMWS	America/Paramaribo
WSP	MNWP	America/Managua
WSR	WASW	Asia/Jayapura
WST	KWST	America/New_York
WSU	AYWS	Pacific/Port_Moresby
WSZ	NZWS	Pacific/Auckland
WTA	FMMU	Indian/Antananarivo
WTB	YBWW	Australia/Brisbane
WTD	MYGW	America/Nassau
WTK	PAWN	America/Anchorage
WTL	PAAJ	America/Nome
WTN	EGXW	Europe/London
WTP	AYWT	Pacific/Port_Moresby
WTR	KE24	America/Phoenix
WTS	FMMX	Indian/Antananarivo
WTZ	NZWT	Pacific/Auckland
WUA	ZBUH	Asia/Shanghai
WUD	YWUD	Australia/Adelaide
WUG	AYWU	Pacific/Port_Moresby
WUH	ZHHH	Asia/Shanghai
WUI	YMMI	Australia/Perth
WUN	YWLU	Australia/Perth
WUS	ZSWY	Asia/Shanghai
WUU	HSWW	Africa/Juba
WUX	ZSWX	Asia/Shanghai
WUZ	ZGWZ	Asia/Shanghai
WVB	FYWB	Africa/Windhoek
WVI	KWVI	America/Los_Angeles
WVK	FMSK	Indian/Antananarivo
WVL	KWVL	America/New_York
WVN	EDWI	Europe/Berlin
WWA	PAWS	America/Anchorage
WWD	KWWD	America/New_York
WWI	YWWI	Australia/Perth
WWK	AYWK	Pacific/Port_Moresby
WWR	KWWR	America/Chicago
WWT	PAEW	America/Nome
WWY	YWWL	Australia/Sydney
WXN	ZUWX	Asia/Shanghai
WYA	YWHA	Australia/Adelaide
WYE	GFYE	Africa/Freetown
WYK	WIPO	Asia/Jakarta
WYN	YWYM	Australia/Perth
WYS	KWYS	America/Denver
WZA	DGLW	Africa/Accra
XAI	ZHXY	Asia/Shanghai
XAP	SBCH	America/Sao_Paulo
XAR	DFOY	Africa/Ouagadougou
XAU	SOOS	America/Cayenne
XBE	CNE3	America/Winnipeg
XBG	DFEB	Africa/Ouagadougou
XBJ	OIMB	Asia/Tehran
XBK	LFHS	Europe/Paris
XBO	DFEA	Africa/Ouagadougou
XBR	CNL3	America/Toronto
XCH	YPXM	Indian/Christmas
XCL	CJS3	America/Regina
XCM	CYCK	America/Toronto
XCO	YOLA	Australia/Melbourne
XCR	LFOK	Europe/Paris
XDE	DFOU	Africa/Ouagadougou
XDJ	DFCJ	Africa/Ouagadougou
XEN	ZYXC	Asia/Shanghai
XFN	ZHXF	Asia/Shanghai
XFW	EDHI	Europe/Berlin
XGA	DFOG	Africa/Ouagadougou
XGG	DFEG	Africa/Ouagadougou
XGN	FNXA	Africa/Luanda
XGR	CYLU	America/Iqaluit
XIC	ZUXC	Asia/Shanghai
XIJ	OKAJ	Asia/Kuwait
XIL	ZBXH	Asia/Shanghai
XIN	ZGXN	Asia/Shanghai
XIY	ZLXY	Asia/Shanghai
XJM	OPMA	Asia/Karachi
XKA	DFEL	Africa/Ouagadougou
XKH	VLXK	Asia/Vientiane
XKS	CYAQ	America/Toronto
XKY	DFCA	Africa/Ouagadougou
XLB	CZWH	America/Winnipeg
XLS	GOSS	Africa/Dakar
XLU	DFCL	Africa/Ouagadougou
XMC	YMCO	Australia/Hobart
XMD	KMDS	America/Chicago
XMH	NTGI	Pacific/Tahiti
XMI	HTMI	Africa/Dar_es_Salaam
XML	YMIN	Australia/Adelaide
XMN	ZSAM	Asia/Shanghai
XMP	CFC4	America/Whitehorse
XMS	SEMC	America/Guayaquil
XMU	LFHY	Europe/Paris
XMY	YYMI	Australia/Brisbane
XNA	KXNA	America/Chicago
XNN	ZLXN	Asia/Shanghai
XNU	DFON	Africa/Ouagadougou
XPA	DFEP	Africa/Ouagadougou
XPK	CZFG	America/Winnipeg
XPL	MHPR	America/Tegucigalpa
XPP	CZNG	America/Winnipeg
XPR	KIEN	America/Denver
XQP	MRQP	America/Costa_Rica
XQU	CAT4	America/Vancouver
XRH	YSRI	Australia/Sydney
XRR	CYDM	America/Whitehorse
XRY	LEJR	Europe/Madrid
XSB	OMBY	Asia/Dubai
XSC	MBSC	America/Grand_Turk
XSD	KTNX	America/Los_Angeles
XSE	DFES	Africa/Ouagadougou
XSI	CZSN	America/Winnipeg
XSP	WSSL	Asia/Singapore
XTG	YTGM	Australia/Brisbane
XTL	CYBQ	America/Winnipeg
XTO	YTAM	Australia/Brisbane
XTR	YTAA	Australia/Brisbane
XUZ	ZSXZ	Asia/Shanghai
XWA	KXWA	America/Chicago
XXN	OERY	Asia/Riyadh
XYA	AGGY	Pacific/Guadalcanal
XYR	AYED	Pacific/Port_Moresby
XZA	DFEZ	Africa/Ouagadougou
YAA	CAJ4	America/Vancouver
YAB	CYAB	America/Rankin_Inlet
YAC	CYAC	America/Winnipeg
YAD	CAS2	America/Vancouver
YAG	CYAG	America/Winnipeg
YAH	CYAH	America/Toronto
YAI	SCCH	America/Santiago
YAK	PAYA	America/Anchorage
YAL	CYAL	America/Vancouver
YAM	CYAM	America/Toronto
YAN	FZIR	Africa/Lubumbashi
YAO	FKKY	Africa/Douala
YAP	PTYA	Pacific/Chuuk
YAR	CYAD	America/Toronto
YAS	NFSW	Pacific/Fiji
YAT	CYAT	America/Toronto
YAU	CTP9	America/Toronto
YAX	CKB6	America/Winnipeg
YAY	CYAY	America/St_Johns
YAZ	CYAZ	America/Vancouver
YBA	CYBA	America/Edmonton
YBB	CYBB	America/Edmonton
YBC	CYBC	America/Toronto
YBE	CYBE	America/Regina
YBG	CYBG	America/Toronto
YBI	CCE4	America/Halifax
YBK	CYBK	America/Winnipeg
YBL	CYBL	America/Vancouver
YBO	CBW4	America/Vancouver
YBP	ZUYB	Asia/Shanghai
YBR	CYBR	America/Winnipeg
YBT	CYBT	America/Winnipeg
YBV	CYBV	America/Winnipeg
YBX	CYBX	America/Blanc-Sablon
YBY	CYBF	America/Edmonton
YCA	CAH3	America/Vancouver
YCB	CYCB	America/Edmonton
YCC	CYCC	America/Toronto
YCD	CYCD	America/Vancouver
YCE	CYCE	America/Toronto
YCG	CYCG	America/Vancouver
YCH	CYCH	America/Halifax
YCK	CEB3	America/Yellowknife
YCL	CYCL	America/Halifax
YCM	CYSN	America/Toronto
YCN	CYCN	America/Toronto
YCO	CYCO	America/Edmonton
YCQ	CYCQ	America/Dawson_Creek
YCR	CYCR	America/Winnipeg
YCS	CYCS	America/Winnipeg
YCT	CYCT	America/Edmonton
YCU	ZBYC	Asia/Shanghai
YCW	CYCW	America/Vancouver
YCY	CYCY	America/Toronto
YCZ	CYCZ	America/Edmonton
YDA	CYDA	America/Vancouver
YDB	CYDB	America/Vancouver
YDC	CER3	America/Edmonton
YDF	CYDF	America/St_Johns
YDG	CYID	America/Halifax
YDJ	CJL2	America/Regina
YDL	CYDL	America/Vancouver
YDN	CYDN	America/Winnipeg
YDO	CYDO	America/Toronto
YDP	CYDP	America/Halifax
YDQ	CYDQ	America/Dawson_Creek
YDT	CZBB	America/Vancouver
YDU	CJL8	America/Yellowknife
YDV	CZTA	America/Winnipeg
YDW	CKV4	America/Yellowknife
YEB	CPF2	America/Toronto
YEC	RKTY	Asia/Seoul
YEG	CYEG	America/Edmonton
YEH	_YEH	Asia/Shanghai
YEI	LTBR	Europe/Istanbul
YEK	CYEK	America/Winnipeg
YEL	CYEL	America/Toronto
YEM	CYEM	America/Toronto
YEN	CYEN	America/Regina
YEO	EGDY	Europe/London
YER	CYER	America/Toronto
YES	OISY	Asia/Tehran
YET	CYET	America/Edmonton
YEU	CYEU	America/Rankin_Inlet
YEV	CYEV	America/Inuvik
YEY	CYEY	America/Toronto
YFA	CYFA	America/Toronto
YFB	CYFB	America/Toronto
YFC	CYFC	America/Moncton
YFE	CYFE	America/Toronto
YFG	CTU2	America/Toronto
YFH	CYFH	America/Toronto
YFI	CFG6	America/Edmonton
YFJ	CYWE	America/Edmonton
YFO	CYFO	America/Winnipeg
YFR	CYFR	America/Edmonton
YFS	CYFS	America/Edmonton
YFX	CCK4	America/St_Johns
YGB	CYGB	America/Vancouver
YGC	CEQ5	America/Edmonton
YGH	CYGH	America/Edmonton
YGJ	RJOH	Asia/Tokyo
YGK	CYGK	America/Toronto
YGL	CYGL	America/Toronto
YGM	CYGM	America/Winnipeg
YGO	CYGO	America/Winnipeg
YGP	CYGP	America/Toronto
YGQ	CYGQ	America/Toronto
YGR	CYGR	America/Toronto
YGT	CYGT	America/Toronto
YGV	CYGV	America/Toronto
YGW	CYGW	America/Toronto
YGX	CYGX	America/Winnipeg
YGZ	CYGZ	America/Toronto
YHA	CCP4	America/St_Johns
YHB	CYHB	America/Regina
YHD	CYHD	America/Winnipeg
YHE	CYHE	America/Vancouver
YHF	CYHF	America/Toronto
YHG	CCH4	America/St_Johns
YHI	CYHI	America/Yellowknife
YHJ	ZSYH	Asia/Shanghai
YHK	CYHK	America/Edmonton
YHM	CYHM	America/Toronto
YHN	CYHN	America/Toronto
YHO	CYHO	America/Halifax
YHP	CPV7	America/Winnipeg
YHR	CYHR	America/Blanc-Sablon
YHS	CAP3	America/Vancouver
YHT	CYHT	America/Whitehorse
YHU	CYHU	America/Toronto
YHY	CYHY	America/Yellowknife
YHZ	CYHZ	America/Halifax
YIA	WAHI	Asia/Jakarta
YIB	CYIB	America/Panama
YIE	ZBES	Asia/Shanghai
YIF	CYIF	America/Blanc-Sablon
YIH	ZHYC	Asia/Shanghai
YIK	CYIK	America/Toronto
YIN	ZWYN	Asia/Shanghai
YIO	CYIO	America/Toronto
YIP	KYIP	America/New_York
YIV	CYIV	America/Winnipeg
YIW	ZSYW	Asia/Shanghai
YJA	CYJA	America/Edmonton
YJF	CYJF	America/Yellowknife
YJN	CYJN	America/Toronto
YJP	CEC4	America/Edmonton
YJS	ZKSE	Asia/Pyongyang
YJT	CYJT	America/St_Johns
YKA	CYKA	America/Vancouver
YKC	CYKC	America/Regina
YKD	CNS7	America/Toronto
YKE	CJT3	America/Winnipeg
YKF	CYKF	America/Toronto
YKG	CYAS	America/Toronto
YKH	ZYYK	Asia/Shanghai
YKJ	CYKJ	America/Regina
YKL	CYKL	America/Toronto
YKM	KYKM	America/Los_Angeles
YKN	KYKN	America/Chicago
YKO	LTCW	Europe/Istanbul
YKQ	CYKQ	America/Toronto
YKS	UEEE	Asia/Yakutsk
YKU	CSU2	America/Toronto
YKX	CYKX	America/Toronto
YKY	CYKY	America/Regina
YLB	CYLB	America/Edmonton
YLC	CYLC	America/Toronto
YLD	CYLD	America/Toronto
YLE	CEM3	America/Edmonton
YLG	YYAL	Australia/Perth
YLH	CYLH	America/Toronto
YLI	EFYL	Europe/Helsinki
YLJ	CYLJ	America/Regina
YLK	CYLS	America/Toronto
YLL	CYLL	America/Edmonton
YLQ	CYLQ	America/Toronto
YLR	CYLR	America/Winnipeg
YLS	CSH4	America/Toronto
YLT	CYLT	America/Toronto
YLV	UBEE	Asia/Baku
YLW	CYLW	America/Vancouver
YLX	ZGYL	Asia/Shanghai
YLY	CYNJ	America/Vancouver
YMA	CYMA	America/Vancouver
YMB	CAD5	America/Vancouver
YME	CYME	America/Toronto
YMG	CYMG	America/Toronto
YMH	CYMH	America/St_Johns
YMJ	CYMJ	America/Regina
YMK	USDK	Asia/Yekaterinburg
YML	CYML	America/Toronto
YMM	CYMM	America/Edmonton
YMN	CYFT	America/Halifax
YMO	CYMO	America/Toronto
YMS	SPMS	America/Lima
YMT	CYMT	America/Toronto
YMW	CYMW	America/Toronto
YMX	CYMX	America/Toronto
YNA	CYNA	America/Toronto
YNB	OEYN	Asia/Riyadh
YNC	CYNC	America/Toronto
YND	CYND	America/Toronto
YNE	CYNE	America/Winnipeg
YNG	KYNG	America/New_York
YNH	CYNH	America/Dawson_Creek
YNJ	ZYYJ	Asia/Shanghai
YNL	CYNL	America/Regina
YNM	CYNM	America/Toronto
YNN	CYNN	America/Winnipeg
YNO	CKQ3	America/Winnipeg
YNP	CNH2	America/Goose_Bay
YNS	CYHH	America/Toronto
YNT	ZSYT	Asia/Shanghai
YNX	CSK6	America/Yellowknife
YNY	RKNY	Asia/Seoul
YNZ	ZSYN	Asia/Shanghai
YOA	CYOA	America/Edmonton
YOC	CYOC	America/Vancouver
YOD	CYOD	America/Edmonton
YOE	CFM4	America/Edmonton
YOG	CNT3	America/Toronto
YOH	CYOH	America/Winnipeg
YOJ	CYOJ	America/Edmonton
YOL	DNYO	Africa/Lagos
YOO	CYOO	America/Toronto
YOP	CYOP	America/Edmonton
YOS	CYOS	America/Toronto
YOT	LLYT	Asia/Jerusalem
YOW	CYOW	America/Toronto
YPA	CYPA	America/Regina
YPB	CBS8	America/Vancouver
YPC	CYPC	America/Edmonton
YPD	CNK4	America/Toronto
YPE	CYPE	America/Edmonton
YPG	CYPG	America/Winnipeg
YPH	CYPH	America/Toronto
YPJ	CYLA	America/Toronto
YPK	CYPK	America/Vancouver
YPL	CYPL	America/Panama
YPM	CYPM	America/Winnipeg
YPN	CYPN	America/Toronto
YPO	CYPO	America/Toronto
YPQ	CYPQ	America/Toronto
YPR	CYPR	America/Vancouver
YPS	CYPD	America/Halifax
YPW	CYPW	America/Vancouver
YPX	CYPX	America/Toronto
YPY	CYPY	America/Edmonton
YPZ	CYPZ	America/Vancouver
YQA	CYQA	America/Toronto
YQB	CYQB	America/Toronto
YQC	CYHA	America/Toronto
YQD	CYQD	America/Winnipeg
YQF	CYQF	America/Edmonton
YQG	CYQG	America/Toronto
YQH	CYQH	America/Vancouver
YQI	CYQI	America/Halifax
YQK	CYQK	America/Winnipeg
YQL	CYQL	America/Edmonton
YQM	CYQM	America/Halifax
YQN	CYQN	America/Toronto
YQQ	CYQQ	America/Vancouver
YQR	CYQR	America/Regina
YQS	CYQS	America/Toronto
YQT	CYQT	America/Thunder_Bay
YQU	CYQU	America/Edmonton
YQV	CYQV	America/Regina
YQW	CYQW	America/Regina
YQX	CYQX	America/St_Johns
YQY	CYQY	America/Glace_Bay
YQZ	CYQZ	America/Vancouver
YRA	CYRA	America/Yellowknife
YRB	CYRB	America/Winnipeg
YRF	CYCA	America/Halifax
YRG	CCZ2	America/Halifax
YRI	CYRI	America/Toronto
YRJ	CYRJ	America/Toronto
YRL	CYRL	America/Winnipeg
YRM	CYRM	America/Edmonton
YRO	CYRO	America/Toronto
YRQ	CYRQ	America/Toronto
YRS	CYRS	America/Winnipeg
YRT	CYRT	America/Winnipeg
YRV	CYRV	America/Vancouver
YSA	CSB2	America/Halifax
YSB	CYSB	America/Toronto
YSC	CYSC	America/Toronto
YSE	CYSE	America/Vancouver
YSF	CYSF	America/Regina
YSG	CYLK	America/Yellowknife
YSH	CYSH	America/Toronto
YSJ	CYSJ	America/Halifax
YSK	CYSK	America/Iqaluit
YSL	CYSL	America/Moncton
YSM	CYSM	America/Edmonton
YSN	CZAM	America/Vancouver
YSO	CCD4	America/Halifax
YSP	CYSP	America/Toronto
YSQ	ZYSQ	Asia/Shanghai
YST	CYST	America/Winnipeg
YSU	CYSU	America/Halifax
YSY	CYSY	America/Edmonton
YTA	CYTA	America/Toronto
YTD	CZLQ	America/Winnipeg
YTE	CYTE	America/Toronto
YTF	CYTF	America/Toronto
YTH	CYTH	America/Winnipeg
YTL	CYTL	America/Winnipeg
YTM	CYFJ	America/Toronto
YTQ	CYTQ	America/Toronto
YTR	CYTR	America/Toronto
YTS	CYTS	America/Toronto
YTT	CJY3	America/Regina
YTW	ZWYT	Asia/Shanghai
YTX	CBM5	America/Vancouver
YTY	ZSYA	Asia/Shanghai
YTZ	CYTZ	America/Toronto
YUB	CYUB	America/Yellowknife
YUD	CYMU	America/Toronto
YUE	YYND	Australia/Darwin
YUL	CYUL	America/Toronto
YUM	KNYL	America/Phoenix
YUS	ZYLS	Asia/Shanghai
YUT	CYUT	America/Winnipeg
YUX	CYUX	America/Toronto
YUY	CYUY	America/Toronto
YVA	FMCN	Indian/Comoro
YVB	CYVB	America/Toronto
YVC	CYVC	America/Regina
YVE	CYVK	America/Vancouver
YVG	CYVG	America/Edmonton
YVM	CYVM	America/Toronto
YVO	CYVO	America/Toronto
YVP	CYVP	America/Toronto
YVQ	CYVQ	America/Edmonton
YVR	CYVR	America/Vancouver
YVT	CYVT	America/Regina
YVV	CYVV	America/Toronto
YVZ	CYVZ	America/Winnipeg
YWA	CYWA	America/Toronto
YWB	CYKG	America/Toronto
YWG	CYWG	America/Winnipeg
YWH	CYWH	America/Vancouver
YWJ	CYWJ	America/Edmonton
YWK	CYWK	America/Halifax
YWL	CYWL	America/Vancouver
YWM	CCA6	America/St_Johns
YWP	CYWP	America/Toronto
YWY	CYWY	America/Edmonton
YXC	CYXC	America/Edmonton
YXE	CYXE	America/Regina
YXH	CYXH	America/Edmonton
YXJ	CYXJ	America/Dawson_Creek
YXK	CYXK	America/Toronto
YXL	CYXL	America/Winnipeg
YXN	CYXN	America/Winnipeg
YXP	CYXP	America/Toronto
YXQ	CYXQ	America/Whitehorse
YXR	CYXR	America/Toronto
YXS	CYXS	America/Vancouver
YXT	CYXT	America/Vancouver
YXU	CYXU	America/Toronto
YXX	CYXX	America/Vancouver
YXY	CYXY	America/Whitehorse
YXZ	CYXZ	America/Toronto
YYA	ZGYY	Asia/Shanghai
YYB	CYYB	America/Toronto
YYC	CYYC	America/Edmonton
YYD	CYYD	America/Vancouver
YYE	CYYE	America/Fort_Nelson
YYF	CYYF	America/Vancouver
YYG	CYYG	America/Halifax
YYH	CYYH	America/Edmonton
YYJ	CYYJ	America/Vancouver
YYL	CYYL	America/Winnipeg
YYM	CYYM	America/Edmonton
YYN	CYYN	America/Regina
YYQ	CYYQ	America/Winnipeg
YYR	CYYR	America/Goose_Bay
YYT	CYYT	America/St_Johns
YYU	CYYU	America/Toronto
YYW	CYYW	America/Toronto
YYY	CYYY	America/Toronto
YYZ	CYYZ	America/Toronto
YZE	CYZE	America/Toronto
YZF	CYZF	America/Edmonton
YZG	CYZG	America/Toronto
YZH	CYZH	America/Edmonton
YZP	CYZP	America/Vancouver
YZR	CYZR	America/Toronto
YZS	CYZS	America/Panama
YZT	CYZT	America/Vancouver
YZU	CYZU	America/Edmonton
YZV	CYZV	America/Toronto
YZW	CYZW	America/Vancouver
YZX	CYZX	America/Halifax
YZY	ZLZY	Asia/Shanghai
YZZ	CAD4	America/Vancouver
ZAC	CZAC	America/Winnipeg
ZAD	LDZD	Europe/Zagreb
ZAG	LDZA	Europe/Zagreb
ZAH	OIZH	Asia/Tehran
ZAJ	OAZJ	Asia/Kabul
ZAL	SCVD	America/Santiago
ZAM	RPMZ	Asia/Manila
ZAO	LFCC	Europe/Paris
ZAR	DNZA	Africa/Lagos
ZAT	ZPZT	Asia/Shanghai
ZAZ	LEZG	Europe/Madrid
ZBE	LKZA	Europe/Prague
ZBF	CZBF	America/Halifax
ZBL	YTNG	Australia/Brisbane
ZBM	CZBM	America/Toronto
ZBO	YBWN	Australia/Brisbane
ZBR	OIZC	Asia/Tehran
ZBY	VLSB	Asia/Vientiane
ZCL	MMZC	America/Mexico_City
ZCO	SCQP	America/Santiago
ZEC	FASC	Africa/Johannesburg
ZEL	CBBC	America/Vancouver
ZEM	CZEM	America/Toronto
ZER	VEZO	Asia/Kolkata
ZFA	CZFA	America/Vancouver
ZFD	CZFD	America/Regina
ZFL	ZWZS	Asia/Shanghai
ZFM	CZFM	America/Edmonton
ZFN	CZFN	America/Edmonton
ZFW	CEB5	America/Edmonton
ZGF	CZGF	America/Vancouver
ZGI	CZGI	America/Winnipeg
ZGL	YSGW	Australia/Brisbane
ZGM	FLNA	Africa/Lusaka
ZGR	CZGR	America/Winnipeg
ZGU	NVSQ	Pacific/Efate
ZHA	ZGZJ	Asia/Shanghai
ZHI	LSZG	Europe/Zurich
ZHP	CZHP	America/Edmonton
ZHY	ZLZW	Asia/Shanghai
ZHZ	EDAQ	Europe/Berlin
ZIA	UUBW	Europe/Moscow
ZIC	SCTO	America/Santiago
ZIG	GOGG	Africa/Dakar
ZIH	MMZH	America/Mexico_City
ZIN	LSMI	Europe/Zurich
ZIX	UEVV	Asia/Yakutsk
ZJG	CZJG	America/Winnipeg
ZJI	LSZL	Europe/Zurich
ZJN	CZJN	America/Winnipeg
ZKB	FLKY	Africa/Lusaka
ZKE	CZKE	America/Toronto
ZKP	UESU	Asia/Magadan
ZLO	MMZO	America/Mexico_City
ZLR	SCLN	America/Santiago
ZLT	CTU5	America/Blanc-Sablon
ZLX	HSZA	Africa/Khartoum
ZMH	CZML	America/Vancouver
ZMM	MMZM	America/Mexico_City
ZMT	CZMT	America/Vancouver
ZNC	KZNC	America/Anchorage
ZND	DRZR	Africa/Niamey
ZNE	YNWN	Australia/Perth
ZNZ	HTZA	Africa/Dar_es_Salaam
ZOS	SCJO	America/Santiago
ZPB	CZPB	America/Winnipeg
ZPC	SCPC	America/Santiago
ZPH	KZPH	America/New_York
ZPO	CZPO	America/Regina
ZQN	NZQN	Pacific/Auckland
ZRE	LYZR	Europe/Belgrade
ZRH	LSZH	Europe/Zurich
ZRI	WABO	Asia/Jayapura
ZRJ	CZRJ	America/Winnipeg
ZRM	WAJI	Asia/Jayapura
ZSA	MYSM	America/Nassau
ZSE	FMEP	Indian/Reunion
ZSJ	CZSJ	America/Winnipeg
ZSP	_ZSP	Asia/Shanghai
ZSS	DISS	Africa/Abidjan
ZST	CZST	America/Vancouver
ZTA	NTGY	Pacific/Tahiti
ZTB	CTB6	America/Blanc-Sablon
ZTH	LGZA	Europe/Athens
ZTM	CZTM	America/Winnipeg
ZTR	UKKV	Europe/Kyiv
ZTU	UBBY	Asia/Baku
ZUC	CZUC	America/Winnipeg
ZUD	SCAC	America/Santiago
ZUH	ZGSD	Asia/Shanghai
ZUL	OEZL	Asia/Riyadh
ZUM	CZUM	America/Halifax
ZVA	FMMN	Indian/Antananarivo
ZVK	VLSK	Asia/Vientiane
ZWA	FMND	Indian/Antananarivo
ZWL	CZWL	America/Regina
ZXT	UBTT	Asia/Baku
ZYI	ZUZY	Asia/Shanghai
ZYL	VGSY	Asia/Dhaka
ZZE	UBBZ	Asia/Baku
ZZO	UHSO	Asia/Vladivostok
ZZV	KZZV	America/New_York
