Shanghai	Shanghai	CN	24874500	Asia/Shanghai
Chongqing	Chongqing	CN	22000000	Asia/Shanghai
Chengdu	Chengdu	CN	20937757	Asia/Shanghai
Beijing	Beijing	CN	18960744	Asia/Shanghai
Guangzhou	Guangzhou	CN	18676605	Asia/Shanghai
Shenzhen	Shenzhen	CN	17494398	Asia/Shanghai
Kinshasa	Kinshasa	CD	16000000	Africa/Kinshasa
Istanbul	Istanbul	TR	15701602	Europe/Istanbul
Lagos	Lagos	NG	15388000	Africa/Lagos
Ho Chi Minh City	Ho Chi Minh City	VN	14002598	Asia/Ho_Chi_Minh
Tianjin	Tianjin	CN	13866009	Asia/Shanghai
Wuhan	Wuhan	CN	13739000	Asia/Shanghai
Lahore	Lahore	PK	13004135	Asia/Karachi
Xi’an	Xi'an	CN	12952907	Asia/Shanghai
Mumbai	Mumbai	IN	12691836	Asia/Kolkata
São Paulo	Sao Paulo	BR	12400232	America/Sao_Paulo
Mexico City	Mexico City	MX	12294193	America/Mexico_City
Hangzhou	Hangzhou	CN	11936010	Asia/Shanghai
Karachi	Karachi	PK	11624219	Asia/Karachi
Delhi	Delhi	IN	11034555	Asia/Kolkata
Moscow	Moscow	RU	10381222	Europe/Moscow
Dhaka	Dhaka	BD	10356500	Asia/Dhaka
Seoul	Seoul	KR	10349312	Asia/Seoul
Harbin	Harbin	CN	10009854	Asia/Shanghai
Tokyo	Tokyo	JP	9733276	Asia/Tokyo
Dongguan	Dongguan	CN	9644871	Asia/Shanghai
Cairo	Cairo	EG	9606916	Africa/Cairo
Hefei	Hefei	CN	9465881	Asia/Shanghai
Johannesburg	Johannesburg	ZA	9418183	Africa/Johannesburg
Weifang	Weifang	CN	9386705	Asia/Shanghai
Nanjing	Nanjing	CN	9314685	Asia/Shanghai
Shenyang	Shenyang	CN	9070093	Asia/Shanghai
Foshan	Foshan	CN	9042509	Asia/Shanghai
London	London	GB	8961989	Europe/London
New York City	New York City	US	8804190	America/New_York
Jakarta	Jakarta	ID	8540121	Asia/Jakarta
Bengaluru	Bengaluru	IN	8495492	Asia/Kolkata
Jinan	Jinan	CN	8352574	Asia/Shanghai
Hanoi	Hanoi	VN	8053663	Asia/Bangkok
Taipei	Taipei	TW	7871900	Asia/Taipei
Lima	Lima	PE	7737002	America/Lima
Bogotá	Bogota	CO	7674366	America/Bogota
Dalian	Dalian	CN	7450785	Asia/Shanghai
Hong Kong	Hong Kong	HK	7396076	Asia/Hong_Kong
Baghdad	Baghdad	IQ	7216000	Asia/Baghdad
Wuzhong	Wuzhong	CN	7202654	Asia/Shanghai
Qingdao	Qingdao	CN	7172451	Asia/Shanghai
Tehran	Tehran	IR	7153309	Asia/Tehran
Yantai	Yantai	CN	7102100	Asia/Shanghai
Hyderabad	Hyderabad	IN	6993262	Asia/Kolkata
Rio de Janeiro	Rio de Janeiro	BR	6747815	America/Sao_Paulo
Suzhou	Suzhou	CN	6715559	Asia/Shanghai
Puxi	Puxi	CN	6683712	Asia/Shanghai
Zhengzhou	Zhengzhou	CN	6650532	Asia/Shanghai
Ahmedabad	Ahmedabad	IN	6357693	Asia/Kolkata
Abidjan	Abidjan	CI	6321017	Africa/Abidjan
Nanning	Nanning	CN	5977185	Asia/Shanghai
Kunming	Kunming	CN	5950578	Asia/Shanghai
Shijiazhuang	Shijiazhuang	CN	5758403	Asia/Shanghai
Changchun	Changchun	CN	5691024	Asia/Shanghai
Pudong	Pudong	CN	5681512	Asia/Shanghai
Sydney	Sydney	AU	5638830	Australia/Sydney
Singapore	Singapore	SG	5638700	Asia/Singapore
Melbourne	Melbourne	AU	5435590	Australia/Melbourne
Dar es Salaam	Dar es Salaam	TZ	5383728	Africa/Dar_es_Salaam
Saint Petersburg	Saint Petersburg	RU	5351935	Europe/Moscow
Taiyuan	Taiyuan	CN	5305061	Asia/Shanghai
Alexandria	Alexandria	EG	5263542	Africa/Cairo
Bangkok	Bangkok	TH	5104476	Asia/Bangkok
Kano	Kano	NG	4910000	Africa/Lagos
Santiago	Santiago	CL	4837295	America/Santiago
Cape Town	Cape Town	ZA	4772846	Africa/Johannesburg
Peshawar	Peshawar	PK	4758762	Asia/Karachi
Zibo	Zibo	CN	4704138	Asia/Shanghai
Jeddah	Jeddah	SA	4697000	Asia/Riyadh
Chennai	Chennai	IN	4681087	Asia/Kolkata
Kolkata	Kolkata	IN	4631392	Asia/Kolkata
Xiamen	Xiamen	CN	4617251	Asia/Shanghai
Surat	Surat	IN	4591246	Asia/Kolkata
Yangzhou	Yangzhou	CN	4559797	Asia/Shanghai
Huai'an	Huai'an	CN	4556230	Asia/Shanghai
Guiyang	Guiyang	CN	4506134	Asia/Shanghai
Yangon	Yangon	MM	4477638	Asia/Yangon
Bao'an	Bao'an	CN	4476554	Asia/Shanghai
Kabul	Kabul	AF	4434550	Asia/Kabul
Nairobi	Nairobi	KE	4397073	Africa/Nairobi
Wuxi	Wuxi	CN	4396835	Asia/Shanghai
Giza	Giza	EG	4367343	Africa/Cairo
Lanzhou	Lanzhou	CN	4359446	Asia/Shanghai
Bamako	Bamako	ML	4227569	Africa/Bamako
Riyadh	Riyadh	SA	4205961	Asia/Riyadh
Fuzhou	Fuzhou	CN	4094491	Asia/Shanghai
Ürümqi	UEruemqi	CN	4054000	Asia/Urumqi
New Taipei City	New Taipei City	TW	4004367	Asia/Taipei
New Territories	New Territories	HK	3984077	Asia/Hong_Kong
Chattogram	Chattogram	BD	3920222	Asia/Dhaka
Addis Ababa	Addis Ababa	ET	3860000	Africa/Addis_Ababa
Zaozhuang	Zaozhuang	CN	3855601	Asia/Shanghai
Zhongshan	Zhongshan	CN	3841873	Asia/Shanghai
Shantou	Shantou	CN	3838900	Asia/Shanghai
Los Angeles	Los Angeles	US	3820914	America/Los_Angeles
Faisalabad	Faisalabad	PK	3800193	Asia/Karachi
Dubai	Dubai	AE	3790000	Asia/Dubai
Yokohama	Yokohama	JP	3777491	Asia/Tokyo
Ningbo	Ningbo	CN	3731203	Asia/Shanghai
Nanhai	Nanhai	CN	3667247	Asia/Shanghai
Casablanca	Casablanca	MA	3665954	Africa/Casablanca
Ibadan	Ibadan	NG	3649000	Africa/Lagos
Puyang	Puyang	CN	3590000	Asia/Shanghai
Ankara	Ankara	TR	3517182	Europe/Istanbul
Shiyan	Shiyan	CN	3460000	Asia/Shanghai
Hohhot	Hohhot	CN	3446100	Asia/Shanghai
Berlin	Berlin	DE	3426354	Europe/Berlin
Tangshan	Tangshan	CN	3372102	Asia/Shanghai
Rawalpindi	Rawalpindi	PK	3357612	Asia/Karachi
Lüliang	Lueliang	CN	3346500	Asia/Shanghai
Durban	Durban	ZA	3338026	Africa/Johannesburg
Anshan	Anshan	CN	3325372	Asia/Shanghai
Changzhou	Changzhou	CN	3290918	Asia/Shanghai
Busan	Busan	KR	3285147	Asia/Seoul
Madrid	Madrid	ES	3255944	Europe/Madrid
Pyongyang	Pyongyang	KP	3222000	Asia/Pyongyang
Pune	Pune	IN	3124458	Asia/Kolkata
Datong	Datong	CN	3105591	Asia/Shanghai
Bursa	Bursa	TR	3101833	Europe/Istanbul
Changsha	Changsha	CN	3093980	Asia/Shanghai
Quezon City	Quezon City	PH	3084270	Asia/Manila
Jaipur	Jaipur	IN	3046163	Asia/Kolkata
Huainan	Huainan	CN	3033528	Asia/Shanghai
Surabaya	Surabaya	ID	3018022	Asia/Jakarta
Incheon	Incheon	KR	3015482	Asia/Seoul
Haikou	Haikou	CN	3001600	Asia/Shanghai
Caracas	Caracas	VE	3000000	America/Caracas
Kyiv	Kyiv	UA	2952301	Europe/Kyiv
İzmir	Izmir	TR	2938292	Europe/Istanbul
Huizhou	Huizhou	CN	2900113	Asia/Shanghai
Buenos Aires	Buenos Aires	AR	2891082	America/Argentina/Buenos_Aires
Yinchuan	Yinchuan	CN	2859074	Asia/Shanghai
Taichung	Taichung	TW	2850285	Asia/Taipei
Kanpur	Kanpur	IN	2823249	Asia/Kolkata
Toronto	Toronto	CA	2794356	America/Toronto
Quito	Quito	EC	2781641	America/Guayaquil
Brisbane	Brisbane	AU	2780063	Australia/Brisbane
Luanda	Luanda	AO	2776168	Africa/Luanda
Baotou	Baotou	CN	2761700	Asia/Shanghai
Osaka	Osaka	JP	2753862	Asia/Tokyo
Linyi	Linyi	CN	2743843	Asia/Shanghai
Baoding	Baoding	CN	2739887	Asia/Shanghai
Kaohsiung	Kaohsiung	TW	2737660	Asia/Taipei
Brooklyn	Brooklyn	US	2736074	America/New_York
Guayaquil	Guayaquil	EC	2723665	America/Guayaquil
Belo Horizonte	Belo Horizonte	BR	2721564	America/Sao_Paulo
Minhang	Minhang	CN	2716600	Asia/Shanghai
Bazhong	Bazhong	CN	2712894	Asia/Shanghai
Salvador	Salvador	BR	2711840	America/Bahia
Abuja	Abuja	NG	2690000	Africa/Lagos
Gazipur	Gazipur	BD	2674697	Asia/Dhaka
Chicago	Chicago	US	2664452	America/Chicago
Wenzhou	Wenzhou	CN	2650000	Asia/Shanghai
Bekasi	Bekasi	ID	2648272	Asia/Jakarta
Dakar	Dakar	SN	2646503	Africa/Dakar
Haiphong	Haiphong	VN	2625200	Asia/Bangkok
Yunfu	Yunfu	CN	2612800	Asia/Shanghai
Navi Mumbai	Navi Mumbai	IN	2600000	Asia/Kolkata
Mogadishu	Mogadishu	SO	2587183	Africa/Mogadishu
Kumasi	Kumasi	GH	2544530	Africa/Accra
Bandung	Bandung	ID	2528163	Asia/Jakarta
Gujranwala	Gujranwala	PK	2511118	Asia/Karachi
Medan	Medan	ID	2486283	Asia/Jakarta
Lucknow	Lucknow	IN	2472011	Asia/Kolkata
Xining	Xining	CN	2467965	Asia/Shanghai
Ouagadougou	Ouagadougou	BF	2415266	Africa/Ouagadougou
Nagpur	Nagpur	IN	2405665	Asia/Kolkata
Fortaleza	Fortaleza	BR	2400000	America/Fortaleza
Cali	Cali	CO	2392877	America/Bogota
Perth	Perth	AU	2384371	Australia/Perth
Daegu	Daegu	KR	2365523	Asia/Seoul
Algiers	Algiers	DZ	2364230	Africa/Algiers
Nanchang	Nanchang	CN	2357839	Asia/Shanghai
Baku	Baku	AZ	2351300	Asia/Baku
Nagoya	Nagoya	JP	2332176	Asia/Tokyo
Rome	Rome	IT	2318895	Europe/Rome
Queens	Queens	US	2316841	America/New_York
Houston	Houston	US	2314157	America/Chicago
Mashhad	Mashhad	IR	2307177	Asia/Tehran
Shaoxing	Shaoxing	CN	2300000	Asia/Shanghai
Nantong	Nantong	CN	2273326	Asia/Shanghai
Baoshan	Baoshan	CN	2265900	Asia/Shanghai
Kowloon	Kowloon	HK	2232339	Asia/Hong_Kong
Gaziantep	Gaziantep	TR	2222415	Europe/Istanbul
Lubumbashi	Lubumbashi	CD	2221925	Africa/Lubumbashi
Manaus	Manaus	BR	2219580	America/Manaus
Lusaka	Lusaka	ZM	2212301	Africa/Lusaka
Brasília	Brasilia	BR	2207718	America/Sao_Paulo
Zhuhai	Zhuhai	CN	2207090	Asia/Shanghai
Santo Domingo	Santo Domingo	DO	2201941	America/Santo_Domingo
Lomé	Lome	TG	2188376	Africa/Lome
Multan	Multan	PK	2169915	Asia/Karachi
Havana	Havana	CU	2163824	America/Havana
Depok	Depok	ID	2163635	Asia/Jakarta
Ordos	Ordos	CN	2153638	Asia/Shanghai
Paris	Paris	FR	2138551	Europe/Paris
Coimbatore	Coimbatore	IN	2136916	Asia/Kolkata
Qingyang	Qingyang	CN	2125400	Asia/Shanghai
Port Harcourt	Port Harcourt	NG	2120000	Africa/Lagos
Pretoria	Pretoria	ZA	2112693	Africa/Johannesburg
Córdoba	Cordoba	AR	2106734	America/Argentina/Cordoba
Mbuji-Mayi	Mbuji-Mayi	CD	2101332	Africa/Lubumbashi
Aleppo	Aleppo	SY	2098210	Asia/Damascus
Kunshan	Kunshan	CN	2092496	Asia/Shanghai
Al Mawşil al Jadīdah	Al Mawsil al Jadidah	IQ	2065597	Asia/Baghdad
Zunyi	Zunyi	CN	2037775	Asia/Shanghai
La Paz	La Paz	BO	2004652	America/La_Paz
Lianyungang	Lianyungang	CN	2001009	Asia/Shanghai
Medellín	Medellin	CO	1999979	America/Bogota
Puning	Puning	CN	1998619	Asia/Shanghai
Indore	Indore	IN	1994397	Asia/Kolkata
Brazzaville	Brazzaville	CG	1982000	Africa/Brazzaville
Tashkent	Tashkent	UZ	1978028	Asia/Tashkent
Ganzhou	Ganzhou	CN	1977253	Asia/Shanghai
Almaty	Almaty	KZ	1977011	Asia/Almaty
Khartoum	Khartoum	SD	1974647	Africa/Khartoum
Hamburg	Hamburg	DE	1973896	Europe/Berlin
Sapporo	Sapporo	JP	1973832	Asia/Tokyo
Songjiang	Songjiang	CN	1973500	Asia/Shanghai
Accra	Accra	GH	1963264	Africa/Accra
Curitiba	Curitiba	BR	1948626	America/Sao_Paulo
Sanaa	Sanaa	YE	1937451	Asia/Aden
Conakry	Conakry	GN	1928389	Africa/Conakry
Tangerang	Tangerang	ID	1927815	Asia/Jakarta
Tijuana	Tijuana	MX	1922523	America/Tijuana
Hyderabad	Hyderabad	PK	1921275	Asia/Karachi
Beirut	Beirut	LB	1916100	Asia/Beirut
Jieyang	Jieyang	CN	1899394	Asia/Shanghai
Jilin	Jilin	CN	1895865	Asia/Shanghai
Jiading	Jiading	CN	1886100	Asia/Shanghai
Bucharest	Bucharest	RO	1877155	Europe/Bucharest
Camayenne	Camayenne	GN	1871242	Africa/Conakry
Kakamega	Kakamega	KE	1867579	Africa/Nairobi
Shangqiu	Shangqiu	CN	1859723	Asia/Shanghai
Nanchong	Nanchong	CN	1858875	Asia/Shanghai
Tainan	Tainan	TW	1856642	Asia/Taipei
Kaduna	Kaduna	NG	1850000	Africa/Lagos
Omdurman	Omdurman	SD	1849659	Africa/Khartoum
Davao	Davao	PH	1848947	Asia/Manila
Thāne	Thane	IN	1841488	Asia/Kolkata
Iztapalapa	Iztapalapa	MX	1835486	America/Mexico_City
Diyarbakır	Diyarbakir	TR	1833684	Europe/Istanbul
Santa Cruz de la Sierra	Santa Cruz de la Sierra	BO	1831434	America/La_Paz
Vadodara	Vadodara	IN	1822221	Asia/Kolkata
Adana	Adana	TR	1816750	Europe/Istanbul
Nanyang	Nanyang	CN	1811812	Asia/Shanghai
Abu Dhabi	Abu Dhabi	AE	1807000	Asia/Dubai
Palembang	Palembang	ID	1801367	Asia/Jakarta
Sharjah	Sharjah	AE	1800000	Asia/Dubai
Bhopal	Bhopal	IN	1798218	Asia/Kolkata
Jiangmen	Jiangmen	CN	1795459	Asia/Shanghai
Benin City	Benin City	NG	1782000	Africa/Lagos
Jiangyin	Jiangyin	CN	1779515	Asia/Shanghai
Fuyang	Fuyang	CN	1768947	Asia/Shanghai
Montréal	Montreal	CA	1762949	America/Toronto
Bayan Nur	Bayan Nur	CN	1760000	Asia/Shanghai
Chengtangcun	Chengtangcun	CN	1756300	Asia/Shanghai
Maracaibo	Maracaibo	VE	1752602	America/Caracas
Chaozhou	Chaozhou	CN	1750945	Asia/Shanghai
Minsk	Minsk	BY	1742124	Europe/Minsk
Budapest	Budapest	HU	1741041	Europe/Budapest
Qingyuan	Qingyuan	CN	1738424	Asia/Shanghai
Tai’an	Tai'an	CN	1735425	Asia/Shanghai
Rasapūdipalem	Rasapudipalem	IN	1728128	Asia/Kolkata
Pimpri-Chinchwad	Pimpri-Chinchwad	IN	1727692	Asia/Kolkata
Caloocan	Caloocan	PH	1712945	Asia/Manila
Warsaw	Warsaw	PL	1702139	Europe/Warsaw
Soweto	Soweto	ZA	1695047	Africa/Johannesburg
Semarang	Semarang	ID	1694740	Asia/Jakarta
Puebla	Puebla	MX	1692181	America/Mexico_City
Vienna	Vienna	AT	1691468	Europe/Vienna
Barcelona	Barcelona	ES	1686208	Europe/Madrid
Patna	Patna	IN	1684297	Asia/Kolkata
Mosul	Mosul	IQ	1683000	Asia/Baghdad
Kallakurichi	Kallakurichi	IN	1682687	Asia/Kolkata
Kampala	Kampala	UG	1680600	Africa/Kampala
Changshu	Changshu	CN	1677050	Asia/Shanghai
Rabat	Rabat	MA	1655753	Africa/Casablanca
Recife	Recife	BR	1653461	America/Recife
Phoenix	Phoenix	US	1650070	America/Phoenix
Suzhou	Suzhou	CN	1647642	Asia/Shanghai
Ecatepec de Morelos	Ecatepec de Morelos	MX	1645352	America/Mexico_City
Lu’an	Lu'an	CN	1644344	Asia/Shanghai
Valencia	Valencia	VE	1619470	America/Caracas
Ludhiana	Ludhiana	IN	1618879	Asia/Kolkata
Yancheng	Yancheng	CN	1615717	Asia/Shanghai
Novosibirsk	Novosibirsk	RU	1612833	Asia/Novosibirsk
Erbil	Erbil	IQ	1612700	Asia/Baghdad
Fukuoka	Fukuoka	JP	1612392	Asia/Tokyo
Taizhou	Taizhou	CN	1607108	Asia/Shanghai
Daqing	Daqing	CN	1604027	Asia/Shanghai
Kisangani	Kisangani	CD	1602144	Africa/Lubumbashi
Manila	Manila	PH	1600000	Asia/Manila
Wuhu	Wuhu	CN	1598165	Asia/Shanghai
Santiago de Querétaro	Santiago de Queretaro	MX	1594212	America/Mexico_City
Dazhou	Dazhou	CN	1589435	Asia/Shanghai
León de los Aldama	Leon de los Aldama	MX	1579803	America/Mexico_City
Makkah	Makkah	SA	1578722	Asia/Riyadh
Philadelphia	Philadelphia	US	1573916	America/New_York
Phnom Penh	Phnom Penh	KH	1573544	Asia/Phnom_Penh
Guilin	Guilin	CN	1572300	Asia/Shanghai
Damascus	Damascus	SY	1569394	Asia/Damascus
Quetta	Quetta	PK	1565546	Asia/Karachi
Zhaoqing	Zhaoqing	CN	1553109	Asia/Shanghai
Onitsha	Onitsha	NG	1553000	Africa/Lagos
Mianyang	Mianyang	CN	1550000	Asia/Shanghai
Auckland	Auckland	NZ	1547200	Pacific/Auckland
Isfahan	Isfahan	IR	1547164	Asia/Tehran
Wanzhou	Wanzhou	CN	1545900	Asia/Shanghai
Astana	Astana	KZ	1544142	Asia/Almaty
Harare	Harare	ZW	1542813	Africa/Harare
Monrovia	Monrovia	LR	1542549	Africa/Monrovia
Putian	Putian	CN	1539389	Asia/Shanghai
Kawasaki	Kawasaki	JP	1538262	Asia/Tokyo
Goiânia	Goiania	BR	1536097	America/Sao_Paulo
San Antonio	San Antonio	US	1526656	America/Chicago
Kobe	Kobe	JP	1525152	Asia/Tokyo
Jinzhou	Jinzhou	CN	1524362	Asia/Shanghai
Stockholm	Stockholm	SE	1515017	Europe/Stockholm
Ciudad Juárez	Ciudad Juarez	MX	1512450	America/Ciudad_Juarez
Cần Thơ	Can Tho	VN	1507187	Asia/Ho_Chi_Minh
Munich	Munich	DE	1505005	Europe/Berlin
Khulna	Khulna	BD	1500689	Asia/Dhaka
Belém	Belem	BR	1499641	America/Belem
Yekaterinburg	Yekaterinburg	RU	1495066	Asia/Yekaterinburg
Porto Alegre	Porto Alegre	BR	1488252	America/Sao_Paulo
Manhattan	Manhattan	US	1487536	America/New_York
Nashik	Nashik	IN	1486053	Asia/Kolkata
Taizhou	Taizhou	CN	1485502	Asia/Shanghai
Asunción	Asuncion	PY	1482200	America/Asuncion
Yiwu	Yiwu	CN	1481384	Asia/Shanghai
Zapopan	Zapopan	MX	1476491	America/Mexico_City
Makassar	Makassar	ID	1474393	Asia/Makassar
Adelaide	Adelaide	AU	1469163	Australia/Adelaide
Quanzhou	Quanzhou	CN	1469157	Asia/Shanghai
Madurai	Madurai	IN	1465625	Asia/Kolkata
Jinhua	Jinhua	CN	1463990	Asia/Shanghai
Kyoto	Kyoto	JP	1463723	Asia/Tokyo
Cixi	Cixi	CN	1457510	Asia/Shanghai
Changde	Changde	CN	1457419	Asia/Shanghai
Kuala Lumpur	Kuala Lumpur	MY	1453975	Asia/Kuala_Lumpur
Kayseri	Kayseri	TR	1452458	Europe/Istanbul
Kaifeng	Kaifeng	CN	1451741	Asia/Shanghai
Karaj	Karaj	IR	1448075	Asia/Tehran
Kathmandu	Kathmandu	NP	1442271	Asia/Kathmandu
Daejeon	Daejeon	KR	1441203	Asia/Seoul
Baoji	Baoji	CN	1437802	Asia/Shanghai
Suqian	Suqian	CN	1437685	Asia/Shanghai
Liuzhou	Liuzhou	CN	1436599	Asia/Shanghai
Tirunelveli	Tirunelveli	IN	1435844	Asia/Kolkata
Konya	Konya	TR	1433861	Europe/Istanbul
Zhangjiagang	Zhangjiagang	CN	1432044	Asia/Shanghai
Agra	Agra	IN	1430055	Asia/Kolkata
South Tangerang	South Tangerang	ID	1429529	Asia/Jakarta
Tabriz	Tabriz	IR	1424641	Asia/Tehran
Kharkiv	Kharkiv	UA	1421125	Europe/Kyiv
Xinyang	Xinyang	CN	1416800	Asia/Shanghai
Jinjiang	Jinjiang	CN	1416151	Asia/Shanghai
Faridabad	Faridabad	IN	1414050	Asia/Kolkata
Bozhou	Bozhou	CN	1409436	Asia/Shanghai
Qujing	Qujing	CN	1408500	Asia/Shanghai
San Diego	San Diego	US	1404452	America/Los_Angeles
Gwangju	Gwangju	KR	1401235	Asia/Seoul
Zhanjiang	Zhanjiang	CN	1400709	Asia/Shanghai
Fushun	Fushun	CN	1400646	Asia/Shanghai
Rājkot	Rajkot	IN	1390640	Asia/Kolkata
Luoyang	Luoyang	CN	1390581	Asia/Shanghai
Guadalajara	Guadalajara	MX	1385629	America/Mexico_City
The Bronx	The Bronx	US	1385108	America/New_York
Guankou	Guankou	CN	1380000	Asia/Shanghai
Huế	Hue	VN	1380000	Asia/Bangkok
Milan	Milan	IT	1371498	Europe/Rome
Najafgarh	Najafgarh	IN	1365000	Asia/Kolkata
Lianjiang	Lianjiang	CN	1363470	Asia/Shanghai
N'Djamena	N'Djamena	TD	1359526	Africa/Ndjamena
Handan	Handan	CN	1358318	Asia/Shanghai
Bannu	Bannu	PK	1357890	Asia/Karachi
Yichang	Yichang	CN	1350150	Asia/Shanghai
Antananarivo	Antananarivo	MG	1349501	Indian/Antananarivo
Heze	Heze	CN	1346717	Asia/Shanghai
Guarulhos	Guarulhos	BR	1345364	America/Sao_Paulo
Abobo	Abobo	CI	1340083	Africa/Abidjan
Jamshedpur	Jamshedpur	IN	1339438	Asia/Kolkata
Douala	Douala	CM	1338082	Africa/Douala
Antalya	Antalya	TR	1335002	Europe/Istanbul
Basrah	Basrah	IQ	1326564	Asia/Baghdad
Dallas	Dallas	US	1326087	America/Chicago
Saitama	Saitama	JP	1324854	Asia/Tokyo
Niamey	Niamey	NE	1323691	Africa/Niamey
Liupanshui	Liupanshui	CN	1320825	Asia/Shanghai
Taguig	Taguig	PH	1308085	Asia/Manila
Maoming	Maoming	CN	1307802	Asia/Shanghai
Calgary	Calgary	CA	1306784	America/Edmonton
Tripoli	Tripoli	LY	1302947	Africa/Tripoli
Madinah	Madinah	SA	1300000	Asia/Riyadh
Yaoundé	Yaounde	CM	1299369	Africa/Douala
Batam	Batam	ID	1296960	Asia/Jakarta
Qinzhou	Qinzhou	CN	1296300	Asia/Shanghai
Luohe	Luohe	CN	1294974	Asia/Shanghai
Xiangyang	Xiangyang	CN	1294733	Asia/Shanghai
Yangjiang	Yangjiang	CN	1292987	Asia/Shanghai
Yixing	Yixing	CN	1285785	Asia/Shanghai
Pimpri	Pimpri	IN	1284606	Asia/Kolkata
Da Nang	Da Nang	VN	1276000	Asia/Ho_Chi_Minh
Amman	Amman	JO	1275857	Asia/Amman
Budta	Budta	PH	1273715	Asia/Manila
Belgrade	Belgrade	RS	1273651	Europe/Belgrade
Biên Hòa	Bien Hoa	VN	1272235	Asia/Ho_Chi_Minh
Kananga	Kananga	CD	1271704	Africa/Lubumbashi
Qingpu	Qingpu	CN	1271424	Asia/Shanghai
Montevideo	Montevideo	UY	1270737	America/Montevideo
Xuchang	Xuchang	CN	1265536	Asia/Shanghai
Kalyān	Kalyan	IN	1262255	Asia/Kolkata
Zigong	Zigong	CN	1262064	Asia/Shanghai
Nizhniy Novgorod	Nizhniy Novgorod	RU	1259013	Europe/Moscow
Jepara	Jepara	ID	1257912	Asia/Jakarta
Maputo	Maputo	MZ	1254837	Africa/Maputo
Xuzhou	Xuzhou	CN	1253991	Asia/Shanghai
Dammam	Dammam	SA	1252523	Asia/Riyadh
Ra’s Bayrūt	Ra's Bayrut	LB	1251739	Asia/Beirut
Neijiang	Neijiang	CN	1251095	Asia/Shanghai
Shiraz	Shiraz	IR	1249942	Asia/Tehran
Heshan	Heshan	CN	1249807	Asia/Shanghai
Dombivali	Dombivali	IN	1247327	Asia/Kolkata
Kazan	Kazan	RU	1243500	Europe/Moscow
Jining	Jining	CN	1241012	Asia/Shanghai
Barquisimeto	Barquisimeto	VE	1240714	America/Caracas
Shubrā al Khaymah	Shubra al Khaymah	EG	1240289	Africa/Cairo
Putuo	Putuo	CN	1239100	Asia/Shanghai
Port-au-Prince	Port-au-Prince	HT	1234742	America/Port-au-Prince
Suwon	Suwon	KR	1234582	Asia/Seoul
Liaocheng	Liaocheng	CN	1229768	Asia/Shanghai
Jinzhong	Jinzhong	CN	1226617	Asia/Shanghai
Callao	Callao	PE	1226200	America/Lima
Meerut	Meerut	IN	1223184	Asia/Kolkata
Virār	Virar	IN	1222390	Asia/Kolkata
Nowrangapur	Nowrangapur	IN	1220946	Asia/Kolkata
Karbala	Karbala	IQ	1218732	Asia/Baghdad
Changzhi	Changzhi	CN	1214940	Asia/Shanghai
Tianshui	Tianshui	CN	1212791	Asia/Shanghai
Sadr City	Sadr City	IQ	1211849	Asia/Baghdad
Yangpu	Yangpu	CN	1210800	Asia/Shanghai
Mombasa	Mombasa	KE	1208333	Africa/Nairobi
Mandalay	Mandalay	MM	1208099	Asia/Yangon
Srinagar	Srinagar	IN	1206419	Asia/Kolkata
Barranquilla	Barranquilla	CO	1206319	America/Bogota
Chelyabinsk	Chelyabinsk	RU	1202371	Asia/Yekaterinburg
Mérida	Merida	MX	1201000	America/Merida
Hiroshima	Hiroshima	JP	1200754	Asia/Tokyo
Santiago de los Caballeros	Santiago de los Caballeros	DO	1200000	America/Santo_Domingo
Shymkent	Shymkent	KZ	1200000	Asia/Almaty
Weinan	Weinan	CN	1199290	Asia/Shanghai
Ghāziābād	Ghaziabad	IN	1199191	Asia/Kolkata
Matola	Matola	MZ	1198988	Africa/Maputo
Dhanbad	Dhanbad	IN	1196214	Asia/Kolkata
Arequipa	Arequipa	PE	1195700	America/Lima
Hong Kong Island	Hong Kong Island	HK	1195529	Asia/Hong_Kong
Fes	Fes	MA	1191905	Africa/Casablanca
Gustavo Adolfo Madero	Gustavo Adolfo Madero	MX	1185772	America/Mexico_City
Nouakchott	Nouakchott	MR	1184530	Africa/Nouakchott
Jiaxing	Jiaxing	CN	1180000	Asia/Shanghai
Aurangabad	Aurangabad	IN	1175116	Asia/Kolkata
Zhongwei	Zhongwei	CN	1174600	Asia/Shanghai
Omsk	Omsk	RU	1172070	Asia/Omsk
Pikine	Pikine	SN	1170791	Africa/Dakar
Pekanbaru	Pekanbaru	ID	1167599	Asia/Jakarta
Panjin	Panjin	CN	1166481	Asia/Shanghai
Bandar Lampung	Bandar Lampung	ID	1166066	Asia/Jakarta
Prague	Prague	CZ	1165581	Europe/Prague
Varanasi	Varanasi	IN	1164404	Asia/Kolkata
Jiujiang	Jiujiang	CN	1164268	Asia/Shanghai
Samara	Samara	RU	1163399	Europe/Samara
Aba	Aba	NG	1160000	Africa/Lagos
Amritsar	Amritsar	IN	1159227	Asia/Kolkata
Birmingham	Birmingham	GB	1157603	Europe/London
Copenhagen	Copenhagen	DK	1153615	Europe/Copenhagen
Sofia	Sofia	BG	1152556	Europe/Sofia
Anyang	Anyang	CN	1146839	Asia/Shanghai
Yerevan	Yerevan	AM	1144700	Asia/Yerevan
Luohu District	Luohu District	CN	1143801	Asia/Shanghai
Vijayawada	Vijayawada	IN	1143232	Asia/Kolkata
Fengxiang	Fengxiang	CN	1140872	Asia/Shanghai
Bijie	Bijie	CN	1137383	Asia/Shanghai
Monterrey	Monterrey	MX	1135512	America/Monterrey
Kigali	Kigali	RW	1132686	Africa/Kigali
Rostov-on-Don	Rostov-on-Don	RU	1130305	Europe/Moscow
Zhuzhou	Zhuzhou	CN	1129687	Asia/Shanghai
Rui’an	Rui'an	CN	1125000	Asia/Shanghai
Malingao	Malingao	PH	1121974	Asia/Manila
Touba	Touba	SN	1120824	Africa/Dakar
Ufa	Ufa	RU	1120547	Asia/Yekaterinburg
Ranchi	Ranchi	IN	1120374	Asia/Kolkata
Zoucheng	Zoucheng	CN	1116692	Asia/Shanghai
Shangrao	Shangrao	CN	1116486	Asia/Shanghai
Lilongwe	Lilongwe	MW	1115815	Africa/Blantyre
Huaibei	Huaibei	CN	1113321	Asia/Shanghai
Maiduguri	Maiduguri	NG	1110000	Africa/Lagos
Xuhui	Xuhui	CN	1109800	Asia/Shanghai
Meishan	Meishan	CN	1107742	Asia/Shanghai
Mwanza	Mwanza	TZ	1104521	Africa/Dar_es_Salaam
Wuchang	Wuchang	CN	1102188	Asia/Shanghai
Ulsan	Ulsan	KR	1098421	Asia/Seoul
Sendai	Sendai	JP	1096704	Asia/Tokyo
Krasnoyarsk	Krasnoyarsk	RU	1090811	Asia/Krasnoyarsk
Fuzhou	Fuzhou	CN	1089888	Asia/Shanghai
Guigang	Guigang	CN	1086327	Asia/Shanghai
Oslo	Oslo	NO	1082575	Europe/Oslo
Jabalpur	Jabalpur	IN	1081677	Asia/Kolkata
Ilorin	Ilorin	NG	1080000	Africa/Lagos
Aden	Aden	YE	1079670	Asia/Aden
Bogor	Bogor	ID	1078351	Asia/Jakarta
Ciudad Nezahualcoyotl	Ciudad Nezahualcoyotl	MX	1077208	America/Mexico_City
Hengyang	Hengyang	CN	1075516	Asia/Shanghai
Prayagraj	Prayagraj	IN	1073438	Asia/Kolkata
Trujillo	Trujillo	PE	1067700	America/Lima
Visakhapatnam	Visakhapatnam	IN	1063178	Asia/Kolkata
Goyang-si	Goyang-si	KR	1061752	Asia/Seoul
Yulin	Yulin	CN	1056743	Asia/Shanghai
Jodhpur	Jodhpur	IN	1056191	Asia/Kolkata
Gwalior	Gwalior	IN	1054420	Asia/Kolkata
Jingzhou	Jingzhou	CN	1052282	Asia/Shanghai
Gqeberha	Gqeberha	ZA	1050078	Africa/Johannesburg
Tbilisi	Tbilisi	GE	1049498	Asia/Tbilisi
Voronezh	Voronezh	RU	1047549	Europe/Moscow
Xinxiang	Xinxiang	CN	1047088	Asia/Shanghai
Yichun	Yichun	CN	1045952	Asia/Shanghai
Jos	Jos	NG	1040000	Africa/Lagos
Sokoto	Sokoto	NG	1040000	Africa/Lagos
Tangier	Tangier	MA	1035141	Africa/Casablanca
Teni	Teni	IN	1034724	Asia/Kolkata
Xianyang	Xianyang	CN	1034081	Asia/Shanghai
Mexicali	Mexicali	MX	1032686	America/Tijuana
Pointe-Noire	Pointe-Noire	CG	1032000	Africa/Brazzaville
Maceió	Maceio	BR	1031597	America/Maceio
Campinas	Campinas	BR	1031554	America/Sao_Paulo
Sanya	Sanya	CN	1031396	Asia/Shanghai
Rangpur	Rangpur	BD	1031388	Asia/Dhaka
Kirkuk	Kirkuk	IQ	1031000	Asia/Baghdad
Ashgabat	Ashgabat	TM	1030063	Asia/Ashgabat
Shaoguan	Shaoguan	CN	1028460	Asia/Shanghai
Howrah	Howrah	IN	1027672	Asia/Kolkata
Raipur	Raipur	IN	1027264	Asia/Kolkata
Changwon	Changwon	KR	1025702	Asia/Seoul
Longyan	Longyan	CN	1025087	Asia/Shanghai
Köln	Koeln	DE	1024621	Europe/Berlin
Dublin	Dublin	IE	1024027	Europe/Dublin
Tiruchirappalli	Tiruchirappalli	IN	1022518	Asia/Kolkata
Yongzhou	Yongzhou	CN	1020715	Asia/Shanghai
Brussels	Brussels	BE	1019022	Europe/Brussels
Zamboanga	Zamboanga	PH	1018849	Asia/Manila
Ottawa	Ottawa	CA	1017449	America/Toronto
Huzhou	Huzhou	CN	1015937	Asia/Shanghai
Xinyi	Xinyi	CN	1014577	Asia/Shanghai
Volgograd	Volgograd	RU	1013533	Europe/Volgograd
Khartoum North	Khartoum North	SD	1012211	Africa/Khartoum
Edmonton	Edmonton	CA	1010899	America/Edmonton
Odesa	Odesa	UA	1010537	Europe/Kyiv
Wuwei	Wuwei	CN	1010295	Asia/Shanghai
Jacksonville	Jacksonville	US	1009833	America/New_York
Fort Worth	Fort Worth	US	1008106	America/Chicago
Yishui	Yishui	CN	1007100	Asia/Shanghai
Hanzhong	Hanzhong	CN	1006557	Asia/Shanghai
Hezhou	Hezhou	CN	1005490	Asia/Shanghai
Pest	Pest	HU	1001748	Europe/Budapest
Kota	Kota	IN	1001694	Asia/Kolkata
Shivaji Nagar	Shivaji Nagar	IN	1000000	Asia/Kolkata
Zhu Cheng City	Zhu Cheng City	CN	1000000	Asia/Shanghai
Dongying	Dongying	CN	998968	Asia/Shanghai
Luzhou	Luzhou	CN	998900	Asia/Shanghai
San Jose	San Jose	US	997368	America/Los_Angeles
Sholapur	Sholapur	IN	997281	Asia/Kolkata
Marrakesh	Marrakesh	MA	995871	Africa/Casablanca
Guatemala City	Guatemala City	GT	994938	America/Guatemala
Meizhou	Meizhou	CN	992351	Asia/Shanghai
Yueyang	Yueyang	CN	991465	Asia/Shanghai
Laiwu	Laiwu	CN	989535	Asia/Shanghai
Esenyurt	Esenyurt	TR	983571	Europe/Istanbul
Perm	Perm	RU	982419	Asia/Yekaterinburg
Zaria	Zaria	NG	980000	Africa/Lagos
Kennedy	Kennedy	CO	979914	America/Bogota
Chiba	Chiba	JP	979768	Asia/Tokyo
Pingdingshan	Pingdingshan	CN	979130	Asia/Shanghai
Ciudad Guayana	Ciudad Guayana	VE	978202	America/Caracas
Sargodha	Sargodha	PK	975886	Asia/Karachi
Austin	Austin	US	974447	America/Chicago
Managua	Managua	NI	973087	America/Managua
Bengbu	Bengbu	CN	972784	Asia/Shanghai
Salé	Sale	MA	972299	Africa/Casablanca
Jerusalem	Jerusalem	IL	971800	Asia/Jerusalem
Chandigarh	Chandigarh	IN	970602	Asia/Kolkata
Dnipro	Dnipro	UA	968502	Europe/Kyiv
Feicheng	Feicheng	CN	968100	Asia/Shanghai
Cebu City	Cebu City	PH	965332	Asia/Manila
Sanhe	Sanhe	CN	965075	Asia/Shanghai
Guli	Guli	CN	964203	Asia/Shanghai
Tiruppur	Tiruppur	IN	963173	Asia/Kolkata
Guwahati	Guwahati	IN	962334	Asia/Kolkata
Xiangtan	Xiangtan	CN	959303	Asia/Shanghai
Linfen	Linfen	CN	959198	Asia/Shanghai
Victoria	Victoria	HK	956800	Asia/Hong_Kong
Zhenjiang	Zhenjiang	CN	950516	Asia/Shanghai
Enugu	Enugu	NG	950000	Africa/Lagos
Rosario	Rosario	AR	948312	America/Argentina/Cordoba
Sulţānah	Sultanah	SA	946697	Asia/Riyadh
Huludao	Huludao	CN	944495	Asia/Shanghai
Hubballi	Hubballi	IN	943788	Asia/Kolkata
Padang	Padang	ID	942938	Asia/Jakarta
Kitakyushu	Kitakyushu	JP	940978	Asia/Tokyo
Taiz	Taiz	YE	940600	Asia/Aden
Setagaya	Setagaya	JP	940071	Asia/Tokyo
Kingston	Kingston	JM	937700	America/Jamaica
Jing’an	Jing'an	CN	936500	Asia/Shanghai
Baoshan	Baoshan	CN	935618	Asia/Shanghai
Chihuahua	Chihuahua	MX	925762	America/Chihuahua
Nay Pyi Taw	Nay Pyi Taw	MM	925000	Asia/Yangon
Eskişehir	Eskisehir	TR	921630	Europe/Istanbul
Mysuru	Mysuru	IN	920550	Asia/Kolkata
Chengde	Chengde	CN	920395	Asia/Shanghai
Salem	Salem	IN	917414	Asia/Kolkata
São Luís	Sao Luis	BR	917237	America/Fortaleza
Seongnam-si	Seongnam-si	KR	914832	Asia/Seoul
Cartagena	Cartagena	CO	914552	America/Bogota
Antipolo	Antipolo	PH	913712	Asia/Manila
Columbus	Columbus	US	913175	America/New_York
Sialkot	Sialkot	PK	911817	Asia/Karachi
Charlotte	Charlotte	US	911311	America/New_York
Laibin	Laibin	CN	910282	Asia/Shanghai
Warri	Warri	NG	910000	Africa/Lagos
Naples	Naples	IT	909048	Europe/Rome
Xiaogan	Xiaogan	CN	908266	Asia/Shanghai
Wuchuan	Wuchuan	CN	907354	Asia/Shanghai
Campo Grande	Campo Grande	BR	906092	America/Campo_Grande
Ziyang	Ziyang	CN	905729	Asia/Shanghai
Bobo-Dioulasso	Bobo-Dioulasso	BF	904920	Africa/Ouagadougou
Bahawalpur	Bahawalpur	PK	903795	Asia/Karachi
Quzhou	Quzhou	CN	902767	Asia/Shanghai
Blantyre	Blantyre	MW	902588	Africa/Blantyre
Donetsk	Donetsk	UA	901645	Europe/Kyiv
Abū Ghurayb	Abu Ghurayb	IQ	900000	Asia/Baghdad
Bishkek	Bishkek	KG	900000	Asia/Bishkek
Qom	Qom	IR	900000	Asia/Tehran
Krasnodar	Krasnodar	RU	899541	Europe/Moscow
Natal	Natal	BR	896708	America/Fortaleza
Pingxiang	Pingxiang	CN	893550	Asia/Shanghai
Malang	Malang	ID	889359	Asia/Jakarta
Cancún	Cancun	MX	888797	America/Cancun
Indianapolis	Indianapolis	US	887642	America/Indiana/Indianapolis
Gurugram	Gurugram	IN	886519	Asia/Kolkata
Bhubaneswar	Bhubaneswar	IN	885363	Asia/Kolkata
Zhoushan	Zhoushan	CN	882932	Asia/Shanghai
Qiqihar	Qiqihar	CN	882364	Asia/Shanghai
Mulenvos	Mulenvos	AO	882014	Africa/Luanda
Sulaymaniyah	Sulaymaniyah	IQ	878146	Asia/Baghdad
Marseille	Marseille	FR	877215	Europe/Paris
Bhiwandi	Bhiwandi	IN	874032	Asia/Kolkata
Soshanguve	Soshanguve	ZA	872309	Africa/Johannesburg
Laiyang	Laiyang	CN	872000	Asia/Shanghai
Daye	Daye	CN	871214	Asia/Shanghai
Teresina	Teresina	BR	871126	America/Fortaleza
Ankang	Ankang	CN	870126	Asia/Shanghai
Jalandhar	Jalandhar	IN	868929	Asia/Kolkata
Rotterdam	Rotterdam	NL	868135	Europe/Amsterdam
Langfang	Langfang	CN	868066	Asia/Shanghai
Lhasa	Lhasa	CN	867900	Asia/Shanghai
Duque de Caxias	Duque de Caxias	BR	866347	America/Sao_Paulo
Viana	Viana	AO	865863	Africa/Luanda
Jiaozuo	Jiaozuo	CN	865413	Asia/Shanghai
Samarinda	Samarinda	ID	865306	Asia/Makassar
Benxi	Benxi	CN	865215	Asia/Shanghai
Rohini	Rohini	IN	860000	Asia/Kolkata
Wanxian	Wanxian	CN	859662	Asia/Shanghai
Guang’an	Guang'an	CN	858159	Asia/Shanghai
Johor Bahru	Johor Bahru	MY	858118	Asia/Kuala_Lumpur
Arifwala	Arifwala	PK	854462	Asia/Karachi
Pasig City	Pasig City	PH	853050	Asia/Manila
Cheongju-si	Cheongju-si	KR	852147	Asia/Seoul
Kanayannur	Kanayannur	IN	851406	Asia/Kolkata
Tegucigalpa	Tegucigalpa	HN	850848	America/Tegucigalpa
Bucheon-si	Bucheon-si	KR	850731	Asia/Seoul
Thanh Hóa	Thanh Hoa	VN	850000	Asia/Bangkok
Turin	Turin	IT	847287	Europe/Rome
Al Ain City	Al Ain City	AE	846747	Asia/Dubai
Libreville	Libreville	GA	846090	Africa/Libreville
Saratov	Saratov	RU	844858	Europe/Saratov
Ulan Bator	Ulan Bator	MN	844818	Asia/Ulaanbaatar
Weihai	Weihai	CN	844310	Asia/Shanghai
Takeo	Takeo	KH	843931	Asia/Phnom_Penh
Nova Iguaçu	Nova Iguacu	BR	843046	America/Sao_Paulo
Cochabamba	Cochabamba	BO	841276	America/La_Paz
Ahvaz	Ahvaz	IR	841145	Asia/Tehran
Vientiane	Vientiane	LA	840940	Asia/Vientiane
São Bernardo do Campo	Sao Bernardo do Campo	BR	840499	America/Sao_Paulo
Zhabei	Zhabei	CN	840000	Asia/Shanghai
Shangyu	Shangyu	CN	839747	Asia/Shanghai
Xinyu	Xinyu	CN	839488	Asia/Shanghai
Pietermaritzburg	Pietermaritzburg	ZA	839327	Africa/Johannesburg
Yibin	Yibin	CN	836340	Asia/Shanghai
Naucalpan de Juárez	Naucalpan de Juarez	MX	834434	America/Mexico_City
Kampung Baru Subang	Kampung Baru Subang	MY	833571	Asia/Kuala_Lumpur
Bouaké	Bouake	CI	832371	Africa/Abidjan
Taicang	Taicang	CN	831113	Asia/Shanghai
San Francisco	San Francisco	US	827526	America/Los_Angeles
Sakai	Sakai	JP	826161	Asia/Tokyo
Jiaojiang	Jiaojiang	CN	826100	Asia/Shanghai
Valencia	Valencia	ES	824340	Europe/Madrid
Jinshan	Jinshan	CN	822776	Asia/Shanghai
Chenzhou	Chenzhou	CN	822534	Asia/Shanghai
João Pessoa	Joao Pessoa	BR	817511	America/Fortaleza
Bukavu	Bukavu	CD	816811	Africa/Lubumbashi
Kraków	Krakow	PL	816614	Europe/Warsaw
Dandong	Dandong	CN	815858	Asia/Shanghai
Barcelona	Barcelona	VE	815141	America/Caracas
Bangui	Bangui	CF	812407	Africa/Bangui
Hermosillo	Hermosillo	MX	812229	America/Hermosillo
Bhayandar	Bhayandar	IN	809378	Asia/Kolkata
Culiacán	Culiacan	MX	808416	America/Mazatlan
Petaling Jaya	Petaling Jaya	MY	807879	Asia/Kuala_Lumpur
Anqing	Anqing	CN	804493	Asia/Shanghai
Oran	Oran	DZ	803329	Africa/Algiers
Freetown	Freetown	SL	802639	Africa/Freetown
San Pedro Sula	San Pedro Sula	HN	801259	America/Tegucigalpa
Narela	Narela	IN	800000	Asia/Kolkata
Xingtai	Xingtai	CN	798770	Asia/Shanghai
Niigata	Niigata	JP	797591	Asia/Tokyo
Muscat	Muscat	OM	797000	Asia/Muscat
Zarqa	Zarqa	JO	792665	Asia/Amman
Çankaya	Cankaya	TR	792189	Europe/Istanbul
Küçükçekmece	Kuecuekcekmece	TR	792030	Europe/Istanbul
Hamamatsu	Hamamatsu	JP	791707	Asia/Tokyo
Kolwezi	Kolwezi	CD	790248	Africa/Lubumbashi
Vinh	Vinh	VN	790000	Asia/Bangkok
Thiruvananthapuram	Thiruvananthapuram	IN	788271	Asia/Kolkata
Zhaotong	Zhaotong	CN	787845	Asia/Shanghai
Hondlon	Hondlon	CN	787681	Asia/Shanghai
Panzhihua	Panzhihua	CN	787177	Asia/Shanghai
Chuzhou	Chuzhou	CN	782671	Asia/Shanghai
Seattle	Seattle	US	780995	America/Los_Angeles
Port Said	Port Said	EG	780515	Africa/Cairo
Cúcuta	Cucuta	CO	777106	America/Bogota
Homs	Homs	SY	775404	Asia/Damascus
Xuancheng	Xuancheng	CN	774332	Asia/Shanghai
Ibb	Ibb	YE	771514	Asia/Aden
Tasikmalaya	Tasikmalaya	ID	770839	Asia/Jakarta
Nampula	Nampula	MZ	770379	Africa/Maputo
Bujumbura	Bujumbura	BI	769317	Africa/Bujumbura
Tyumen	Tyumen	RU	768358	Asia/Yekaterinburg
Erzurum	Erzurum	TR	767848	Europe/Istanbul
Anshun	Anshun	CN	765313	Asia/Shanghai
Dodoma	Dodoma	TZ	765179	Africa/Dar_es_Salaam
Rajshahi	Rajshahi	BD	763580	Asia/Dhaka
Dera Ismail Khan	Dera Ismail Khan	PK	763195	Asia/Karachi
Sorocaba	Sorocaba	BR	762172	America/Sao_Paulo
Wuzhou	Wuzhou	CN	761948	Asia/Shanghai
Ipoh	Ipoh	MY	759952	Asia/Kuala_Lumpur
Qinhuangdao	Qinhuangdao	CN	759718	Asia/Shanghai
Benghazi	Benghazi	LY	757490	Africa/Tripoli
Uberlândia	Uberlandia	BR	754954	America/Sao_Paulo
Alīgarh	Aligarh	IN	753207	Asia/Kolkata
Shaoyang	Shaoyang	CN	753194	Asia/Shanghai
Malatya	Malatya	TR	750491	Europe/Istanbul
Winnipeg	Winnipeg	CA	749607	America/Winnipeg
Ōta	Ota	JP	748081	Asia/Tokyo
Andijon	Andijon	UZ	747800	Asia/Tashkent
Bareilly	Bareilly	IN	745435	Asia/Kolkata
Buraydah	Buraydah	SA	745353	Asia/Riyadh
Hegang	Hegang	CN	743307	Asia/Shanghai
Morelia	Morelia	MX	743275	America/Mexico_City
Riga	Riga	LV	742572	Europe/Riga
Zhuanghe	Zhuanghe	CN	742496	Asia/Shanghai
Amsterdam	Amsterdam	NL	741636	Europe/Amsterdam
Cagayan de Oro	Cagayan de Oro	PH	741617	Asia/Manila
Ma’anshan	Ma'anshan	CN	741531	Asia/Shanghai
Shah Alam	Shah Alam	MY	740750	Asia/Kuala_Lumpur
Bağcılar	Bagcilar	TR	740069	Europe/Istanbul
Shizuishan	Shizuishan	CN	739400	Asia/Shanghai
Kumamoto	Kumamoto	JP	738907	Asia/Tokyo
Oyo	Oyo	NG	736072	Africa/Lagos
Serang	Serang	ID	735651	Asia/Jakarta
Torreón	Torreon	MX	735340	America/Monterrey
Deyang	Deyang	CN	735070	Asia/Shanghai
Abeokuta	Abeokuta	NG	735000	Africa/Lagos
Al Ḩudaydah	Al Hudaydah	YE	734699	Asia/Aden
Yangquan	Yangquan	CN	731228	Asia/Shanghai
Akure	Akure	NG	730000	Africa/Lagos
Denver	Denver	US	729019	America/Denver
Osasco	Osasco	BR	728615	America/Sao_Paulo
Kikolo	Kikolo	AO	728205	Africa/Luanda
Maianga	Maianga	AO	727681	Africa/Luanda
São José dos Campos	Sao Jose dos Campos	BR	727078	America/Sao_Paulo
Álvaro Obregón	Alvaro Obregon	MX	726664	America/Mexico_City
Aihara	Aihara	JP	725493	Asia/Tokyo
Evaton	Evaton	ZA	725468	Africa/Johannesburg
Valenzuela	Valenzuela	PH	725173	Asia/Manila
Muzaffarābād	Muzaffarabad	PK	725000	Asia/Karachi
Okayama	Okayama	JP	724691	Asia/Tokyo
San Luis Potosí	San Luis Potosi	MX	722772	America/Monterrey
Aguascalientes	Aguascalientes	MX	722250	America/Mexico_City
General Santos	General Santos	PH	722059	Asia/Manila
Zhumadian	Zhumadian	CN	721670	Asia/Shanghai
Morādābād	Moradabad	IN	721139	Asia/Kolkata
Sagamihara	Sagamihara	JP	720780	Asia/Tokyo
Qingshan	Qingshan	CN	719255	Asia/Shanghai
Mississauga	Mississauga	CA	717961	America/Toronto
Lviv	Lviv	UA	717273	Europe/Kyiv
Namangan	Namangan	UZ	713220	Asia/Tashkent
Zaporizhzhya	Zaporizhzhya	UA	710052	Europe/Kyiv
Zanzibar	Zanzibar	TZ	709809	Africa/Dar_es_Salaam
Saltillo	Saltillo	MX	709671	America/Monterrey
Latakia	Latakia	SY	709000	Asia/Damascus
Subang Jaya	Subang Jaya	MY	708296	Asia/Kuala_Lumpur
Warangal	Warangal	IN	704570	Asia/Kolkata
Paranaque City	Paranaque City	PH	703245	Asia/Manila
Tolyatti	Tolyatti	RU	702879	Europe/Samara
Santo Domingo Oeste	Santo Domingo Oeste	DO	701269	America/Santo_Domingo
Battagram	Battagram	PK	700000	Asia/Karachi
Dhārāvi	Dharavi	IN	700000	Asia/Kolkata
Santo Domingo Este	Santo Domingo Este	DO	700000	America/Santo_Domingo
Suez	Suez	EG	699541	Africa/Cairo
Changzhi	Changzhi	CN	699514	Asia/Shanghai
Ribeirão Preto	Ribeirao Preto	BR	698642	America/Sao_Paulo
Agadir	Agadir	MA	698310	Africa/Casablanca
Edogawe	Edogawe	JP	697932	Asia/Tokyo
Sarajevo	Sarajevo	BA	696731	Europe/Sarajevo
Balikpapan	Balikpapan	ID	695287	Asia/Makassar
Adachi	Adachi	JP	695043	Asia/Tokyo
Changning	Changning	CN	694900	Asia/Shanghai
Bauchi	Bauchi	NG	693700	Africa/Lagos
Shizuoka	Shizuoka	JP	693389	Asia/Tokyo
Tunis	Tunis	TN	693210	Africa/Tunis
Zhangjiakou	Zhangjiakou	CN	692602	Asia/Shanghai
Washington	Washington	US	689545	America/New_York
Nashville	Nashville	US	689447	America/Chicago
Fuxin	Fuxin	CN	689050	Asia/Shanghai
Ta’if	Ta'if	SA	688693	Asia/Riyadh
Changsha	Changsha	CN	688242	Asia/Shanghai
Huangshi	Huangshi	CN	688090	Asia/Shanghai
Liaoyang	Liaoyang	CN	687890	Asia/Shanghai
Hlaingthaya	Hlaingthaya	MM	687867	Asia/Yangon
Beira	Beira	MZ	687764	Africa/Maputo
Hongkou	Hongkou	CN	687500	Asia/Shanghai
Zaragoza	Zaragoza	ES	686986	Europe/Madrid
Sevilla	Sevilla	ES	686741	Europe/Madrid
Baise	Baise	CN	686078	Asia/Shanghai
Pontianak	Pontianak	ID	686019	Asia/Pontianak
Situbondo	Situbondo	ID	685967	Asia/Jakarta
Agege	Agege	NG	683600	Africa/Lagos
Binzhou	Binzhou	CN	682717	Asia/Shanghai
Oklahoma City	Oklahoma City	US	681054	America/Chicago
Yuncheng	Yuncheng	CN	680036	Asia/Shanghai
Dezhou	Dezhou	CN	679535	Asia/Shanghai
Dushanbe	Dushanbe	TJ	679400	Asia/Dushanbe
Cotonou	Cotonou	BJ	679012	Africa/Porto-Novo
El Paso	El Paso	US	678815	America/Denver
Gorakhpur	Gorakhpur	IN	674246	Asia/Kolkata
Guadalupe	Guadalupe	MX	673616	America/Monterrey
Wrocław	Wroclaw	PL	672545	Europe/Warsaw
Denpasar	Denpasar	ID	670210	Asia/Makassar
Guntur	Guntur	IN	670073	Asia/Kolkata
Katsina	Katsina	NG	670000	Africa/Lagos
Sanmenxia	Sanmenxia	CN	669307	Asia/Shanghai
E’zhou	E'zhou	CN	668727	Asia/Shanghai
Madīnat an Naşr	Madinat an Nasr	EG	668413	Africa/Cairo
Camama	Camama	AO	667094	Africa/Luanda
Tabuk	Tabuk	SA	667000	Asia/Riyadh
Kitwe	Kitwe	ZM	665961	Africa/Lusaka
Bulawayo	Bulawayo	ZW	665952	Africa/Harare
Mudanjiang	Mudanjiang	CN	665915	Asia/Shanghai
Aracaju	Aracaju	BR	664908	America/Maceio
Joinville	Joinville	BR	664500	America/Sao_Paulo
Athens	Athens	GR	664046	Europe/Athens
Zagreb	Zagreb	HR	663592	Europe/Zagreb
Leshan	Leshan	CN	662814	Asia/Shanghai
Santo André	Santo Andre	BR	662373	America/Sao_Paulo
Vancouver	Vancouver	CA	662248	America/Vancouver
Rizhao	Rizhao	CN	661943	Asia/Shanghai
Helsinki	Helsinki	FI	658864	Europe/Helsinki
Cheonan	Cheonan	KR	658831	Asia/Seoul
Acapulco de Juárez	Acapulco de Juarez	MX	658609	America/Mexico_City
Dongcun	Dongcun	CN	658000	Asia/Shanghai
Banjarmasin	Banjarmasin	ID	657663	Asia/Makassar
Puducherry	Puducherry	IN	657209	Asia/Kolkata
Suining	Suining	CN	656760	Asia/Shanghai
Brampton	Brampton	CA	656480	America/Toronto
Huangpu	Huangpu	CN	656200	Asia/Shanghai
Golfe	Golfe	AO	655796	Africa/Luanda
Puyang	Puyang	CN	655674	Asia/Shanghai
Soacha	Soacha	CO	655025	America/Bogota
Boston	Boston	US	653833	America/New_York
Tlalnepantla	Tlalnepantla	MX	653410	America/Mexico_City
Jājmau	Jajmau	IN	652831	Asia/Kolkata
Portland	Portland	US	652503	America/Los_Angeles
Calumbo	Calumbo	AO	652270	Africa/Luanda
Tlaquepaque	Tlaquepaque	MX	650123	America/Mexico_City
Frankfurt am Main	Frankfurt am Main	DE	650000	Europe/Berlin
Macau	Macau	MO	649335	Asia/Macau
Palermo	Palermo	IT	648260	Europe/Rome
Izhevsk	Izhevsk	RU	648213	Europe/Samara
Colombo	Colombo	LK	648034	Asia/Colombo
Maturín	Maturin	VE	647459	America/Caracas
Amravati	Amravati	IN	647057	Asia/Kolkata
Lingyuan	Lingyuan	CN	646000	Asia/Shanghai
Detroit	Detroit	US	645705	America/Detroit
Mingguang	Mingguang	CN	645000	Asia/Shanghai
Osogbo	Osogbo	NG	645000	Africa/Lagos
Honchō	Honcho	JP	644668	Asia/Tokyo
Bikaner	Bikaner	IN	644406	Asia/Kolkata
Jaboatão dos Guararapes	Jaboatao dos Guararapes	BR	644037	America/Recife
Hoji ya Henda	Hoji ya Henda	AO	642050	Africa/Luanda
Las Vegas	Las Vegas	US	641903	America/Los_Angeles
New South Memphis	New South Memphis	US	641608	America/Chicago
Hwaseong-si	Hwaseong-si	KR	640890	Asia/Seoul
Gold Coast	Gold Coast	AU	640778	Australia/Brisbane
Łódź	Lodz	PL	639890	Europe/Warsaw
Jeonju	Jeonju	KR	638421	Asia/Seoul
Chongming	Chongming	CN	637921	Asia/Shanghai
Al Aḩmadī	Al Ahmadi	KW	637411	Asia/Kuwait
Cuenca	Cuenca	EC	636996	America/Guayaquil
Chisinau	Chisinau	MD	635994	Europe/Chisinau
Likasi	Likasi	CD	635768	Africa/Lubumbashi
Jambi City	Jambi City	ID	635101	Asia/Jakarta
Hebi	Hebi	CN	634721	Asia/Shanghai
Comilla	Comilla	BD	634654	Asia/Dhaka
Tshikapa	Tshikapa	CD	634529	Africa/Lubumbashi
Chunian	Chunian	PK	634236	Asia/Karachi
Kochi	Kochi	IN	633553	Asia/Kolkata
Memphis	Memphis	US	633104	America/Chicago
Jingmen	Jingmen	CN	632954	Asia/Shanghai
Barnaul	Barnaul	RU	632372	Asia/Barnaul
Piura	Piura	PE	630000	America/Lima
Siping	Siping	CN	627957	Asia/Shanghai
Bhilai	Bhilai	IN	627734	Asia/Kolkata
Ndola	Ndola	ZM	627503	Africa/Lusaka
Contagem	Contagem	BR	627123	America/Sao_Paulo
Ulyanovsk	Ulyanovsk	RU	626540	Europe/Ulyanovsk
Djibouti	Djibouti	DJ	626512	Africa/Djibouti
Glasgow	Glasgow	GB	626410	Europe/London
Panshan	Panshan	CN	625040	Asia/Shanghai
Louisville	Louisville	US	624444	America/Kentucky/Louisville
Irkutsk	Irkutsk	RU	623869	Asia/Irkutsk
Ansan-si	Ansan-si	KR	623256	Asia/Seoul
Al Mansurah	Al Mansurah	EG	621953	Africa/Cairo
Kermanshah	Kermanshah	IR	621100	Asia/Tehran
Jiaozhou	Jiaozhou	CN	619266	Asia/Shanghai
Düsseldorf	Duesseldorf	DE	618685	Europe/Berlin
Suizhou	Suizhou	CN	618582	Asia/Shanghai
Villa Nueva	Villa Nueva	GT	618397	America/Guatemala
Khabarovsk	Khabarovsk	RU	618150	Asia/Vladivostok
Cuiabá	Cuiaba	BR	618124	America/Cuiaba
Arusha	Arusha	TZ	617631	Africa/Dar_es_Salaam
Feira de Santana	Feira de Santana	BR	616272	America/Bahia
Las Piñas	Las Pinas	PH	615549	Asia/Manila
Chizhou	Chizhou	CN	615274	Asia/Shanghai
Coyoacán	Coyoacan	MX	614447	America/Mexico_City
Stuttgart	Stuttgart	DE	612663	Europe/Berlin
Ya'an	Ya'an	CN	612056	Asia/Shanghai
Cuttack	Cuttack	IN	610189	Asia/Kolkata
Borivli	Borivli	IN	609617	Asia/Kolkata
Chiclayo	Chiclayo	PE	609400	America/Lima
Yaroslavl	Yaroslavl	RU	608722	Europe/Moscow
Gothenburg	Gothenburg	SE	608462	Europe/Stockholm
Kawaguchi	Kawaguchi	JP	607373	Asia/Tokyo
Bukit Rahman Putra	Bukit Rahman Putra	MY	607000	Asia/Kuala_Lumpur
Jhang Sadr	Jhang Sadr	PK	606533	Asia/Karachi
Ha'il	Ha'il	SA	605930	Asia/Riyadh
Bhavnagar	Bhavnagar	IN	605882	Asia/Kolkata
Benoni	Benoni	ZA	605344	Africa/Johannesburg
Vladivostok	Vladivostok	RU	604901	Asia/Vladivostok
Tuxtla	Tuxtla	MX	604147	America/Merida
Kryvyy Rih	Kryvyy Rih	UA	603904	Europe/Kyiv
Sanming	Sanming	CN	602166	Asia/Shanghai
Islamabad	Islamabad	PK	601600	Asia/Karachi
Sāngli	Sangli	IN	601214	Asia/Kolkata
Jamnagar	Jamnagar	IN	600943	Asia/Kolkata
Lubango	Lubango	AO	600751	Africa/Luanda
Pokhara	Pokhara	NP	600051	Asia/Kathmandu
Shuangyashan	Shuangyashan	CN	600000	Asia/Shanghai
Borama	Borama	SO	597842	Africa/Mogadishu
Pallabi	Pallabi	BD	597574	Asia/Dhaka
Luancheng	Luancheng	CN	597130	Asia/Shanghai
Makhachkala	Makhachkala	RU	596356	Europe/Moscow
Anyang-si	Anyang-si	KR	595644	Asia/Seoul
Huambo	Huambo	AO	595304	Africa/Luanda
Samarkand	Samarkand	UZ	595200	Asia/Samarkand
Mengzi	Mengzi	CN	595100	Asia/Shanghai
Kagoshima	Kagoshima	JP	595049	Asia/Tokyo
Mukalla	Mukalla	YE	594951	Asia/Aden
Rasht	Rasht	IR	594590	Asia/Tehran
Mar del Plata	Mar del Plata	AR	593337	America/Argentina/Buenos_Aires
Essen	Essen	DE	593085	Europe/Berlin
Al Maḩallah al Kubrá	Al Mahallah al Kubra	EG	592573	Africa/Cairo
Málaga	Malaga	ES	592346	Europe/Madrid
Shekhupura	Shekhupura	PK	591424	Asia/Karachi
Yingkou	Yingkou	CN	591159	Asia/Shanghai
Zhangzhou	Zhangzhou	CN	589831	Asia/Shanghai
Reynosa	Reynosa	MX	589466	America/Matamoros
Thuận An	Thuan An	VN	588616	Asia/Ho_Chi_Minh
Dortmund	Dortmund	DE	588462	Europe/Berlin
Suginami	Suginami	JP	588354	Asia/Tokyo
Baltimore	Baltimore	US	585708	America/New_York
Itabashi	Itabashi	JP	584483	Asia/Tokyo
New Kingston	New Kingston	JM	583958	America/Jamaica
Pelentong	Pelentong	MY	583640	Asia/Kuala_Lumpur
Cimahi	Cimahi	ID	581994	Asia/Jakarta
Londrina	Londrina	BR	581382	America/Sao_Paulo
Bucaramanga	Bucaramanga	CO	581130	America/Bogota
Genoa	Genoa	IT	580097	Europe/Rome
Hachiōji	Hachioji	JP	579355	Asia/Tokyo
Malacca	Malacca	MY	579000	Asia/Kuala_Lumpur
Nha Trang	Nha Trang	VN	579000	Asia/Ho_Chi_Minh
Kerman	Kerman	IR	577514	Asia/Tehran
Orūmīyeh	Orumiyeh	IR	577307	Asia/Tehran
Bahçelievler	Bahcelievler	TR	576799	Europe/Istanbul
Tanta	Tanta	EG	576648	Africa/Cairo
Jammu	Jammu	IN	576198	Asia/Kolkata
Iskandar Puteri	Iskandar Puteri	MY	575977	Asia/Kuala_Lumpur
Calamba	Calamba	PH	575046	Asia/Manila
Tlalpan	Tlalpan	MX	574577	America/Mexico_City
Herāt	Herat	AF	574300	Asia/Kabul
Dongsheng	Dongsheng	CN	574242	Asia/Shanghai
Gujrat	Gujrat	PK	574240	Asia/Karachi
Tomsk	Tomsk	RU	574002	Asia/Tomsk
Umraniye	Umraniye	TR	573265	Europe/Istanbul
Shihezi	Shihezi	CN	572772	Asia/Urumqi
South Boston	South Boston	US	571281	America/New_York
Nakuru	Nakuru	KE	570674	Africa/Nairobi
Hamilton	Hamilton	CA	569353	America/Toronto
Irbid	Irbid	JO	569068	Asia/Amman
Manchester	Manchester	GB	568996	Europe/London
Kota Bharu	Kota Bharu	MY	568900	Asia/Kuala_Lumpur
Surrey	Surrey	CA	568322	America/Vancouver
Meknes	Meknes	MA	568295	Africa/Casablanca
Puente Alto	Puente Alto	CL	568106	America/Santiago
Nyala	Nyala	SD	565734	Africa/Khartoum
Xinmin	Xinmin	CN	565634	Asia/Shanghai
Dresden	Dresden	DE	564904	Europe/Berlin
Orenburg	Orenburg	RU	564773	Asia/Yekaterinburg
Albuquerque	Albuquerque	US	564559	America/Denver
Bokāro	Bokaro	IN	564319	Asia/Kolkata
Asmara	Asmara	ER	563930	Africa/Asmara
Sukkur	Sukkur	PK	563851	Asia/Karachi
Milwaukee	Milwaukee	US	563531	America/Chicago
Chợ Lớn	Cho Lon	VN	561000	Asia/Ho_Chi_Minh
Wenchang	Wenchang	CN	560894	Asia/Shanghai
Gombe	Gombe	NG	560000	Africa/Lagos
Ile-Ife	Ile-Ife	NG	560000	Africa/Lagos
Hamhŭng	Hamhung	KP	559056	Asia/Pyongyang
Kemerovo	Kemerovo	RU	558973	Asia/Novokuznetsk
Nasiriyah	Nasiriyah	IQ	558400	Asia/Baghdad
Bloemfontein	Bloemfontein	ZA	556637	Africa/Johannesburg
Sheffield	Sheffield	GB	556500	Europe/London
Santiago de Cuba	Santiago de Cuba	CU	555865	America/Havana
Cuautitlán Izcalli	Cuautitlan Izcalli	MX	555163	America/Mexico_City
Benguela	Benguela	AO	555124	Africa/Luanda
Chuxiong	Chuxiong	CN	555081	Asia/Shanghai
Balbala	Balbala	DJ	554350	Africa/Djibouti
Huaihua	Huaihua	CN	552622	Asia/Shanghai
Sishui	Sishui	CN	552300	Asia/Shanghai
Muntinlupa	Muntinlupa	PH	552225	Asia/Manila
Bình Thạnh	Binh Thanh	VN	552164	Asia/Ho_Chi_Minh
Zahedan	Zahedan	IR	551980	Asia/Tehran
Banqiao	Banqiao	TW	551221	Asia/Taipei
Nanded	Nanded	IN	550564	Asia/Kolkata
Kozhikode	Kozhikode	IN	550440	Asia/Kolkata
Ulanqab	Ulanqab	CN	550231	Asia/Shanghai
Ajegunle	Ajegunle	NG	550000	Africa/Lagos
Cabinda	Cabinda	AO	550000	Africa/Luanda
Pristina	Pristina	XK	550000	Europe/Belgrade
Jiamusi	Jiamusi	CN	549549	Asia/Shanghai
Korla	Korla	CN	549324	Asia/Urumqi
Kolhāpur	Kolhapur	IN	549236	Asia/Kolkata
Porto Velho	Porto Velho	BR	548952	America/Porto_Velho
San Miguel de Tucumán	San Miguel de Tucuman	AR	548866	America/Argentina/Tucuman
Kuantan	Kuantan	MY	548014	Asia/Kuala_Lumpur
Sevastopol	Sevastopol	UA	547820	Europe/Simferopol
Nellore	Nellore	IN	547621	Asia/Kolkata
Mirpur Model Thana	Mirpur Model Thana	BD	546503	Asia/Dhaka
Bremen	Bremen	DE	546501	Europe/Berlin
Wanning	Wanning	CN	545992	Asia/Shanghai
Owerri	Owerri	NG	545000	Africa/Lagos
Kota Kuala Muda	Kota Kuala Muda	MY	544984	Asia/Kuala_Lumpur
Sungai Petani	Sungai Petani	MY	544851	Asia/Kuala_Lumpur
Xinzhou	Xinzhou	CN	544683	Asia/Shanghai
Kotō	Koto	JP	543730	Asia/Tokyo
Kalaburagi	Kalaburagi	IN	543147	Asia/Kolkata
Tucson	Tucson	US	542629	America/Phoenix
Selayang Baru Utara	Selayang Baru Utara	MY	542409	Asia/Kuala_Lumpur
Vilnius	Vilnius	LT	542366	Europe/Vilnius
Ajmer	Ajmer	IN	542321	Asia/Kolkata
Pingdu	Pingdu	CN	542234	Asia/Shanghai
Fresno	Fresno	US	542107	America/Los_Angeles
Mbeya	Mbeya	TZ	541603	Africa/Dar_es_Salaam
Juiz de Fora	Juiz de Fora	BR	540756	America/Sao_Paulo
Calabar	Calabar	NG	540000	Africa/Lagos
Oujda	Oujda	MA	539711	Africa/Casablanca
Novokuznetsk	Novokuznetsk	RU	539616	Asia/Novokuznetsk
Ryazan’	Ryazan'	RU	538962	Europe/Moscow
Ji’an	Ji'an	CN	538699	Asia/Shanghai
Sahiwal	Sahiwal	PK	538344	Asia/Karachi
Sahiwal	Sahiwal	PK	538344	Asia/Karachi
Mersin	Mersin	TR	537842	Europe/Istanbul
Nilüfer	Niluefer	TR	536365	Europe/Istanbul
Leeds	Leeds	GB	536280	Europe/London
Poznań	Poznan	PL	536151	Europe/Warsaw
Aqsu	Aqsu	CN	535657	Asia/Urumqi
Ebute Ikorodu	Ebute Ikorodu	NG	535619	Africa/Lagos
Ananindeua	Ananindeua	BR	535547	America/Belem
Tanggu	Tanggu	CN	535298	Asia/Shanghai
Pasir Gudang	Pasir Gudang	MY	534659	Asia/Kuala_Lumpur
Astrakhan	Astrakhan	RU	533925	Europe/Astrakhan
Okara	Okara	PK	533693	Asia/Karachi
Nansana	Nansana	UG	532800	Africa/Kampala
Kimhae	Kimhae	KR	531966	Asia/Seoul
Ar Raqqah	Ar Raqqah	SY	531952	Asia/Damascus
Québec	Quebec	CA	531902	America/Toronto
Cuauhtémoc	Cuauhtemoc	MX	531831	America/Mexico_City
Shangluo	Shangluo	CN	531696	Asia/Shanghai
Himeji	Himeji	JP	530495	Asia/Tokyo
Ibagué	Ibague	CO	529635	America/Bogota
Antwerp	Antwerp	BE	529247	Europe/Brussels
Assiut	Assiut	EG	528669	Africa/Cairo
Hamadān	Hamadan	IR	528256	Asia/Tehran
Qionghai	Qionghai	CN	528238	Asia/Shanghai
Aparecida de Goiânia	Aparecida de Goiania	BR	527796	America/Sao_Paulo
Cangzhou	Cangzhou	CN	527681	Asia/Shanghai
Mohammadpur	Mohammadpur	BD	527571	Asia/Dhaka
Surakarta	Surakarta	ID	526870	Asia/Jakarta
Yuanping	Yuanping	CN	526000	Asia/Shanghai
San Salvador	San Salvador	SV	525990	America/El_Salvador
Beihai	Beihai	CN	525329	Asia/Shanghai
Van	Van	TR	525016	Europe/Istanbul
Sacramento	Sacramento	US	524943	America/Los_Angeles
Thủ Đức	Thu GJuc	VN	524670	Asia/Ho_Chi_Minh
Üsküdar	UEskuedar	TR	524452	Europe/Istanbul
Penza	Penza	RU	523553	Europe/Moscow
Kandahār	Kandahar	AF	523300	Asia/Kabul
Mazār-e Sharīf	Mazar-e Sharif	AF	523300	Asia/Kabul
Hengshui	Hengshui	CN	522147	Asia/Shanghai
Dehradun	Dehradun	IN	522081	Asia/Kolkata
Erode	Erode	IN	521891	Asia/Kolkata
Lyon	Lyon	FR	520774	Europe/Paris
Salta	Salta	AR	520683	America/Argentina/Salta
Serra	Serra	BR	520653	America/Sao_Paulo
Esenler	Esenler	TR	520235	Europe/Istanbul
Daxing’anling	Daxing'anling	CN	520000	Asia/Shanghai
Qui Nhon	Qui Nhon	VN	519208	Asia/Ho_Chi_Minh
Al Fayyum	Al Fayyum	EG	519047	Africa/Cairo
Durgapur	Durgapur	IN	518872	Asia/Kolkata
Utsunomiya	Utsunomiya	JP	518757	Asia/Tokyo
Victoria de Durango	Victoria de Durango	MX	518709	America/Monterrey
Belford Roxo	Belford Roxo	BR	518384	America/Sao_Paulo
Lisbon	Lisbon	PT	517802	Europe/Lisbon
Rahim Yar Khan	Rahim Yar Khan	PK	517000	Asia/Karachi
Ulhasnagar	Ulhasnagar	IN	516584	Asia/Kolkata
Guangyuan	Guangyuan	CN	516424	Asia/Shanghai
Loni	Loni	IN	516082	Asia/Kolkata
Siliguri	Siliguri	IN	515574	Asia/Kolkata
Nuremberg	Nuremberg	DE	515543	Europe/Berlin
Niterói	Niteroi	BR	515317	America/Sao_Paulo
Ujjain	Ujjain	IN	515215	Asia/Kolkata
Hannover	Hannover	DE	515140	Europe/Berlin
Edinburgh	Edinburgh	GB	514990	Europe/London
Macapá	Macapa	BR	512902	America/Belem
Xianning	Xianning	CN	512517	Asia/Shanghai
Toulouse	Toulouse	FR	511684	Europe/Paris
Thembisa	Thembisa	ZA	511655	Africa/Johannesburg
Carrefour	Carrefour	HT	511345	America/Port-au-Prince
Matsuyama	Matsuyama	JP	511192	Asia/Tokyo
Bilimora	Bilimora	IN	510879	Asia/Kolkata
Kasur	Kasur	PK	510875	Asia/Karachi
Atlanta	Atlanta	US	510823	America/New_York
Heroica Matamoros	Heroica Matamoros	MX	510739	America/Matamoros
Makati City	Makati City	PH	510383	Asia/Manila
Buda	Buda	HU	510108	Europe/Budapest
Mianzhu, Deyang, Sichuan	Mianzhu, Deyang, Sichuan	CN	510000	Asia/Shanghai
Tonghua	Tonghua	CN	510000	Asia/Shanghai
Naberezhnyye Chelny	Naberezhnyye Chelny	RU	509870	Europe/Moscow
Lipetsk	Lipetsk	RU	509735	Europe/Moscow
Kikwit	Kikwit	CD	509367	Africa/Kinshasa
Florianópolis	Florianopolis	BR	508826	America/Sao_Paulo
Banan	Banan	CN	508703	Asia/Shanghai
Newcastle	Newcastle	AU	508437	Australia/Sydney
Tuen Mun	Tuen Mun	HK	507900	Asia/Hong_Kong
Zhangye	Zhangye	CN	507433	Asia/Shanghai
Kirov	Kirov	RU	507155	Europe/Kirov
Kashgar	Kashgar	CN	506640	Asia/Urumqi
Mukim Pulai	Mukim Pulai	MY	505661	Asia/Kuala_Lumpur
Najrān	Najran	SA	505652	Asia/Riyadh
Karol Bāgh	Karol Bagh	IN	505241	Asia/Kolkata
Zhoukou	Zhoukou	CN	505171	Asia/Shanghai
Leipzig	Leipzig	DE	504971	Europe/Berlin
Pingliang	Pingliang	CN	504848	Asia/Shanghai
Kalininskiy	Kalininskiy	RU	504641	Europe/Moscow
Duisburg	Duisburg	DE	504358	Europe/Berlin
Āsansol	Asansol	IN	504271	Asia/Kolkata
Arāk	Arak	IR	503647	Asia/Tehran
Maipú	Maipu	CL	503635	America/Santiago
Homyel'	Homyel'	BY	501193	Europe/Minsk
Aktobe	Aktobe	KZ	500757	Asia/Aqtobe
Kota Kinabalu	Kota Kinabalu	MY	500421	Asia/Kuching
Jalalpur Pirwala	Jalalpur Pirwala	PK	500000	Asia/Karachi
Kampung Larkin Lama	Kampung Larkin Lama	MY	500000	Asia/Kuala_Lumpur
Kota Damansara	Kota Damansara	MY	500000	Asia/Kuala_Lumpur
Saminaka	Saminaka	NG	500000	Africa/Lagos
Talatona	Talatona	AO	500000	Africa/Luanda
Mangaluru	Mangaluru	IN	499487	Asia/Kolkata
Zhucheng	Zhucheng	CN	499285	Asia/Shanghai
Santa Marta	Santa Marta	CO	499192	America/Bogota
Matsudo	Matsudo	JP	498575	Asia/Tokyo
Hāthazāri	Hathazari	BD	498179	Asia/Dhaka
Lapu-Lapu City	Lapu-Lapu City	PH	497813	Asia/Manila
Karagandy	Karagandy	KZ	497777	Asia/Almaty
Loudi	Loudi	CN	497171	Asia/Shanghai
Liverpool	Liverpool	GB	496770	Europe/London
Ichikawa	Ichikawa	JP	496676	Asia/Tokyo
Sha Tin	Sha Tin	HK	495200	Asia/Hong_Kong
Dera Ghazi Khan	Dera Ghazi Khan	PK	494464	Asia/Karachi
Hecun	Hecun	CN	494412	Asia/Shanghai
Higashiosaka	Higashiosaka	JP	493940	Asia/Tokyo
Pindi Bhattian	Pindi Bhattian	PK	493222	Asia/Karachi
Cheboksary	Cheboksary	RU	492331	Europe/Moscow
Pohang	Pohang	KR	492041	Asia/Seoul
Shanwei	Shanwei	CN	491766	Asia/Shanghai
Montería	Monteria	CO	490935	America/Bogota
Ruiru	Ruiru	KE	490120	Africa/Nairobi
Valledupar	Valledupar	CO	490075	America/Bogota
Belagavi	Belagavi	IN	490045	Asia/Kolkata
Ajman	Ajman	AE	490035	Asia/Dubai
Jianshui	Jianshui	CN	490000	Asia/Shanghai
Sancaktepe	Sancaktepe	TR	489848	Europe/Istanbul
Port Sudan	Port Sudan	SD	489725	Africa/Khartoum
Toluca	Toluca	MX	489333	America/Mexico_City
Ciudad López Mateos	Ciudad Lopez Mateos	MX	489160	America/Mexico_City
Al Khuşūş	Al Khusus	EG	488904	Africa/Cairo
Jeju City	Jeju City	KR	488844	Asia/Seoul
Gdańsk	Gdansk	PL	487371	Europe/Warsaw
Miami	Miami	US	487014	America/New_York
Omaha	Omaha	US	486051	America/Chicago
Nishinomiya	Nishinomiya	JP	485587	Asia/Tokyo
Masina	Masina	CD	485167	Africa/Kinshasa
Sahāranpur	Saharanpur	IN	484873	Asia/Kolkata
Vellore	Vellore	IN	484690	Asia/Kolkata
Donghe	Donghe	CN	484218	Asia/Shanghai
Kurashiki	Kurashiki	JP	483576	Asia/Tokyo
Campos dos Goytacazes	Campos dos Goytacazes	BR	483540	America/Sao_Paulo
Angeles City	Angeles City	PH	483452	Asia/Manila
Bhātpāra	Bhatpara	IN	483129	Asia/Kolkata
Jijiga	Jijiga	ET	483000	Africa/Addis_Ababa
Tula	Tula	RU	482873	Europe/Moscow
Najaf	Najaf	IQ	482576	Asia/Baghdad
Raleigh	Raleigh	US	482295	America/New_York
Imus	Imus	PH	481949	Asia/Manila
Xichang	Xichang	CN	481796	Asia/Shanghai
Malegaon	Malegaon	IN	481228	Asia/Kolkata
Zaoyang	Zaoyang	CN	481004	Asia/Shanghai
São José do Rio Preto	Sao Jose do Rio Preto	BR	480393	America/Sao_Paulo
Caxias do Sul	Caxias do Sul	BR	479599	America/Sao_Paulo
Karabağlar	Karabaglar	TR	479338	Europe/Istanbul
Okene	Okene	NG	479178	Africa/Lagos
Uijeongbu-si	Uijeongbu-si	KR	479141	Asia/Seoul
Bristol	Bristol	GB	479024	Europe/London
East London	East London	ZA	478676	Africa/Johannesburg
Chéngguān Qū	Chengguan Qu	CN	478275	Asia/Shanghai
Yazd	Yazd	IR	477905	Asia/Tehran
Hargeysa	Hargeysa	SO	477876	Africa/Mogadishu
Ōita	Oita	JP	477715	Asia/Tokyo
Jincheng	Jincheng	CN	476945	Asia/Shanghai
Hongjiang	Hongjiang	CN	476000	Asia/Shanghai
Modīnagar	Modinagar	IN	475843	Asia/Kolkata
Taoyuan	Taoyuan	TW	475798	Asia/Taipei
Eldoret	Eldoret	KE	475716	Africa/Nairobi
Kansas City	Kansas City	US	475378	America/Chicago
Yan’an	Yan'an	CN	475234	Asia/Shanghai
Kaliningrad	Kaliningrad	RU	475056	Europe/Kaliningrad
Skopje	Skopje	MK	474889	Europe/Skopje
Kupang	Kupang	ID	474801	Asia/Makassar
Vereeniging	Vereeniging	ZA	474681	Africa/Johannesburg
The Hague	The Hague	NL	474292	Europe/Amsterdam
Long Beach	Long Beach	US	474140	America/Los_Angeles
Gaya	Gaya	IN	474093	Asia/Kolkata
Iloilo	Iloilo	PH	473728	Asia/Manila
Shouguang	Shouguang	CN	473620	Asia/Shanghai
Jingdezhen	Jingdezhen	CN	473561	Asia/Shanghai
Murcia	Murcia	ES	471982	Europe/Madrid
Mesa	Mesa	US	471825	America/Phoenix
Halifax	Halifax	CA	471559	America/Halifax
Morogoro	Morogoro	TZ	471409	Africa/Dar_es_Salaam
Marikina City	Marikina City	PH	471323	Asia/Manila
Kenitra	Kenitra	MA	470949	Africa/Casablanca
Seeb	Seeb	OM	470878	Asia/Muscat
Cilegon	Cilegon	ID	470378	Asia/Jakarta
Mykolayiv	Mykolayiv	UA	470011	Europe/Kyiv
Fukuyama	Fukuyama	JP	468812	Asia/Tokyo
Staten Island	Staten Island	US	468730	America/New_York
Nanping	Nanping	CN	467875	Asia/Shanghai
Pereira	Pereira	CO	467269	America/Bogota
Ciudad Apodaca	Ciudad Apodaca	MX	467157	America/Monterrey
São João de Meriti	Sao Joao de Meriti	BR	466536	America/Sao_Paulo
Ambattur	Ambattur	IN	466205	Asia/Kolkata
Kanazawa	Kanazawa	JP	466029	Asia/Tokyo
Gonder	Gonder	ET	466000	Africa/Addis_Ababa
Mandaluyong City	Mandaluyong City	PH	465902	Asia/Manila
Mixco	Mixco	GT	465773	America/Guatemala
Longshan	Longshan	CN	465249	Asia/Shanghai
Ikare	Ikare	NG	465000	Africa/Lagos
Nova Vida	Nova Vida	AO	464985	Africa/Luanda
Vũng Tàu	Vung Tau	VN	464860	Asia/Ho_Chi_Minh
Maracay	Maracay	VE	464700	America/Caracas
Tamale	Tamale	GH	464316	Africa/Accra
Heyuan	Heyuan	CN	463907	Asia/Shanghai
Dĩ An	Di An	VN	463023	Asia/Ho_Chi_Minh
Kira	Kira	UG	462900	Africa/Kampala
Esna	Esna	EG	462787	Africa/Cairo
Huangshan	Huangshan	CN	460786	Asia/Shanghai
Ḩamāh	Hamah	SY	460602	Asia/Damascus
Jalgaon	Jalgaon	IN	460228	Asia/Kolkata
Kurnool	Kurnool	IN	460184	Asia/Kolkata
Yola	Yola	NG	460000	Africa/Lagos
Tieling	Tieling	CN	459985	Asia/Shanghai
Rạch Giá	Rach Gia	VN	459860	Asia/Ho_Chi_Minh
Amagasaki	Amagasaki	JP	459593	Asia/Tokyo
Manado	Manado	ID	458582	Asia/Makassar
Santo Domingo de los Colorados	Santo Domingo de los Colorados	EC	458580	America/Guayaquil
Ţarţūs	Tartus	SY	458327	Asia/Damascus
Mek'ele	Mek'ele	ET	457900	Africa/Addis_Ababa
Nazrēt	Nazret	ET	456900	Africa/Addis_Ababa
Colorado Springs	Colorado Springs	US	456568	America/Denver
Huancayo	Huancayo	PE	456250	America/Lima
Al Hillah	Al Hillah	IQ	455700	Asia/Baghdad
Mbandaka	Mbandaka	CD	455011	Africa/Kinshasa
Malanje	Malanje	AO	455000	Africa/Luanda
Namp’o	Namp'o	KP	455000	Asia/Pyongyang
Ciudad General Escobedo	Ciudad General Escobedo	MX	454967	America/Monterrey
Bacolod City	Bacolod City	PH	454898	Asia/Manila
Virginia Beach	Virginia Beach	US	454808	America/New_York
Wafangdian	Wafangdian	CN	454338	Asia/Shanghai
Mansilingan	Mansilingan	PH	454150	Asia/Manila
Kahama	Kahama	TZ	453654	Africa/Dar_es_Salaam
Hsinchu	Hsinchu	TW	453536	Asia/Taipei
Katsushika	Katsushika	JP	453093	Asia/Tokyo
Bornova	Bornova	TR	452479	Europe/Istanbul
Rāmgundam	Ramgundam	IN	452261	Asia/Kolkata
Batman	Batman	TR	452157	Europe/Istanbul
Yongji	Yongji	CN	452000	Asia/Shanghai
Lishui	Lishui	CN	451418	Asia/Shanghai
Udaipur	Udaipur	IN	451100	Asia/Kolkata
Warder	Warder	ET	450400	Africa/Addis_Ababa
Bắc Giang	Bac Giang	VN	450000	Asia/Bangkok
Eslamshahr	Eslamshahr	IR	450000	Asia/Tehran
Juba	Juba	SS	450000	Africa/Juba
Muratpaşa	Muratpasa	TR	450000	Europe/Istanbul
Wenshan City	Wenshan City	CN	450000	Asia/Shanghai
Şanlıurfa	Sanliurfa	TR	449549	Europe/Istanbul
Kursk	Kursk	RU	448733	Europe/Moscow
Maheshtala	Maheshtala	IN	448317	Asia/Kolkata
Nam Định	Nam GJinh	VN	448225	Asia/Bangkok
Constantine	Constantine	DZ	448028	Africa/Algiers
Patiāla	Patiala	IN	446246	Asia/Kolkata
Boksburg	Boksburg	ZA	445168	Africa/Johannesburg
Basuo	Basuo	CN	444458	Asia/Shanghai
Campina Grande	Campina Grande	BR	443911	America/Fortaleza
Ensenada	Ensenada	MX	443807	America/Tijuana
Elazığ	Elazig	TR	443363	Europe/Istanbul
Jundiaí	Jundiai	BR	443221	America/Sao_Paulo
Xochimilco	Xochimilco	MX	442178	America/Mexico_City
Shyamnagar	Shyamnagar	IN	441956	Asia/Kolkata
Dasmariñas	Dasmarinas	PH	441876	Asia/Manila
Zhangjiajie	Zhangjiajie	CN	441804	Asia/Shanghai
Mataram	Mataram	ID	441147	Asia/Makassar
Korhogo	Korhogo	CI	440926	Africa/Abidjan
Piracicaba	Piracicaba	BR	440835	America/Sao_Paulo
Fujisawa	Fujisawa	JP	439728	Asia/Tokyo
Bissau	Bissau	GW	439704	Africa/Bissau
Zhongxiang	Zhongxiang	CN	439394	Asia/Shanghai
Sandakan	Sandakan	MY	439050	Asia/Kuching
Mawlamyine	Mawlamyine	MM	438861	Asia/Yangon
Laval	Laval	CA	438366	America/Toronto
Palma	Palma	ES	438234	Europe/Madrid
Montes Claros	Montes Claros	BR	437601	America/Sao_Paulo
Sunch’ŏn	Sunch'on	KP	437000	Asia/Pyongyang
Sultangazi	Sultangazi	TR	436935	Europe/Istanbul
Uyo	Uyo	NG	436606	Africa/Lagos
Bei’an	Bei'an	CN	436444	Asia/Shanghai
Davangere	Davangere	IN	435128	Asia/Kolkata
Macheng	Macheng	CN	435076	Asia/Shanghai
Ado-Ekiti	Ado-Ekiti	NG	435000	Africa/Lagos
Manizales	Manizales	CO	434403	America/Bogota
Masan	Masan	KR	434371	Asia/Seoul
Buôn Ma Thuột	Buon Ma Thuot	VN	434256	Asia/Ho_Chi_Minh
Stavropol	Stavropol	RU	433931	Europe/Moscow
Shuozhou	Shuozhou	CN	433700	Asia/Shanghai
Kashiwa	Kashiwa	JP	433436	Asia/Tokyo
Ogbomoso	Ogbomoso	NG	433030	Africa/Lagos
Tel Aviv	Tel Aviv	IL	432892	Asia/Jerusalem
Buenaventura	Buenaventura	CO	432385	America/Bogota
Welkom	Welkom	ZA	431944	Africa/Johannesburg
Sham Shui Po	Sham Shui Po	HK	431090	Asia/Hong_Kong
Machida	Machida	JP	431079	Asia/Tokyo
Venustiano Carranza	Venustiano Carranza	MX	430978	America/Mexico_City
Zagazig	Zagazig	EG	430445	Africa/Cairo
Vinnytsya	Vinnytsya	UA	430091	Europe/Kyiv
Ismailia	Ismailia	EG	429465	Africa/Cairo
Ningde	Ningde	CN	429260	Asia/Shanghai
Akola	Akola	IN	428857	Asia/Kolkata
Kima Kieza	Kima Kieza	AO	428855	Africa/Luanda
Cusco	Cusco	PE	428450	America/Lima
Jiuquan	Jiuquan	CN	428346	Asia/Shanghai
Veracruz	Veracruz	MX	428323	America/Mexico_City
East Jerusalem	East Jerusalem	PS	428304	Asia/Hebron
Bryansk	Bryansk	RU	427236	Europe/Moscow
Maltepe	Maltepe	TR	427040	Europe/Istanbul
Sumgayit	Sumgayit	AZ	427000	Asia/Baku
Tando Bago	Tando Bago	PK	426535	Asia/Karachi
Kuala Terengganu	Kuala Terengganu	MY	426500	Asia/Kuala_Lumpur
Toyota	Toyota	JP	426162	Asia/Tokyo
Matadi	Matadi	CD	425662	Africa/Kinshasa
Al Kharj	Al Kharj	SA	425300	Asia/Riyadh
Wong Tai Sin	Wong Tai Sin	HK	425235	Asia/Hong_Kong
Mandaluyong	Mandaluyong	PH	425000	Asia/Manila
Minna	Minna	NG	425000	Africa/Lagos
Xalapa de Enríquez	Xalapa de Enriquez	MX	424755	America/Mexico_City
Rajpur Sonarpur	Rajpur Sonarpur	IN	424368	Asia/Kolkata
Bratislava	Bratislava	SK	423737	Europe/Bratislava
Taman Petaling	Taman Petaling	MY	423062	Asia/Kuala_Lumpur
Shinagawa	Shinagawa	JP	422488	Asia/Tokyo
Al Ḩasakah	Al Hasakah	SY	422445	Asia/Damascus
Luxor	Luxor	EG	422407	Africa/Cairo
London	London	CA	422324	America/Toronto
Awasa	Awasa	ET	422200	Africa/Addis_Ababa
Chimoio	Chimoio	MZ	422046	Africa/Maputo
Tando Allahyar	Tando Allahyar	PK	421923	Asia/Karachi
Daloa	Daloa	CI	421871	Africa/Abidjan
Barra da Tijuca	Barra da Tijuca	BR	421438	America/Sao_Paulo
Dingxi	Dingxi	CN	420614	Asia/Shanghai
Bamenda	Bamenda	CM	420445	Africa/Douala
Tver	Tver	RU	420065	Europe/Moscow
Thái Nguyên	Thai Nguyen	VN	420000	Asia/Bangkok
Boa Vista	Boa Vista	BR	419652	America/Boa_Vista
Rio Branco	Rio Branco	BR	419452	America/Rio_Branco
Oakland	Oakland	US	419267	America/Los_Angeles
Christchurch	Christchurch	NZ	419200	Pacific/Auckland
Korba	Korba	IN	419146	Asia/Kolkata
Takamatsu	Takamatsu	JP	418994	Asia/Tokyo
Kowloon City	Kowloon City	HK	418732	Asia/Hong_Kong
Santos	Santos	BR	418608	America/Sao_Paulo
Tirana	Tirana	AL	418495	Europe/Tirane
Petrolina	Petrolina	BR	418444	America/Recife
Mauá	Maua	BR	418261	America/Sao_Paulo
San Juan	San Juan	PR	418140	America/Puerto_Rico
Alor Setar	Alor Setar	MY	417800	Asia/Kuala_Lumpur
Tongchuan	Tongchuan	CN	417740	Asia/Shanghai
Pasay	Pasay	PH	416522	Asia/Manila
Nuevo Laredo	Nuevo Laredo	MX	416055	America/Matamoros
Toyama	Toyama	JP	415844	Asia/Tokyo
Tétouan	Tetouan	MA	415810	Africa/Casablanca
Zürich	Zuerich	CH	415367	Europe/Zurich
Beylikdüzü	Beylikduezue	TR	415290	Europe/Istanbul
Việt Trì	Viet Tri	VN	415280	Asia/Bangkok
Azcapotzalco	Azcapotzalco	MX	414711	America/Mexico_City
Tampa	Tampa	US	414547	America/New_York
Bunamwaya	Bunamwaya	UG	413400	Africa/Kampala
Magnitogorsk	Magnitogorsk	RU	413351	Asia/Yekaterinburg
Tulsa	Tulsa	US	413066	America/Chicago
Jhānsi	Jhansi	IN	412927	Asia/Kolkata
Tseung Kwan O	Tseung Kwan O	HK	412900	Asia/Hong_Kong
Ciudad Bolívar	Ciudad Bolivar	VE	412619	America/Caracas
Kampung Kangkar Teberau	Kampung Kangkar Teberau	MY	412373	Asia/Kuala_Lumpur
Koumassi	Koumassi	CI	412282	Africa/Abidjan
San Nicolás de los Garza	San Nicolas de los Garza	MX	412199	America/Monterrey
Guyuan	Guyuan	CN	411854	Asia/Shanghai
Wandsbek	Wandsbek	DE	411422	Europe/Berlin
Minneapolis	Minneapolis	US	410939	America/Chicago
Jayapura	Jayapura	ID	410852	Asia/Jayapura
Thoothukudi	Thoothukudi	IN	410760	Asia/Kolkata
Ardabīl	Ardabil	IR	410753	Asia/Tehran
Ballari	Ballari	IN	410445	Asia/Kolkata
Chaoyang	Chaoyang	CN	410005	Asia/Shanghai
Gaza	Gaza	PS	410000	Asia/Gaza
Maringá	Maringa	BR	409657	America/Sao_Paulo
Yokosuka	Yokosuka	JP	409478	Asia/Tokyo
Kom Ombo	Kom Ombo	EG	409311	Africa/Cairo
Saltivka	Saltivka	UA	409300	Europe/Kyiv
Nagasaki	Nagasaki	JP	409118	Asia/Tokyo
Gujangbagh	Gujangbagh	CN	408894	Asia/Urumqi
Tonalá	Tonala	MX	408759	America/Mexico_City
Zhijiang	Zhijiang	CN	408487	Asia/Shanghai
Panama City	Panama City	PA	408168	America/Panama
Uvira	Uvira	CD	407092	Africa/Lubumbashi
Hirakata	Hirakata	JP	406331	Asia/Tokyo
Ivanovo	Ivanovo	RU	406113	Europe/Moscow
Cumaná	Cumana	VE	405626	America/Caracas
Newcastle	Newcastle	ZA	404838	Africa/Johannesburg
Gumi	Gumi	KR	404691	Asia/Seoul
Brno	Brno	CZ	404296	Europe/Prague
Jixi	Jixi	CN	403759	Asia/Shanghai
Diadema	Diadema	BR	403579	America/Sao_Paulo
Kuching	Kuching	MY	402738	Asia/Kuching
Gifu	Gifu	JP	402557	Asia/Tokyo
Caruaru	Caruaru	BR	402290	America/Recife
Tongling	Tongling	CN	402062	Asia/Shanghai
Tarlac City	Tarlac City	PH	401892	Asia/Manila
Toyonaka	Toyonaka	JP	401558	Asia/Tokyo
Kassala	Kassala	SD	401477	Africa/Khartoum
Miyazaki	Miyazaki	JP	401339	Asia/Tokyo
Lekki	Lekki	NG	401272	Africa/Lagos
Antofagasta	Antofagasta	CL	401096	America/Santiago
Wah Cantt	Wah Cantt	PK	400733	Asia/Karachi
Bhāgalpur	Bhagalpur	IN	400146	Asia/Kolkata
Agartala	Agartala	IN	400004	Asia/Kolkata
Bida	Bida	NG	400000	Africa/Lagos
Dayrah	Dayrah	AE	400000	Asia/Dubai
West Jerusalem	West Jerusalem	IL	400000	Asia/Jerusalem
Bunia	Bunia	CD	399282	Africa/Lubumbashi
Antakya	Antakya	TR	399045	Europe/Istanbul
Quận Mười	Quan Muoi	VN	399000	Asia/Ho_Chi_Minh
Sunshine Coast	Sunshine Coast	AU	398840	Australia/Brisbane
Kisumu	Kisumu	KE	397957	Africa/Nairobi
Luhansk	Luhansk	UA	397677	Europe/Kyiv
Bengkulu	Bengkulu	ID	397321	Asia/Jakarta
Barinas	Barinas	VE	397279	America/Caracas
Hancheng	Hancheng	CN	397020	Asia/Shanghai
Vitória da Conquista	Vitoria da Conquista	BR	396613	America/Bahia
Wichita	Wichita	US	396119	America/Chicago
Al Hoceïma	Al Hoceima	MA	395644	Africa/Casablanca
Szczecin	Szczecin	PL	395513	Europe/Warsaw
Delmas	Delmas	HT	395260	America/Port-au-Prince
Liaozhong	Liaozhong	CN	395017	Asia/Shanghai
Vila Velha	Vila Velha	BR	394930	America/Sao_Paulo
Bologna	Bologna	IT	394843	Europe/Rome
Sejong	Sejong	KR	394630	Asia/Seoul
Cazenga	Cazenga	AO	394170	Africa/Luanda
Samsun	Samsun	TR	394050	Europe/Istanbul
Tallinn	Tallinn	EE	394024	Europe/Tallinn
Tanga	Tanga	TZ	393429	Africa/Dar_es_Salaam
El Obeid	El Obeid	SD	393311	Africa/Khartoum
Lobito	Lobito	AO	393079	Africa/Luanda
Saurimo	Saurimo	AO	393000	Africa/Luanda
Bauru	Bauru	BR	392947	America/Sao_Paulo
Bello	Bello	CO	392939	America/Bogota
Pasto	Pasto	CO	392930	America/Bogota
Gaomi	Gaomi	CN	391986	Asia/Shanghai
Santa Fe	Santa Fe	AR	391164	America/Argentina/Cordoba
San-Pédro	San-Pedro	CI	390654	Africa/Abidjan
Makurdi	Makurdi	NG	390000	Africa/Lagos
Palu	Palu	ID	389959	Asia/Makassar
Takoradi	Takoradi	GH	389114	Africa/Accra
Samut Prakan	Samut Prakan	TH	388920	Asia/Bangkok
Arlington	Arlington	US	388125	America/Chicago
Khamis Mushait	Khamis Mushait	SA	387553	Asia/Riyadh
Ambato	Ambato	EC	387309	America/Guayaquil
Carapicuíba	Carapicuiba	BR	386984	America/Sao_Paulo
Ojo de Agua	Ojo de Agua	MX	386290	America/Mexico_City
Windhoek	Windhoek	NA	386219	Africa/Windhoek
Abomey-Calavi	Abomey-Calavi	BJ	385755	Africa/Porto-Novo
Bochum	Bochum	DE	385729	Europe/Berlin
Suita	Suita	JP	385567	Asia/Tokyo
Benito Juárez	Benito Juarez	MX	385439	America/Mexico_City
Sector 3	Sector 3	RO	385439	Europe/Bucharest
Chak Jhumra	Chak Jhumra	PK	385169	Asia/Karachi
Kahramanmaraş	Kahramanmaras	TR	384953	Europe/Istanbul
Chongzuo	Chongzuo	CN	384905	Asia/Shanghai
Grajaú	Grajau	BR	384873	America/Sao_Paulo
Okazaki	Okazaki	JP	384654	Asia/Tokyo
Xico	Xico	MX	384327	America/Mexico_City
Iztacalco	Iztacalco	MX	384326	America/Mexico_City
Kākināda	Kakinada	IN	384182	Asia/Kolkata
Betim	Betim	BR	384000	America/Sao_Paulo
Las Palmas de Gran Canaria	Las Palmas de Gran Canaria	ES	383516	Atlantic/Canary
Cotabato	Cotabato	PH	383383	Asia/Manila
Bawshar	Bawshar	OM	383257	Asia/Muscat
Latur	Latur	IN	382940	Asia/Kolkata
Tanzhou	Tanzhou	CN	382445	Asia/Shanghai
Wellington	Wellington	NZ	381900	Pacific/Auckland
Mazatlán	Mazatlan	MX	381583	America/Mazatlan
Nizhny Tagil	Nizhny Tagil	RU	381116	Asia/Yekaterinburg
Irapuato	Irapuato	MX	380941	America/Mexico_City
Ichinomiya	Ichinomiya	JP	380073	Asia/Tokyo
Aswān	Aswan	EG	379774	Africa/Cairo
Iaşi	Iasi	RO	378954	Europe/Bucharest
Krugersdorp	Krugersdorp	ZA	378821	Africa/Johannesburg
Pānihāti	Panihati	IN	378705	Asia/Kolkata
Shibganj	Shibganj	BD	378701	Asia/Dhaka
Caucaia	Caucaia	BR	378406	America/Fortaleza
Iquitos	Iquitos	PE	377609	America/Lima
Toyohashi	Toyohashi	JP	377453	Asia/Tokyo
Hechuan	Hechuan	CN	377213	Asia/Shanghai
Pétionville	Petionville	HT	376834	America/Port-au-Prince
Utrecht	Utrecht	NL	376435	Europe/Amsterdam
Rajamahendravaram	Rajamahendravaram	IN	376333	Asia/Kolkata
Cariacica	Cariacica	BR	376200	America/Sao_Paulo
Yogyakarta	Yogyakarta	ID	375699	Asia/Jakarta
Dhule	Dhule	IN	375559	Asia/Kolkata
Yanzhou	Yanzhou	CN	375500	Asia/Shanghai
Minato	Minato	JP	375339	Asia/Tokyo
Puchong	Puchong	MY	375181	Asia/Kuala_Lumpur
Ondo	Ondo	NG	375000	Africa/Lagos
Pingyin	Pingyin	CN	374900	Asia/Shanghai
Rohtak	Rohtak	IN	374292	Asia/Kolkata
Bhawana	Bhawana	PK	373841	Asia/Karachi
Rustenburg	Rustenburg	ZA	373695	Africa/Johannesburg
Bakersfield	Bakersfield	US	373640	America/Los_Angeles
Xuanhua	Xuanhua	CN	373422	Asia/Shanghai
Emalahleni	Emalahleni	ZA	373403	Africa/Johannesburg
Bafoussam	Bafoussam	CM	373268	Africa/Douala
Thủ Dầu Một	Thu Dau Mot	VN	373105	Asia/Ho_Chi_Minh
Takasaki	Takasaki	JP	372973	Asia/Tokyo
Seremban	Seremban	MY	372917	Asia/Kuala_Lumpur
Miguel Hidalgo	Miguel Hidalgo	MX	372889	America/Mexico_City
Nagano	Nagano	JP	372760	Asia/Tokyo
Tawau	Tawau	MY	372615	Asia/Kuching
Cardiff	Cardiff	GB	372089	Europe/London
Dachang	Dachang	CN	371856	Asia/Shanghai
Đống Đa	GJong GJa	VN	371606	Asia/Bangkok
Chitungwiza	Chitungwiza	ZW	371246	Africa/Harare
Fenghuang	Fenghuang	CN	370000	Asia/Shanghai
Puerto La Cruz	Puerto La Cruz	VE	370000	America/Caracas
Umuahia	Umuahia	NG	370000	Africa/Lagos
Uşak	Usak	TR	369433	Europe/Istanbul
Bharatpur	Bharatpur	NP	369377	Asia/Kathmandu
Itaquaquecetuba	Itaquaquecetuba	BR	369275	America/Sao_Paulo
Natore	Natore	BD	369138	Asia/Dhaka
6th of October City	6th of October City	EG	368650	Africa/Cairo
Leicester	Leicester	GB	368600	Europe/London
Desna	Desna	UA	368500	Europe/Kyiv
Cascavel	Cascavel	BR	368195	America/Sao_Paulo
Sector 6	Sector 6	RO	367760	Europe/Bucharest
Canberra	Canberra	AU	367752	Australia/Sydney
Avellaneda	Avellaneda	AR	367554	America/Argentina/Buenos_Aires
Praia Grande	Praia Grande	BR	367400	America/Sao_Paulo
Nara-shi	Nara-shi	JP	367353	Asia/Tokyo
Florence	Florence	IT	367150	Europe/Rome
Ahilyanagar	Ahilyanagar	IN	367140	Asia/Kolkata
Kollam	Kollam	IN	367107	Asia/Kolkata
Huanggang	Huanggang	CN	366769	Asia/Shanghai
Bradford	Bradford	GB	366187	Europe/London
Sukabumi	Sukabumi	ID	365735	Asia/Jakarta
Bilāspur	Bilaspur	IN	365579	Asia/Kolkata
Malabon	Malabon	PH	365525	Asia/Manila
Franca	Franca	BR	365494	America/Sao_Paulo
Cleveland	Cleveland	US	365379	America/New_York
Iseyin	Iseyin	NG	365300	Africa/Lagos
Etobicoke	Etobicoke	CA	365000	America/Toronto
Gboko	Gboko	NG	365000	Africa/Lagos
Yenagoa	Yenagoa	NG	365000	Africa/Lagos
Samba	Samba	AO	364986	Africa/Luanda
Olinda	Olinda	BR	364717	America/Recife
Pyeongtaek	Pyeongtaek	KR	364694	Asia/Seoul
Petare	Petare	VE	364684	America/Caracas
Bến Cát	Ben Cat	VN	364578	Asia/Ho_Chi_Minh
Anqiu	Anqiu	CN	364208	Asia/Shanghai
Alanya	Alanya	TR	364180	Europe/Istanbul
Larkana	Larkana	PK	364033	Asia/Karachi
Al Qadarif	Al Qadarif	SD	363945	Africa/Khartoum
Hrodna	Hrodna	BY	363718	Europe/Minsk
Cibinong	Cibinong	ID	363424	Asia/Jakarta
Nawabshah	Nawabshah	PK	363138	Asia/Karachi
New Orleans	New Orleans	US	362701	America/Chicago
Keelung	Keelung	TW	362487	Asia/Taipei
Malmö	Malmoe	SE	362133	Europe/Stockholm
Jizhou	Jizhou	CN	362013	Asia/Shanghai
Manukau City	Manukau City	NZ	362000	Pacific/Auckland
Maradi	Maradi	NE	361702	Africa/Niamey
Burewala	Burewala	PK	361664	Asia/Karachi
Ataşehir	Atasehir	TR	361615	Europe/Istanbul
Blumenau	Blumenau	BR	361261	America/Sao_Paulo
Nanqiao	Nanqiao	CN	361185	Asia/Shanghai
Mingora	Mingora	PK	361112	Asia/Karachi
Santarém	Santarem	BR	360871	America/Santarem
Wuppertal	Wuppertal	DE	360797	Europe/Berlin
Ulan-Ude	Ulan-Ude	RU	360278	Asia/Irkutsk
Huocheng	Huocheng	CN	360000	Asia/Urumqi
Ijebu Ode	Ijebu Ode	NG	360000	Africa/Lagos
Maseru	Maseru	LS	359753	Africa/Maseru
Bhilwara	Bhilwara	IN	359483	Asia/Kolkata
Aurora	Aurora	US	359407	America/Denver
Vitebsk	Vitebsk	BY	358927	Europe/Minsk
Sultanbeyli	Sultanbeyli	TR	358201	Europe/Istanbul
Taraz	Taraz	KZ	358153	Asia/Almaty
Yangsan	Yangsan	KR	358074	Asia/Seoul
Dniprovskyi	Dniprovskyi	UA	357900	Europe/Kyiv
San Jose del Monte	San Jose del Monte	PH	357828	Asia/Manila
Abū al-Kahṣīb	Abu al-Kahsib	IQ	357771	Asia/Baghdad
Gwangmyeong	Gwangmyeong	KR	357545	Asia/Seoul
Zanjan	Zanjan	IR	357471	Asia/Tehran
Neiva	Neiva	CO	357392	America/Bogota
Iwaki	Iwaki	JP	357309	Asia/Tokyo
Vladimir	Vladimir	RU	357024	Europe/Moscow
Tete	Tete	MZ	357000	Africa/Maputo
Bacoor	Bacoor	PH	356974	Asia/Manila
Uberaba	Uberaba	BR	356781	America/Sao_Paulo
Wakayama	Wakayama	JP	356729	Asia/Tokyo
Brahmapur	Brahmapur	IN	356598	Asia/Kolkata
Fengshan	Fengshan	TW	356463	Asia/Taipei
Fatih	Fatih	TR	356025	Europe/Istanbul
Misratah	Misratah	LY	355657	Africa/Tripoli
Cuíto	Cuito	AO	355423	Africa/Luanda
Benito Juarez	Benito Juarez	MX	355017	America/Mexico_City
Kyzylorda	Kyzylorda	KZ	354800	Asia/Qyzylorda
Sinjhoro	Sinjhoro	PK	354709	Asia/Karachi
Kawagoe	Kawagoe	JP	354571	Asia/Tokyo
Takatsuki	Takatsuki	JP	354468	Asia/Tokyo
Muzaffarpur	Muzaffarpur	IN	354462	Asia/Kolkata
Tapachula	Tapachula	MX	353706	America/Merida
Lhoka	Lhoka	CN	353700	Asia/Shanghai
Villahermosa	Villahermosa	MX	353577	America/Merida
Setapak	Setapak	MY	353268	Asia/Kuala_Lumpur
Mahilyow	Mahilyow	BY	352896	Europe/Minsk
Bandar Abbas	Bandar Abbas	IR	352173	Asia/Tehran
Pravyi Bereh	Pravyi Bereh	UA	352088	Europe/Kyiv
Yunusobod	Yunusobod	UZ	352000	Asia/Tashkent
Ras Al Khaimah	Ras Al Khaimah	AE	351943	Asia/Dubai
Cabimas	Cabimas	VE	351736	America/Caracas
Kendari	Kendari	ID	351085	Asia/Makassar
Honolulu	Honolulu	US	350964	Pacific/Honolulu
Anaheim	Anaheim	US	350742	America/Los_Angeles
Tarsus	Tarsus	TR	350732	Europe/Istanbul
Al Maḩmūdīyah	Al Mahmudiyah	IQ	350000	Asia/Baghdad
Bahir Dar	Bahir Dar	ET	350000	Africa/Addis_Ababa
Diepsloot	Diepsloot	ZA	350000	Africa/Johannesburg
Pengze	Pengze	CN	350000	Asia/Shanghai
Punāsa	Punasa	IN	350000	Asia/Kolkata
Xilinhot	Xilinhot	CN	349953	Asia/Shanghai
São José dos Pinhais	Sao Jose dos Pinhais	BR	349880	America/Sao_Paulo
Quelimane	Quelimane	MZ	349842	Africa/Maputo
Arkhangel’sk	Arkhangel'sk	RU	349742	Europe/Moscow
Muzaffarnagar	Muzaffarnagar	IN	349706	Asia/Kolkata
Hulunbuir	Hulunbuir	CN	349400	Asia/Shanghai
Dumai	Dumai	ID	349389	Asia/Jakarta
Shinjuku	Shinjuku	JP	349385	Asia/Tokyo
Sikasso	Sikasso	ML	349324	Africa/Bamako
Sanandaj	Sanandaj	IR	349176	Asia/Tehran
Chita	Chita	RU	349005	Asia/Chita
San Pedro	San Pedro	PH	348968	Asia/Manila
Alicante	Alicante	ES	348901	Europe/Madrid
Bimbo	Bimbo	CF	348802	Africa/Bangui
Kalemyo	Kalemyo	MM	348573	Asia/Yangon
Belfast	Belfast	GB	348005	Europe/London
Long Bien	Long Bien	VN	347829	Asia/Bangkok
Camagüey	Camagueey	CU	347562	America/Havana
Bilbao	Bilbao	ES	347342	Europe/Madrid
Ambon	Ambon	ID	347288	Asia/Jayapura
Brest	Brest	BY	347138	Europe/Minsk
Ribeirão das Neves	Ribeirao das Neves	BR	346971	America/Sao_Paulo
Chifeng	Chifeng	CN	346654	Asia/Shanghai
Central Coast	Central Coast	AU	346596	Australia/Sydney
Corrientes	Corrientes	AR	346334	America/Argentina/Cordoba
Hŭngnam	Hungnam	KP	346082	Asia/Pyongyang
Avadi	Avadi	IN	345996	Asia/Kolkata
Yunlong	Yunlong	CN	345393	Asia/Shanghai
Koshigaya	Koshigaya	JP	345353	Asia/Tokyo
Coventry	Coventry	GB	345324	Europe/London
Belgorod	Belgorod	RU	345289	Europe/Moscow
Toamasina	Toamasina	MG	345107	Indian/Antananarivo
Logan City	Logan City	AU	345098	Australia/Brisbane
Ōtsu	Otsu	JP	345070	Asia/Tokyo
Kosti	Kosti	SD	345068	Africa/Khartoum
Qitaihe	Qitaihe	CN	345033	Asia/Shanghai
Doha	Doha	QA	344939	Asia/Qatar
Kadapa	Kadapa	IN	344893	Asia/Kolkata
Nakano	Nakano	JP	344880	Asia/Tokyo
Cirebon	Cirebon	ID	344851	Asia/Jakarta
Turmero	Turmero	VE	344700	America/Caracas
Tokorozawa	Tokorozawa	JP	344194	Asia/Tokyo
Cabanatuan City	Cabanatuan City	PH	343672	Asia/Manila
Pizhou	Pizhou	CN	343421	Asia/Shanghai
Darnytsya	Darnytsya	UA	343384	Europe/Kyiv
Dire Dawa	Dire Dawa	ET	343000	Africa/Addis_Ababa
Annaba	Annaba	DZ	342703	Africa/Algiers
Nice	Nice	FR	342669	Europe/Paris
Iligan	Iligan	PH	342618	Asia/Manila
Soledad	Soledad	CO	342556	America/Bogota
Temara	Temara	MA	342345	Africa/Casablanca
Paulista	Paulista	BR	342167	America/Recife
Obalende	Obalende	NG	342000	Africa/Lagos
Kukatpally	Kukatpally	IN	341709	Asia/Kolkata
Laixi	Laixi	CN	341470	Asia/Shanghai
Dihok	Dihok	IQ	340900	Asia/Baghdad
Kaluga	Kaluga	RU	340851	Europe/Moscow
Bắc Từ Liêm	Bac Tu Liem	VN	340605	Asia/Ho_Chi_Minh
Celaya	Celaya	MX	340387	America/Mexico_City
Serekunda	Serekunda	GM	340000	Africa/Banjul
Kafrul	Kafrul	BD	339734	Asia/Dhaka
Karşıyaka	Karsiyaka	TR	339624	Europe/Istanbul
Ḩadā’iq al Qubbah	Hada'iq al Qubbah	EG	339612	Africa/Cairo
Makiyivka	Makiyivka	UA	338968	Europe/Kyiv
West Raleigh	West Raleigh	US	338759	America/New_York
Cuernavaca	Cuernavaca	MX	338650	America/Mexico_City
Markham	Markham	CA	338503	America/Toronto
São Vicente	Sao Vicente	BR	338326	America/Sao_Paulo
Kaesŏng	Kaesong	KP	338155	Asia/Pyongyang
Tungi	Tungi	BD	337579	Asia/Dhaka
Krasnogvargeisky	Krasnogvargeisky	RU	337091	Europe/Moscow
Randburg	Randburg	ZA	337053	Africa/Johannesburg
Safi	Safi	MA	336883	Africa/Casablanca
Simferopol	Simferopol	UA	336460	Europe/Simferopol
Lublin	Lublin	PL	336339	Europe/Warsaw
Pelotas	Pelotas	BR	336150	America/Sao_Paulo
San José	San Jose	CR	335007	America/Costa_Rica
Orlando	Orlando	US	334854	America/New_York
Viña del Mar	Vina del Mar	CL	334248	America/Santiago
Qazvin	Qazvin	IR	333635	Asia/Tehran
Asahikawa	Asahikawa	JP	333530	Asia/Tokyo
Kāmārhāti	Kamarhati	IN	332965	Asia/Kolkata
Tepic	Tepic	MX	332863	America/Mazatlan
Wŏnju	Wonju	KR	332849	Asia/Seoul
Wad Medani	Wad Medani	SD	332714	Africa/Khartoum
Quận Mười Một	Quan Muoi Mot	VN	332536	Asia/Ho_Chi_Minh
Nukus	Nukus	UZ	332500	Asia/Samarkand
Konak	Konak	TR	332277	Europe/Istanbul
Maebashi	Maebashi	JP	332149	Asia/Tokyo
Kita	Kita	JP	332140	Asia/Tokyo
Ciudad Victoria	Ciudad Victoria	MX	332100	America/Monterrey
Soledad de Graciano Sánchez	Soledad de Graciano Sanchez	MX	332072	America/Mexico_City
Kochi	Kochi	JP	332059	Asia/Tokyo
Bielefeld	Bielefeld	DE	331906	Europe/Berlin
Blida	Blida	DZ	331779	Africa/Algiers
Kwai Chung	Kwai Chung	HK	331600	Asia/Hong_Kong
Mandaue City	Mandaue City	PH	331320	Asia/Manila
Ganja	Ganja	AZ	330663	Asia/Baku
Khorramshahr	Khorramshahr	IR	330606	Asia/Tehran
Bonn	Bonn	DE	330579	Europe/Berlin
Mathura	Mathura	IN	330511	Asia/Kolkata
Hechi	Hechi	CN	330131	Asia/Shanghai
Bydgoszcz	Bydgoszcz	PL	330038	Europe/Warsaw
Smolensk	Smolensk	RU	330025	Europe/Moscow
Oral	Oral	KZ	330000	Asia/Oral
Khorramabad	Khorramabad	IR	329825	Asia/Tehran
Soyapango	Soyapango	SV	329708	America/El_Salvador
Tongshan	Tongshan	CN	329661	Asia/Shanghai
Guédiawaye	Guediawaye	SN	329659	Africa/Dakar
Plovdiv	Plovdiv	BG	329489	Europe/Sofia
Ciudad Obregón	Ciudad Obregon	MX	329404	America/Hermosillo
Wŏnsan	Wonsan	KP	329207	Asia/Pyongyang
Brent	Brent	GB	329100	Europe/London
Pavlodar	Pavlodar	KZ	329002	Asia/Almaty
Chānda	Chanda	IN	328351	Asia/Kolkata
Canoas	Canoas	BR	328291	America/Sao_Paulo
Kōriyama	Koriyama	JP	327692	Asia/Tokyo
Sochi	Sochi	RU	327608	Europe/Moscow
Aksaray	Aksaray	TR	327575	Europe/Istanbul
Vijayapura	Vijayapura	IN	327427	Asia/Kolkata
Chipata	Chipata	ZM	327059	Africa/Lusaka
Chongjin	Chongjin	KP	327000	Asia/Pyongyang
Yanji	Yanji	CN	326957	Asia/Shanghai
Roodepoort	Roodepoort	ZA	326416	Africa/Johannesburg
Pucallpa	Pucallpa	PE	326040	America/Lima
Mogi das Cruzes	Mogi das Cruzes	BR	325746	America/Sao_Paulo
Córdoba	Cordoba	ES	325708	Europe/Madrid
Birkenhead	Birkenhead	GB	325264	Europe/London
Nantes	Nantes	FR	325070	Europe/Paris
Ilesa	Ilesa	NG	325000	Africa/Lagos
Pekalongan	Pekalongan	ID	324564	Asia/Jakarta
Bhatara	Bhatara	BD	324300	Asia/Dhaka
Espoo	Espoo	FI	323910	Europe/Helsinki
Kikuyu	Kikuyu	KE	323881	Africa/Nairobi
Kluang	Kluang	MY	323762	Asia/Kuala_Lumpur
Lincang	Lincang	CN	323708	Asia/Shanghai
Nottingham	Nottingham	GB	323632	Europe/London
Ramiros	Ramiros	AO	323576	Africa/Luanda
Al ‘Amārah	Al 'Amarah	IQ	323302	Asia/Baghdad
Volzhsky	Volzhsky	RU	323293	Europe/Volgograd
Vaughan	Vaughan	CA	323103	America/Toronto
Xingyi	Xingyi	CN	322890	Asia/Shanghai
Shivamogga	Shivamogga	IN	322650	Asia/Kolkata
Alwar	Alwar	IN	322568	Asia/Kolkata
Uíge	Uige	AO	322531	Africa/Luanda
Taubaté	Taubate	BR	322397	America/Sao_Paulo
Ixtapaluca	Ixtapaluca	MX	322271	America/Mexico_City
Osh	Osh	KG	322164	Asia/Bishkek
Portoviejo	Portoviejo	EC	321800	America/Guayaquil
Villavicencio	Villavicencio	CO	321717	America/Bogota
Man’gyŏngdae-ri	Man'gyongdae-ri	KP	321690	Asia/Pyongyang
Camaçari	Camacari	BR	321636	America/Bahia
San Miguelito	San Miguelito	PA	321501	America/Panama
Shāhjānpur	Shahjanpur	IN	320434	Asia/Kolkata
Lexington	Lexington	US	320347	America/New_York
Tantou	Tantou	CN	320304	Asia/Shanghai
Suzano	Suzano	BR	320261	America/Sao_Paulo
Anápolis	Anapolis	BR	319587	America/Sao_Paulo
Kaech’ŏn	Kaech'on	KP	319554	Asia/Pyongyang
Jūnāgadh	Junagadh	IN	319462	Asia/Kolkata
Islington	Islington	GB	319143	Europe/London
Holguín	Holguin	CU	319102	America/Havana
Ust-Kamenogorsk	Ust-Kamenogorsk	KZ	319067	Asia/Almaty
Tsuen Wan	Tsuen Wan	HK	318916	Asia/Hong_Kong
Zinder	Zinder	NE	318874	Africa/Niamey
Saransk	Saransk	RU	318841	Europe/Moscow
Al Diwaniyah	Al Diwaniyah	IQ	318801	Asia/Baghdad
Varna	Varna	BG	318737	Europe/Sofia
Hafizabad	Hafizabad	PK	318621	Asia/Karachi
Marne La Vallée	Marne La Vallee	FR	318325	Europe/Paris
Palangkaraya	Palangkaraya	ID	318247	Asia/Pontianak
Damanhur	Damanhur	EG	318207	Africa/Cairo
Chiniot	Chiniot	PK	318165	Asia/Karachi
Popayán	Popayan	CO	318059	America/Bogota
Reading	Reading	GB	318014	Europe/London
Geita	Geita	TZ	318006	Africa/Dar_es_Salaam
Constanţa	Constanta	RO	317832	Europe/Bucharest
New Delhi	New Delhi	IN	317797	Asia/Kolkata
Thessaloníki	Thessaloniki	GR	317778	Europe/Athens
Thiès	Thies	SN	317763	Africa/Dakar
Naha	Naha	JP	317625	Asia/Tokyo
Riverside	Riverside	US	317261	America/Los_Angeles
Baicheng	Baicheng	CN	316970	Asia/Shanghai
Chimbote	Chimbote	PE	316966	America/Lima
Bari	Bari	IT	316491	Europe/Rome
Barueri	Barueri	BR	316473	America/Sao_Paulo
Corpus Christi	Corpus Christi	US	316239	America/Chicago
Thrissur	Thrissur	IN	315957	Asia/Kolkata
Cherepovets	Cherepovets	RU	315738	Europe/Moscow
Eloy Alfaro	Eloy Alfaro	EC	315724	America/Guayaquil
Hamburg-Nord	Hamburg-Nord	DE	315514	Europe/Berlin
Al-Kut	Al-Kut	IQ	315162	Asia/Baghdad
Muar	Muar	MY	314776	Asia/Kuala_Lumpur
Şişli	Sisli	TR	314684	Europe/Istanbul
Lexington-Fayette	Lexington-Fayette	US	314488	America/New_York
Maroua	Maroua	CM	314122	Africa/Douala
Kingston upon Hull	Kingston upon Hull	GB	314018	Europe/London
Preston	Preston	GB	313332	Europe/London
Lianshan	Lianshan	CN	313247	Asia/Shanghai
Denizli	Denizli	TR	313238	Europe/Istanbul
Ikeja	Ikeja	NG	313196	Africa/Lagos
Al Qāhirah al Jadīdah	Al Qahirah al Jadidah	EG	313139	Africa/Cairo
New Cairo	New Cairo	EG	313139	Africa/Cairo
Vitória	Vitoria	BR	312656	America/Sao_Paulo
Palmira	Palmira	CO	312519	America/Bogota
Vologda	Vologda	RU	312420	Europe/Moscow
Iligan City	Iligan City	PH	312323	Asia/Manila
Catania	Catania	IT	311584	Europe/Rome
Jardim Angela	Jardim Angela	BR	311432	America/Sao_Paulo
Nizāmābād	Nizamabad	IN	311152	Asia/Kolkata
Cincinnati	Cincinnati	US	311097	America/New_York
Percut	Percut	ID	311063	Asia/Jakarta
Coatzacoalcos	Coatzacoalcos	MX	310698	America/Mexico_City
Santa Ana	Santa Ana	US	310227	America/Los_Angeles
Sariwŏn-si	Sariwon-si	KP	310100	Asia/Pyongyang
Botshabelo	Botshabelo	ZA	309714	Africa/Johannesburg
Butuan	Butuan	PH	309709	Asia/Manila
Shahrīār	Shahriar	IR	309607	Asia/Tehran
Qods	Qods	IR	309605	Asia/Tehran
Gia Lâm	Gia Lam	VN	309353	Asia/Bangkok
Kurgan	Kurgan	RU	309285	Asia/Yekaterinburg
Tampico	Tampico	MX	309003	America/Monterrey
Akowonjo	Akowonjo	NG	308900	Africa/Lagos
Cabuyao	Cabuyao	PH	308745	Asia/Manila
Tabora	Tabora	TZ	308741	Africa/Dar_es_Salaam
Kasugai	Kasugai	JP	308681	Asia/Tokyo
An Nhơn	An Nhon	VN	308396	Asia/Ho_Chi_Minh
Alimosho	Alimosho	NG	308290	Africa/Lagos
Ciudad Benito Juárez	Ciudad Benito Juarez	MX	308285	America/Monterrey
Münster	Muenster	DE	308258	Europe/Berlin
Mannheim	Mannheim	DE	307960	Europe/Berlin
Karawang	Karawang	ID	307880	Asia/Jakarta
Akita	Akita	JP	307672	Asia/Tokyo
Tumkūr	Tumkur	IN	307359	Asia/Kolkata
Chinju	Chinju	KR	307242	Asia/Seoul
Parbhani	Parbhani	IN	307170	Asia/Kolkata
Hisar	Hisar	IN	307024	Asia/Kolkata
Iksan	Iksan	KR	307000	Asia/Seoul
Fīrozābād	Firozabad	IN	306409	Asia/Kolkata
Palmas	Palmas	BR	306296	America/Araguaina
Vladikavkaz	Vladikavkaz	RU	306258	Europe/Moscow
Port-de-Paix	Port-de-Paix	HT	306217	America/Port-au-Prince
Damietta	Damietta	EG	305920	Africa/Cairo
Posadas	Posadas	AR	305874	America/Argentina/Cordoba
Parauapebas	Parauapebas	BR	305771	America/Belem
Brakpan	Brakpan	ZA	305692	Africa/Johannesburg
Stockton	Stockton	US	305658	America/Los_Angeles
Juazeiro do Norte	Juazeiro do Norte	BR	305531	America/Fortaleza
Yokkaichi	Yokkaichi	JP	305424	Asia/Tokyo
Kulti	Kulti	IN	305405	Asia/Kolkata
Tláhuac	Tlahuac	MX	305076	America/Mexico_City
Sapele	Sapele	NG	305000	Africa/Lagos
Kashan	Kashan	IR	304487	Asia/Tehran
Kāshān	Kashan	IR	304487	Asia/Tehran
Pittsburgh	Pittsburgh	US	304391	America/New_York
Armenia	Armenia	CO	304314	America/Bogota
Santa Catarina	Santa Catarina	MX	304052	America/Monterrey
Sumbawanga	Sumbawanga	TZ	303986	Africa/Dar_es_Salaam
Orël	Orel	RU	303696	Europe/Moscow
Akashi	Akashi	JP	303601	Asia/Tokyo
Hai Bà Trưng	Hai Ba Trung	VN	303586	Asia/Bangkok
Kurume	Kurume	JP	303579	Asia/Tokyo
Graz	Graz	AT	303270	Europe/Vienna
Saint Paul	Saint Paul	US	303176	America/Chicago
Saltivskyi	Saltivskyi	UA	302600	Europe/Kyiv
Nghi Sơn	Nghi Son	VN	302210	Asia/Bangkok
Karnāl	Karnal	IN	302140	Asia/Kolkata
Changyi	Changyi	CN	302072	Asia/Shanghai
Ciudad del Este	Ciudad del Este	PY	301815	America/Asuncion
Rosetta	Rosetta	EG	301795	Africa/Cairo
Barddhamān	Barddhaman	IN	301725	Asia/Kolkata
Toshima	Toshima	JP	301599	Asia/Tokyo
Kediri	Kediri	ID	301424	Asia/Jakarta
Solwezi	Solwezi	ZM	301370	Africa/Lusaka
Hamburg-Mitte	Hamburg-Mitte	DE	301231	Europe/Berlin
Augsburg	Augsburg	DE	301105	Europe/Berlin
South Dublin	South Dublin	IE	301075	Europe/Dublin
Valladolid	Valladolid	ES	300618	Europe/Madrid
Miri	Miri	MY	300543	Asia/Kuching
Xinyi	Xinyi	CN	300511	Asia/Shanghai
Mardan	Mardan	PK	300424	Asia/Karachi
Surgut	Surgut	RU	300367	Asia/Yekaterinburg
Swansea	Swansea	GB	300352	Europe/London
San Pablo	San Pablo	PH	300166	Asia/Manila
Newcastle upon Tyne	Newcastle upon Tyne	GB	300125	Europe/London
Gundupālaiyam	Gundupalaiyam	IN	300104	Asia/Kolkata
Várzea Grande	Varzea Grande	BR	300078	America/Cuiaba
Gatineau	Gatineau	CA	300045	America/Toronto
Batikent	Batikent	TR	300000	Europe/Istanbul
Biñan	Binan	PH	300000	Asia/Manila
Malir Cantonment	Malir Cantonment	PK	300000	Asia/Karachi
Mérida	Merida	VE	300000	America/Caracas
Winejok	Winejok	SS	300000	Africa/Juba
Yangshuo	Yangshuo	CN	300000	Asia/Shanghai
Linqu	Linqu	CN	299646	Asia/Shanghai
Uruapan	Uruapan	MX	299523	America/Mexico_City
Pātan	Patan	NP	299283	Asia/Kathmandu
Fergana	Fergana	UZ	299200	Asia/Tashkent
Bahía Blanca	Bahia Blanca	AR	299101	America/Argentina/Buenos_Aires
Santol	Santol	PH	298976	Asia/Manila
Kaolack	Kaolack	SN	298904	Africa/Dakar
Jember	Jember	ID	298585	Asia/Jakarta
Aomori	Aomori	JP	298394	Asia/Tokyo
Bārāsat	Barasat	IN	298127	Asia/Kolkata
Mulugu	Mulugu	IN	297671	Asia/Kolkata
Foz do Iguaçu	Foz do Iguacu	BR	297352	America/Sao_Paulo
Bihār Sharīf	Bihar Sharif	IN	297268	Asia/Kolkata
Tegal	Tegal	ID	297173	Asia/Jakarta
Grozny	Grozny	RU	297137	Europe/Moscow
Boma	Boma	CD	297009	Africa/Kinshasa
Bāli	Bali	IN	296973	Asia/Kolkata
Pu'er	Pu'er	CN	296565	Asia/Shanghai
Rāmpur	Rampur	IN	296418	Asia/Kolkata
Darbhanga	Darbhanga	IN	296039	Asia/Kolkata
Panipat	Panipat	IN	295970	Asia/Kolkata
Białystok	Bialystok	PL	295683	Europe/Warsaw
Mwene	Mwene	CD	295683	Africa/Lubumbashi
São José	Sao Jose	BR	295658	America/Sao_Paulo
Rufisque	Rufisque	SN	295459	Africa/Dakar
Murmansk	Murmansk	RU	295374	Europe/Moscow
Tirupati	Tirupati	IN	295323	Asia/Kolkata
Southend-on-Sea	Southend-on-Sea	GB	295310	Europe/London
Petrópolis	Petropolis	BR	294926	America/Sao_Paulo
Guarujá	Guaruja	BR	294871	America/Sao_Paulo
Itajaí	Itajai	BR	294850	America/Sao_Paulo
Lincoln	Lincoln	US	294757	America/Chicago
Phu Quoc	Phu Quoc	VN	294419	Asia/Ho_Chi_Minh
Baiyin	Baiyin	CN	294400	Asia/Shanghai
Fukushima	Fukushima	JP	294237	Asia/Tokyo
Bergen	Bergen	NO	294029	Europe/Oslo
Greater Noida	Greater Noida	IN	293908	Asia/Kolkata
Noida	Noida	IN	293908	Asia/Kolkata
Tambov	Tambov	RU	293661	Europe/Moscow
Vigo	Vigo	ES	293642	Europe/Madrid
Aizawl	Aizawl	IN	293416	Asia/Kolkata
Banjarbaru	Banjarbaru	ID	293332	Asia/Makassar
Thanh Xuân	Thanh Xuan	VN	293292	Asia/Bangkok
Al Hufūf	Al Hufuf	SA	293179	Asia/Riyadh
Cholula	Cholula	MX	292881	America/Mexico_City
Gandhinagar	Gandhinagar	IN	292797	Asia/Kolkata
Semey	Semey	KZ	292780	Asia/Almaty
Cầu Giấy	Cau Giay	VN	292536	Asia/Bangkok
Dindigul	Dindigul	IN	292512	Asia/Kolkata
Ponta Grossa	Ponta Grossa	BR	292177	America/Sao_Paulo
Gaozhou	Gaozhou	CN	292164	Asia/Shanghai
Kamoke	Kamoke	PK	292023	Asia/Karachi
Limeira	Limeira	BR	291869	America/Sao_Paulo
Thanjavur	Thanjavur	IN	291067	Asia/Kolkata
Kariega	Kariega	ZA	291052	Africa/Johannesburg
Adıyaman	Adiyaman	TR	290883	Europe/Istanbul
Al Mubarraz	Al Mubarraz	SA	290802	Asia/Riyadh
Resistencia	Resistencia	AR	290793	America/Argentina/Cordoba
Atyrau	Atyrau	KZ	290700	Asia/Atyrau
Morioka	Morioka	JP	290700	Asia/Tokyo
Sector 2	Sector 2	RO	290507	Europe/Bucharest
Xiuying	Xiuying	CN	290000	Asia/Shanghai
San Cristóbal	San Cristobal	VE	289852	America/Caracas
Cileungsir	Cileungsir	ID	289833	Asia/Jakarta
Karīmnagar	Karimnagar	IN	289821	Asia/Kolkata
Victoria	Victoria	CA	289625	America/Vancouver
Anchorage	Anchorage	US	289600	America/Anchorage
Dewas	Dewas	IN	289550	Asia/Kolkata
Batna	Batna	DZ	289504	Africa/Algiers
Kaunas	Kaunas	LT	289380	Europe/Vilnius
Sonīpat	Sonipat	IN	289333	Asia/Kolkata
Machala	Machala	EC	289141	America/Guayaquil
Wiesbaden	Wiesbaden	DE	288850	Europe/Berlin
Meads	Meads	US	288649	America/New_York
Kabwe	Kabwe	ZM	288598	Africa/Lusaka
Sinŭiju	Sinuiju	KP	288112	Asia/Pyongyang
Meguro	Meguro	JP	288088	Asia/Tokyo
Sector 4	Sector 4	RO	287828	Europe/Bucharest
Sumida	Sumida	JP	287766	Asia/Tokyo
Ibaraki	Ibaraki	JP	287730	Asia/Tokyo
Bắc Ninh	Bac Ninh	VN	287658	Asia/Bangkok
Ichalkaranji	Ichalkaranji	IN	287353	Asia/Kolkata
Marienthal	Marienthal	DE	287101	Europe/Berlin
Phú Mỹ	Phu My	VN	287055	Asia/Ho_Chi_Minh
Ceilândia	Ceilandia	BR	287023	America/Sao_Paulo
Katowice	Katowice	PL	286960	Europe/Warsaw
Adapazarı	Adapazari	TR	286787	Europe/Istanbul
Cluj-Napoca	Cluj-Napoca	RO	286598	Europe/Bucharest
Gunpo	Gunpo	KR	286485	Asia/Seoul
Songea	Songea	TZ	286285	Africa/Dar_es_Salaam
Butembo	Butembo	CD	286242	Africa/Lubumbashi
Tacna	Tacna	PE	286240	America/Lima
Tin Shui Wai	Tin Shui Wai	HK	286232	Asia/Hong_Kong
Long Xuyên	Long Xuyen	VN	286140	Asia/Ho_Chi_Minh
Savar	Savar	BD	286008	Asia/Dhaka
Bathinda	Bathinda	IN	285788	Asia/Kolkata
Henderson	Henderson	US	285667	America/Los_Angeles
Jālna	Jalna	IN	285577	Asia/Kolkata
Sekondi	Sekondi	GH	285506	Africa/Accra
São Gonçalo	Sao Goncalo	BR	285439	America/Sao_Paulo
Kyengera	Kyengera	UG	285400	Africa/Kampala
Greensboro	Greensboro	US	285342	America/New_York
Haifa	Haifa	IL	285316	Asia/Jerusalem
Århus	Arhus	DK	285273	Europe/Copenhagen
Dengzhou	Dengzhou	CN	285032	Asia/Shanghai
Artux	Artux	CN	285000	Asia/Urumqi
Chuncheon	Chuncheon	KR	284855	Asia/Seoul
Alto Barinas	Alto Barinas	VE	284289	America/Caracas
Mbour	Mbour	SN	284189	Africa/Dakar
Brighton	Brighton	GB	283870	Europe/London
Karlsruhe	Karlsruhe	DE	283799	Europe/Berlin
Port Moresby	Port Moresby	PG	283733	Pacific/Port_Moresby
Minya	Minya	EG	283605	Africa/Cairo
Plano	Plano	US	283558	America/Chicago
Marabá	Maraba	BR	283542	America/Belem
Ichihara	Ichihara	JP	283531	Asia/Tokyo
Qibao	Qibao	CN	283352	Asia/Shanghai
Kirāri Sulemānnagar	Kirari Sulemannagar	IN	283211	Asia/Kolkata
Cainta	Cainta	PH	283172	Asia/Manila
Satna	Satna	IN	282977	Asia/Kolkata
Geelong	Geelong	AU	282809	Australia/Melbourne
Chernihiv	Chernihiv	UA	282747	Europe/Kyiv
Xinyuan	Xinyuan	CN	282718	Asia/Urumqi
Chapecó	Chapeco	BR	282648	America/Sao_Paulo
Ba Vì	Ba Vi	VN	282600	Asia/Bangkok
Valparaíso	Valparaiso	CL	282448	America/Santiago
Ica	Ica	PE	282407	America/Lima
Purnia	Purnia	IN	282248	Asia/Kolkata
Newark	Newark	US	281944	America/New_York
Itagüí	Itaguei	CO	281853	America/Bogota
Nicolás Romero	Nicolas Romero	MX	281799	America/Mexico_City
Gebze	Gebze	TR	281436	Europe/Istanbul
Lichinga	Lichinga	MZ	281341	Africa/Maputo
Narsingdi	Narsingdi	BD	281080	Asia/Dhaka
Zeytinburnu	Zeytinburnu	TR	280896	Europe/Istanbul
Ostrava	Ostrava	CZ	280853	Europe/Prague
Sfax	Sfax	TN	280566	Africa/Tunis
Zumpango	Zumpango	MX	280455	America/Mexico_City
Merkezefendi	Merkezefendi	TR	280341	Europe/Istanbul
Madison	Madison	US	280305	America/Chicago
Bukhara	Bukhara	UZ	280187	Asia/Samarkand
Wollongong	Wollongong	AU	280153	Australia/Sydney
Volta Redonda	Volta Redonda	BR	279971	America/Sao_Paulo
St. Louis	St. Louis	US	279695	America/Chicago
Poltava	Poltava	UA	279593	Europe/Kyiv
Sumaré	Sumare	BR	279545	America/Sao_Paulo
Efon-Alaaye	Efon-Alaaye	NG	279319	Africa/Lagos
Binjai	Binjai	ID	279302	Asia/Jakarta
Pematangsiantar	Pematangsiantar	ID	279198	Asia/Jakarta
Petrozavodsk	Petrozavodsk	RU	279190	Europe/Moscow
Enshi	Enshi	CN	279185	Asia/Shanghai
Taganrog	Taganrog	RU	279056	Europe/Moscow
Santa Teresa del Tuy	Santa Teresa del Tuy	VE	278890	America/Caracas
Quảng Ngãi	Quang Ngai	VN	278496	Asia/Ho_Chi_Minh
Qarshi	Qarshi	UZ	278300	Asia/Samarkand
Tanghe	Tanghe	CN	278055	Asia/Shanghai
Coacalco	Coacalco	MX	277959	America/Mexico_City
Sincelejo	Sincelejo	CO	277773	America/Bogota
Khomeynī Shahr	Khomeyni Shahr	IR	277334	Asia/Tehran
Kostroma	Kostroma	RU	277280	Europe/Moscow
Imphal	Imphal	IN	277196	Asia/Kolkata
Gagnoa	Gagnoa	CI	277044	Africa/Abidjan
Bedok New Town	Bedok New Town	SG	276990	Asia/Singapore
Ulu Bedok	Ulu Bedok	SG	276990	Asia/Singapore
Owo	Owo	NG	276574	Africa/Lagos
Suncheon	Suncheon	KR	276375	Asia/Seoul
Fangchenggang	Fangchenggang	CN	276315	Asia/Shanghai
Komsomolsk-on-Amur	Komsomolsk-on-Amur	RU	275908	Asia/Vladivostok
Abbottabad	Abbottabad	PK	275890	Asia/Karachi
Kaili	Kaili	CN	275745	Asia/Shanghai
Hakodate	Hakodate	JP	275730	Asia/Tokyo
Yamoussoukro	Yamoussoukro	CI	275686	Africa/Abidjan
Bab Ezzouar	Bab Ezzouar	DZ	275630	Africa/Algiers
Strasbourg	Strasbourg	FR	274845	Europe/Paris
Saugor	Saugor	IN	274556	Asia/Kolkata
Neihu	Neihu	TW	274538	Asia/Taipei
Tsu	Tsu	JP	274537	Asia/Tokyo
Xingning	Xingning	CN	274499	Asia/Shanghai
Linxia Chengguanzhen	Linxia Chengguanzhen	CN	274466	Asia/Shanghai
Khmelnytskyi	Khmelnytskyi	UA	274452	Europe/Kyiv
Kushinagar	Kushinagar	IN	274403	Asia/Kolkata
Saddiqabad	Saddiqabad	PK	274210	Asia/Karachi
Loja	Loja	EC	274112	America/Guayaquil
Tai Po	Tai Po	HK	274100	Asia/Hong_Kong
Isfara	Isfara	TJ	274000	Asia/Dushanbe
Luena	Luena	AO	273675	Africa/Luanda
Taboão da Serra	Taboao da Serra	BR	273542	America/Sao_Paulo
Istaravshan	Istaravshan	TJ	273500	Asia/Dushanbe
Turpan	Turpan	CN	273385	Asia/Urumqi
Rourkela	Rourkela	IN	273317	Asia/Kolkata
Yao	Yao	JP	273213	Asia/Tokyo
Banī Suwayf	Bani Suwayf	EG	273151	Africa/Cairo
Imperatriz	Imperatriz	BR	273110	America/Fortaleza
Nagar Naluākot	Nagar Naluakot	BD	273000	Asia/Dhaka
Guantánamo	Guantanamo	CU	272801	America/Havana
Baguio	Baguio	PH	272714	Asia/Manila
Ar Rayyān	Ar Rayyan	QA	272465	Asia/Qatar
Polokwane	Polokwane	ZA	272461	Africa/Johannesburg
Ljubljana	Ljubljana	SI	272220	Europe/Ljubljana
Jalālābād	Jalalabad	AF	271900	Asia/Kabul
Deir ez-Zor	Deir ez-Zor	SY	271800	Asia/Damascus
Gijón	Gijon	ES	271780	Europe/Madrid
Santa Maria	Santa Maria	BR	271735	America/Sao_Paulo
Parnamirim	Parnamirim	BR	271713	America/Fortaleza
Hafar Al-Batin	Hafar Al-Batin	SA	271642	Asia/Riyadh
Kakogawachō-honmachi	Kakogawacho-honmachi	JP	271634	Asia/Tokyo
Sector 5	Sector 5	RO	271575	Europe/Bucharest
Quận Sáu	Quan Sau	VN	271050	Asia/Ho_Chi_Minh
Capao Redondo	Capao Redondo	BR	270767	America/Sao_Paulo
Mỹ Tho	My Tho	VN	270700	Asia/Ho_Chi_Minh
Mito	Mito	JP	270685	Asia/Tokyo
Derby	Derby	GB	270468	Europe/London
Dessie	Dessie	ET	270400	Africa/Addis_Ababa
Hạ Long	Ha Long	VN	270054	Asia/Bangkok
Gelsenkirchen	Gelsenkirchen	DE	270028	Europe/Berlin
Longling County	Longling County	CN	270000	Asia/Shanghai
Cherkasy	Cherkasy	UA	269836	Europe/Kyiv
Malolos	Malolos	PH	269809	Asia/Manila
Southampton	Southampton	GB	269781	Europe/London
Kapar	Kapar	MY	269627	Asia/Kuala_Lumpur
Çorum	Corum	TR	269595	Europe/Istanbul
Ghulja	Ghulja	CN	269158	Asia/Urumqi
Eimsbüttel	Eimsbuettel	DE	269118	Europe/Berlin
Merlo	Merlo	AR	268961	America/Argentina/Buenos_Aires
Yeosu	Yeosu	KR	268823	Asia/Seoul
Durg	Durg	IN	268806	Asia/Kolkata
Fuling	Fuling	CN	268658	Asia/Shanghai
Mokpo	Mokpo	KR	268402	Asia/Seoul
Birgañj	Birganj	NP	268273	Asia/Kathmandu
Yoshkar-Ola	Yoshkar-Ola	RU	268272	Europe/Moscow
Russeifa	Russeifa	JO	268237	Asia/Amman
Banda Aceh	Banda Aceh	ID	267962	Asia/Jakarta
Shibīn al Kawm	Shibin al Kawm	EG	267945	Africa/Cairo
Mirpur Khas	Mirpur Khas	PK	267833	Asia/Karachi
Sengkang New Town	Sengkang New Town	SG	267600	Asia/Singapore
Floridablanca	Floridablanca	CO	267591	America/Bogota
Tokushima	Tokushima	JP	267345	Asia/Tokyo
Sterlitamak	Sterlitamak	RU	267231	Asia/Yekaterinburg
Anantapur	Anantapur	IN	267161	Asia/Kolkata
Gyeongsan-si	Gyeongsan-si	KR	266951	Asia/Seoul
Sohag	Sohag	EG	266944	Africa/Cairo
Nagaoka	Nagaoka	JP	266936	Asia/Tokyo
Sapopemba	Sapopemba	BR	266715	America/Sao_Paulo
Saint-Marc	Saint-Marc	HT	266642	America/Port-au-Prince
Governador Valadares	Governador Valadares	BR	266561	America/Sao_Paulo
Eixample	Eixample	ES	266477	Europe/Madrid
São Carlos	Sao Carlos	BR	266427	America/Sao_Paulo
Bagerhat	Bagerhat	BD	266388	Asia/Dhaka
Az-Zuhūr	Az-Zuhur	EG	266381	Africa/Cairo
Hà Tĩnh	Ha Tinh	VN	266321	Asia/Bangkok
Saskatoon	Saskatoon	CA	266141	America/Regina
Chengzhong	Chengzhong	CN	265886	Asia/Shanghai
Djelfa	Djelfa	DZ	265833	Africa/Algiers
Chula Vista	Chula Vista	US	265757	America/Los_Angeles
Shimonoseki	Shimonoseki	JP	265684	Asia/Tokyo
Toledo	Toledo	US	265638	America/New_York
Ulanhot	Ulanhot	CN	265600	Asia/Shanghai
Kibaha	Kibaha	TZ	265360	Africa/Dar_es_Salaam
Hulan Ergi	Hulan Ergi	CN	265344	Asia/Shanghai
Tampines Estate	Tampines Estate	SG	265340	Asia/Singapore
Bordeaux	Bordeaux	FR	265328	Europe/Paris
Aachen	Aachen	DE	265208	Europe/Berlin
Gent	Gent	BE	265086	Europe/Brussels
Gravataí	Gravatai	BR	265074	America/Sao_Paulo
Cité Soleil	Cite Soleil	HT	265072	America/Port-au-Prince
Mantampay	Mantampay	PH	265032	Asia/Manila
Ratlām	Ratlam	IN	264914	Asia/Kolkata
Nogales	Nogales	MX	264782	America/Hermosillo
El Daein	El Daein	SD	264734	Africa/Khartoum
Dezful	Dezful	IR	264709	Asia/Tehran
Donghai	Donghai	CN	264709	Asia/Shanghai
Gunsan	Gunsan	KR	264656	Asia/Seoul
Mossoró	Mossoro	BR	264577	America/Fortaleza
Macaé	Macae	BR	264439	America/Sao_Paulo
Rānipet	Ranipet	IN	264330	Asia/Kolkata
Brāhmanbāria	Brahmanbaria	BD	264326	Asia/Dhaka
Porto-Novo	Porto-Novo	BJ	264320	Africa/Porto-Novo
Chernivtsi	Chernivtsi	UA	264298	Europe/Kyiv
Jersey City	Jersey City	US	264290	America/New_York
Manta	Manta	EC	264281	America/Guayaquil
Reno	Reno	US	264165	America/Los_Angeles
Bégoua	Begoua	CF	264067	Africa/Bangui
Riobamba	Riobamba	EC	264048	America/Guayaquil
Sivas	Sivas	TR	264022	Europe/Istanbul
Dourados	Dourados	BR	264017	America/Campo_Grande
Rondonópolis	Rondonopolis	BR	263708	America/Cuiaba
Wolverhampton	Wolverhampton	GB	263700	Europe/London
Huayin	Huayin	CN	263352	Asia/Shanghai
Pasarkemis	Pasarkemis	ID	263289	Asia/Jakarta
Fanling	Fanling	HK	263200	Asia/Hong_Kong
Chiayi City	Chiayi City	TW	263188	Asia/Taipei
Dongtai	Dongtai	CN	262873	Asia/Shanghai
Fuchū	Fuchu	JP	262790	Asia/Tokyo
Jurong Town	Jurong Town	SG	262730	Asia/Singapore
Marāgheh	Maragheh	IR	262604	Asia/Tehran
Marāgheh	Maragheh	IR	262604	Asia/Tehran
Quilmes	Quilmes	AR	262379	America/Argentina/Buenos_Aires
Fukui-shi	Fukui-shi	JP	262328	Asia/Tokyo
Lal Bahadur Nagar	Lal Bahadur Nagar	IN	261987	Asia/Kolkata
Mönchengladbach	Moenchengladbach	DE	261742	Europe/Berlin
Bagong Silang	Bagong Silang	PH	261729	Asia/Manila
Zhytomyr	Zhytomyr	UA	261624	Europe/Kyiv
Karamay	Karamay	CN	261445	Asia/Urumqi
Sacomã	Sacoma	BR	261436	America/Sao_Paulo
Arrah	Arrah	IN	261430	Asia/Kolkata
Tongliao	Tongliao	CN	261110	Asia/Shanghai
Bariadi	Bariadi	TZ	260927	Africa/Dar_es_Salaam
Antsirabe	Antsirabe	MG	260907	Indian/Antananarivo
Chandler	Chandler	US	260828	America/Phoenix
Yei	Yei	SS	260720	Africa/Juba
Chilanzar	Chilanzar	UZ	260700	Asia/Tashkent
Tampere	Tampere	FI	260646	Europe/Helsinki
Mahajanga	Mahajanga	MG	260556	Indian/Antananarivo
Minato City	Minato City	JP	260486	Asia/Tokyo
Fort Wayne	Fort Wayne	US	260326	America/Indiana/Indianapolis
Plymouth	Plymouth	GB	260203	Europe/London
Nianbo	Nianbo	CN	260184	Asia/Shanghai
Baranagar	Baranagar	IN	260072	Asia/Kolkata
Skardu	Skardu	PK	260000	Asia/Karachi
Marawi City	Marawi City	PH	259993	Asia/Manila
Tampines New Town	Tampines New Town	SG	259900	Asia/Singapore
Embu das Artes	Embu das Artes	BR	259788	America/Sao_Paulo
Qo‘qon	Qo'qon	UZ	259700	Asia/Tashkent
Jardim Sao Luis	Jardim Sao Luis	BR	259377	America/Sao_Paulo
Tacloban	Tacloban	PH	259353	Asia/Manila
São José de Ribamar	Sao Jose de Ribamar	BR	259164	America/Fortaleza
Changle	Changle	CN	259161	Asia/Shanghai
Gajuwaka	Gajuwaka	IN	258944	Asia/Kolkata
Jining	Jining	CN	258757	Asia/Shanghai
North Shore	North Shore	NZ	258697	Pacific/Auckland
Rishon LeTsiyyon	Rishon LeTsiyyon	IL	258535	Asia/Jerusalem
Hiratsuka	Hiratsuka	JP	258422	Asia/Tokyo
Stoke-on-Trent	Stoke-on-Trent	GB	258366	Europe/London
Buffalo	Buffalo	US	258071	America/New_York
Verona	Verona	IT	258031	Europe/Rome
Ðà Lạt	Da Lat	VN	258014	Asia/Ho_Chi_Minh
San Salvador de Jujuy	San Salvador de Jujuy	AR	257970	America/Argentina/Jujuy
Durham	Durham	US	257636	America/New_York
Shiqi	Shiqi	CN	257472	Asia/Shanghai
Etāwah	Etawah	IN	257448	Asia/Kolkata
Gasteiz / Vitoria	Gasteiz / Vitoria	ES	257407	Europe/Madrid
Rugao	Rugao	CN	257400	Asia/Shanghai
Gómez Palacio	Gomez Palacio	MX	257352	America/Monterrey
St. Petersburg	St. Petersburg	US	257083	America/New_York
L'Hospitalet de Llobregat	L'Hospitalet de Llobregat	ES	257038	Europe/Madrid
Gdynia	Gdynia	PL	257000	Europe/Warsaw
Cilacap	Cilacap	ID	256996	Asia/Jakarta
Irvine	Irvine	US	256927	America/Los_Angeles
Kitchener	Kitchener	CA	256885	America/Toronto
Suicheng	Suicheng	CN	256665	Asia/Shanghai
Nada	Nada	CN	256652	Asia/Shanghai
Latina	Latina	ES	256644	Europe/Madrid
Los Mochis	Los Mochis	MX	256613	America/Mazatlan
Bratsk	Bratsk	RU	256600	Asia/Irkutsk
Pachuca de Soto	Pachuca de Soto	MX	256584	America/Mexico_City
Chingola	Chingola	ZM	256560	Africa/Lusaka
Sumy	Sumy	UA	256474	Europe/Kyiv
Milton Keynes	Milton Keynes	GB	256385	Europe/London
Indaiatuba	Indaiatuba	BR	256223	America/Sao_Paulo
Laredo	Laredo	US	256153	America/Chicago
Juazeiro	Juazeiro	BR	256122	America/Bahia
Vila Flor	Vila Flor	AO	256066	Africa/Luanda
Germiston	Germiston	ZA	255863	Africa/Johannesburg
Ñuñoa	Nunoa	CL	255823	America/Santiago
Parakou	Parakou	BJ	255478	Africa/Porto-Novo
Isiro	Isiro	CD	255409	Africa/Lubumbashi
Sari	Sari	IR	255396	Asia/Tehran
Tarakan	Tarakan	ID	255310	Asia/Makassar
Kenema	Kenema	SL	255110	Africa/Freetown
Oaxaca	Oaxaca	MX	255029	America/Mexico_City
Al Madīnah	Al Madinah	IQ	255000	Asia/Baghdad
Mossamedes	Mossamedes	AO	255000	Africa/Luanda
Hobart	Hobart	AU	254930	Australia/Hobart
Ikot Ekpene	Ikot Ekpene	NG	254806	Africa/Lagos
Woodlands	Woodlands	SG	254440	Asia/Singapore
Hanam	Hanam	KR	254415	Asia/Seoul
Mueang Nonthaburi	Mueang Nonthaburi	TH	254375	Asia/Bangkok
Muridke	Muridke	PK	254291	Asia/Karachi
Saint-Louis	Saint-Louis	SN	254171	Africa/Dakar
Batu Caves	Batu Caves	MY	254083	Asia/Kuala_Lumpur
Novo Hamburgo	Novo Hamburgo	BR	253841	America/Sao_Paulo
Jurong West	Jurong West	SG	253840	Asia/Singapore
Singkawang	Singkawang	ID	253812	Asia/Pontianak
Cox’s Bāzār	Cox's Bazar	BD	253788	Asia/Dhaka
Carabanchel	Carabanchel	ES	253678	Europe/Madrid
Cotia	Cotia	BR	253608	America/Sao_Paulo
Petaẖ Tiqva	Petah Tiqva	IL	253529	Asia/Jerusalem
Marg‘ilon	Marg'ilon	UZ	253500	Asia/Tashkent
Ambarnath	Ambarnath	IN	253475	Asia/Kolkata
Godomè	Godome	BJ	253262	Africa/Porto-Novo
Naihāti	Naihati	IN	253221	Asia/Kolkata
Braşov	Brasov	RO	253200	Europe/Bucharest
Xuân Lộc	Xuan Loc	VN	253140	Asia/Ho_Chi_Minh
Richards Bay	Richards Bay	ZA	252968	Africa/Johannesburg
Qina	Qina	EG	252883	Africa/Cairo
Bharatpur	Bharatpur	IN	252838	Asia/Kolkata
Vantaa	Vantaa	FI	252724	Europe/Helsinki
Porto	Porto	PT	252687	Europe/Lisbon
Kiel	Kiel	DE	252668	Europe/Berlin
El Fasher	El Fasher	SD	252609	Africa/Khartoum
Thiès Nones	Thies Nones	SN	252320	Africa/Dakar
Suihua	Suihua	CN	252245	Asia/Shanghai
Los Teques	Los Teques	VE	252242	America/Caracas
Santiago del Estero	Santiago del Estero	AR	252192	America/Argentina/Cordoba
Sétif	Setif	DZ	252127	Africa/Algiers
Begusarai	Begusarai	IN	252008	Asia/Kolkata
Borūjerd	Borujerd	IR	251958	Asia/Tehran
Qarchak	Qarchak	IR	251834	Asia/Tehran
Afyonkarahisar	Afyonkarahisar	TR	251799	Europe/Istanbul
İskenderun	Iskenderun	TR	251682	Europe/Istanbul
Santiago de Surco	Santiago de Surco	PE	251648	America/Lima
Maracanaú	Maracanau	BR	251613	America/Fortaleza
Ota	Ota	NG	251546	Africa/Lagos
Thika	Thika	KE	251407	Africa/Nairobi
San Fernando	San Fernando	PH	251248	Asia/Manila
Menongue	Menongue	AO	251178	Africa/Luanda
Ḩayy Khildā	Hayy Khilda	JO	251000	Asia/Amman
Jacareí	Jacarei	BR	250952	America/Sao_Paulo
Jimma	Jimma	ET	250900	Africa/Addis_Ababa
Timişoara	Timisoara	RO	250849	Europe/Bucharest
Santa Clara	Santa Clara	CU	250512	America/Havana
Iwo	Iwo	NG	250443	Africa/Lagos
A Coruña	A Coruna	ES	250438	Europe/Madrid
Libertad	Libertad	PH	250353	Asia/Manila
Altona	Altona	DE	250192	Europe/Berlin
La Paz	La Paz	MX	250141	America/Mazatlan
Colonia del Valle	Colonia del Valle	MX	250000	America/Mexico_City
Kelar	Kelar	IQ	250000	Asia/Baghdad
Niš	Nis	RS	250000	Europe/Belgrade
Singa	Singa	SD	250000	Africa/Khartoum
San Bernardo	San Bernardo	CL	249858	America/Santiago
Sōka	Soka	JP	249645	Asia/Tokyo
Mzuzu	Mzuzu	MW	249564	Africa/Blantyre
Navotas	Navotas	PH	249463	Asia/Manila
Tiruvottiyūr	Tiruvottiyur	IN	249446	Asia/Kolkata
Cidade Ademar	Cidade Ademar	BR	249218	America/Sao_Paulo
Burnaby	Burnaby	CA	249125	America/Vancouver
Lubbock	Lubbock	US	249042	America/Chicago
Palermo	Palermo	AR	249016	America/Argentina/Buenos_Aires
Thị Trấn Đông Triều	Thi Tran GJong Trieu	VN	248896	Asia/Bangkok
Thuqbah	Thuqbah	SA	248888	Asia/Riyadh
Yamagata	Yamagata	JP	248772	Asia/Tokyo
Tehuacán	Tehuacan	MX	248716	America/Mexico_City
Guarenas	Guarenas	VE	248588	America/Caracas
Laferrere	Laferrere	AR	248362	America/Argentina/Buenos_Aires
Montpellier	Montpellier	FR	248252	Europe/Paris
Jimeta	Jimeta	NG	248148	Africa/Lagos
Częstochowa	Czestochowa	PL	248125	Europe/Warsaw
Gāndhīdhām	Gandhidham	IN	247992	Asia/Kolkata
Beibei	Beibei	CN	247702	Asia/Shanghai
Insein	Insein	MM	247675	Asia/Yangon
City of Westminster	City of Westminster	GB	247614	Europe/London
Gilbert	Gilbert	US	247542	America/Phoenix
Chemnitz	Chemnitz	DE	247220	Europe/Berlin
Paraná	Parana	AR	247139	America/Argentina/Cordoba
San Miguel	San Miguel	SV	247126	America/El_Salvador
Shijie	Shijie	CN	246960	Asia/Shanghai
Chitato	Chitato	AO	246880	Africa/Luanda
Orsk	Orsk	RU	246836	Asia/Yekaterinburg
Vanderbijlpark	Vanderbijlpark	ZA	246754	Africa/Johannesburg
Coro	Coro	VE	246657	America/Caracas
Americana	Americana	BR	246655	America/Sao_Paulo
Hami	Hami	CN	246373	Asia/Urumqi
Gaborone	Gaborone	BW	246325	Africa/Gaborone
Al ‘Āshir min Ramaḑān	Al 'Ashir min Ramadan	EG	246148	Africa/Cairo
Mau	Mau	IN	246050	Asia/Kolkata
Puerto Montt	Puerto Montt	CL	245902	America/Santiago
Northampton	Northampton	GB	245899	Europe/London
Juliaca	Juliaca	PE	245675	America/Lima
Fuji	Fuji	JP	245392	Asia/Tokyo
Gyeongju	Gyeongju	KR	245365	Asia/Seoul
Águas Lindas de Goiás	Aguas Lindas de Goias	BR	245352	America/Sao_Paulo
Sinfra	Sinfra	CI	245226	Africa/Abidjan
Syktyvkar	Syktyvkar	RU	245083	Europe/Moscow
Gorgān	Gorgan	IR	244937	Asia/Tehran
Nizhnevartovsk	Nizhnevartovsk	RU	244937	Asia/Yekaterinburg
Shahkot	Shahkot	PK	244868	Asia/Karachi
Groningen	Groningen	NL	244807	Europe/Amsterdam
Biratnagar	Biratnagar	NP	244750	Asia/Kathmandu
Braunschweig	Braunschweig	DE	244715	Europe/Berlin
Valera	Valera	VE	244708	America/Caracas
Sīkar	Sikar	IN	244497	Asia/Kolkata
Bago	Bago	MM	244376	Asia/Yangon
Magdeburg	Magdeburg	DE	244329	Europe/Berlin
Baruta	Baruta	VE	244216	America/Caracas
Puente de Vallecas	Puente de Vallecas	ES	244151	Europe/Madrid
Magé	Mage	BR	244142	America/Sao_Paulo
Trabzon	Trabzon	TR	244083	Europe/Istanbul
Tri-Cities	Tri-Cities	US	244036	America/Los_Angeles
Jessore	Jessore	BD	243987	Asia/Dhaka
Manisa	Manisa	TR	243971	Europe/Istanbul
Arapiraca	Arapiraca	BR	243906	America/Maceio
Rivne	Rivne	UA	243873	Europe/Kyiv
Padangsidempuan	Padangsidempuan	ID	243843	Asia/Jakarta
Probolinggo	Probolinggo	ID	243746	Asia/Jakarta
Sabzevar	Sabzevar	IR	243700	Asia/Tehran
Musaffah	Musaffah	AE	243341	Asia/Dubai
Brasilandia	Brasilandia	BR	243273	America/Sao_Paulo
Sasebo	Sasebo	JP	243223	Asia/Tokyo
Angarsk	Angarsk	RU	243158	Asia/Irkutsk
Mar’ino	Mar'ino	RU	243000	Europe/Moscow
Ramagundam	Ramagundam	IN	242979	Asia/Kolkata
Hāpur	Hapur	IN	242920	Asia/Kolkata
Chigasaki	Chigasaki	JP	242798	Asia/Tokyo
Toli-Toli	Toli-Toli	ID	242783	Asia/Makassar
Chōfu	Chofu	JP	242614	Asia/Tokyo
Berbera	Berbera	SO	242344	Africa/Mogadishu
Jiyuan	Jiyuan	CN	242143	Asia/Shanghai
Yamato	Yamato	JP	242065	Asia/Tokyo
Man	Man	CI	241969	Africa/Abidjan
Bahawalnagar	Bahawalnagar	PK	241873	Asia/Karachi
Bahawalnagar	Bahawalnagar	PK	241873	Asia/Karachi
Novorossiysk	Novorossiysk	RU	241856	Europe/Moscow
Tsukuba	Tsukuba	JP	241656	Asia/Tokyo
Arica	Arica	CL	241653	America/Santiago
Peñalolén	Penalolen	CL	241599	America/Santiago
Rio Verde	Rio Verde	BR	241494	America/Sao_Paulo
Laohekou	Laohekou	CN	241431	Asia/Shanghai
Hải Dương	Hai Duong	VN	241373	Asia/Bangkok
Winston-Salem	Winston-Salem	US	241218	America/New_York
Farrukhābād	Farrukhabad	IN	241152	Asia/Kolkata
Matsumoto	Matsumoto	JP	241145	Asia/Tokyo
Alappuzha	Alappuzha	IN	240991	Asia/Kolkata
Itapevi	Itapevi	BR	240961	America/Sao_Paulo
Katihar	Katihar	IN	240838	Asia/Kolkata
Buenaventura	Buenaventura	CO	240387	America/Bogota
Ciudad Ojeda	Ciudad Ojeda	VE	240283	America/Caracas
Gucun	Gucun	CN	240185	Asia/Shanghai
Glendale	Glendale	US	240126	America/Phoenix
Xiulin	Xiulin	CN	240082	Asia/Shanghai
Navegantes	Navegantes	AO	240075	Africa/Luanda
Bunkyo	Bunkyo	JP	240069	Asia/Tokyo
Itaboraí	Itaborai	BR	240040	America/Sao_Paulo
Klang	Klang	MY	240016	Asia/Kuala_Lumpur
Almendares	Almendares	CU	240000	America/Havana
Golestān	Golestan	IR	240000	Asia/Tehran
Vyhurivshchyna-Troyeshchyna	Vyhurivshchyna-Troyeshchyna	UA	240000	Europe/Kyiv
Khimki	Khimki	RU	239967	Europe/Moscow
Horlivka	Horlivka	UA	239828	Europe/Kyiv
Nacala	Nacala	MZ	239808	Africa/Maputo
Obolon	Obolon	UA	239500	Europe/Kyiv
Xiantao	Xiantao	CN	239406	Asia/Shanghai
Nalchik	Nalchik	RU	239300	Europe/Moscow
Hachinohe	Hachinohe	JP	239046	Asia/Tokyo
Sete Lagoas	Sete Lagoas	BR	238909	America/Sao_Paulo
Osan	Osan	KR	238788	Asia/Seoul
Fuencarral	Fuencarral	ES	238765	Europe/Madrid
Lille	Lille	FR	238695	Europe/Paris
Neyagawa	Neyagawa	JP	238549	Asia/Tokyo
Ormoc	Ormoc	PH	238545	Asia/Manila
Cabo Frio	Cabo Frio	BR	238438	America/Sao_Paulo
Magdalena Contreras	Magdalena Contreras	MX	238431	America/Mexico_City
Nāgarpur	Nagarpur	BD	238422	Asia/Dhaka
Kasulu	Kasulu	TZ	238321	Africa/Dar_es_Salaam
Ivano-Frankivsk	Ivano-Frankivsk	UA	238196	Europe/Kyiv
Ngaoundéré	Ngaoundere	CM	238196	Africa/Douala
Balıkesir	Balikesir	TR	238151	Europe/Istanbul
Temuco	Temuco	CL	238129	America/Santiago
Norfolk	Norfolk	US	238005	America/New_York
Krefeld	Krefeld	DE	237984	Europe/Berlin
Halle (Saale)	Halle (Saale)	DE	237865	Europe/Berlin
Sri Ganganagar	Sri Ganganagar	IN	237780	Asia/Kolkata
Marília	Marilia	BR	237627	America/Sao_Paulo
Amarapura	Amarapura	MM	237618	Asia/Yangon
Kilamba	Kilamba	AO	237528	Africa/Luanda
Āmol	Amol	IR	237528	Asia/Tehran
Freiburg	Freiburg	DE	237460	Europe/Berlin
Athlone	Athlone	ZA	237414	Africa/Johannesburg
Batangas	Batangas	PH	237370	Asia/Manila
Al Jubayl	Al Jubayl	SA	237274	Asia/Riyadh
Tŏkch’ŏn	Tokch'on	KP	237133	Asia/Pyongyang
Oldham	Oldham	GB	237110	Europe/London
Pathein	Pathein	MM	237089	Asia/Yangon
Hialeah	Hialeah	US	237069	America/New_York
Kunri	Kunri	PK	237063	Asia/Karachi
Sylhet	Sylhet	BD	237000	Asia/Dhaka
Paarl	Paarl	ZA	236910	Africa/Johannesburg
Garland	Garland	US	236897	America/Chicago
Podgorica	Podgorica	ME	236852	Europe/Podgorica
Scottsdale	Scottsdale	US	236839	America/Phoenix
Hortolândia	Hortolandia	BR	236641	America/Sao_Paulo
Irving	Irving	US	236607	America/Chicago
Centurion	Centurion	ZA	236580	Africa/Johannesburg
Qingzhou	Qingzhou	CN	236406	Asia/Shanghai
Pākdasht	Pakdasht	IR	236319	Asia/Tehran
Kajang	Kajang	MY	236240	Asia/Kuala_Lumpur
Campo Limpo	Campo Limpo	BR	236162	America/Sao_Paulo
Yuci	Yuci	CN	235929	Asia/Shanghai
Sant Martí	Sant Marti	ES	235719	Europe/Madrid
Eindhoven	Eindhoven	NL	235691	Europe/Amsterdam
Boise	Boise	US	235684	America/Boise
Rewa	Rewa	IN	235654	Asia/Kolkata
Yakutsk	Yakutsk	RU	235600	Asia/Yakutsk
Bole	Bole	CN	235585	Asia/Shanghai
Muzaffargarh	Muzaffargarh	PK	235541	Asia/Karachi
Chesapeake	Chesapeake	US	235429	America/New_York
Uluberiya	Uluberiya	IN	235345	Asia/Kolkata
Ipatinga	Ipatinga	BR	235311	America/Sao_Paulo
Dali	Dali	CN	235305	Asia/Shanghai
Najafābād	Najafabad	IR	235281	Asia/Tehran
Thành Phố Bà Rịa	Thanh Pho Ba Ria	VN	235192	Asia/Ho_Chi_Minh
Georgetown	Georgetown	GY	235017	America/Guyana
Xiangxiang	Xiangxiang	CN	235000	Asia/Shanghai
Kismayo	Kismayo	SO	234852	Africa/Mogadishu
North Las Vegas	North Las Vegas	US	234807	America/Los_Angeles
Elche	Elche	ES	234765	Europe/Madrid
Presidente Prudente	Presidente Prudente	BR	234706	America/Sao_Paulo
Sivakasi	Sivakasi	IN	234704	Asia/Kolkata
Kindu	Kindu	CD	234651	Africa/Lubumbashi
Digri	Digri	PK	234578	Asia/Karachi
Nizhnekamsk	Nizhnekamsk	RU	234297	Europe/Moscow
Karur	Karur	IN	234191	Asia/Kolkata
Lubuklinggau	Lubuklinggau	ID	234166	Asia/Jakarta
Craiova	Craiova	RO	234140	Europe/Bucharest
Rāichūr	Raichur	IN	234073	Asia/Kolkata
Pallāvaram	Pallavaram	IN	233984	Asia/Kolkata
Danlí	Danli	HN	233789	America/Tegucigalpa
Yongkang	Yongkang	TW	233730	Asia/Taipei
Bo	Bo	SL	233684	Africa/Freetown
Granada	Granada	ES	233532	Europe/Madrid
Ooty	Ooty	IN	233426	Asia/Kolkata
Saga	Saga	JP	233301	Asia/Tokyo
Magugpo Poblacion	Magugpo Poblacion	PH	233254	Asia/Manila
Dzerzhinsk	Dzerzhinsk	RU	233126	Europe/Moscow
Pemba	Pemba	MZ	232932	Africa/Maputo
Geoje	Geoje	KR	232921	Asia/Seoul
Teluk Intan	Teluk Intan	MY	232800	Asia/Kuala_Lumpur
Singida	Singida	TZ	232459	Africa/Dar_es_Salaam
Kigoma	Kigoma	TZ	232388	Africa/Dar_es_Salaam
Colombo	Colombo	BR	232212	America/Sao_Paulo
Fremont	Fremont	US	232206	America/Los_Angeles
Kampong Baharu Cheras Batu Sebelas	Kampong Baharu Cheras Batu Sebelas	MY	232100	Asia/Kuala_Lumpur
Viamão	Viamao	BR	231996	America/Sao_Paulo
Jiayuguan	Jiayuguan	CN	231853	Asia/Shanghai
Abadan	Abadan	IR	231476	Asia/Tehran
Taytay	Taytay	PH	231460	Asia/Manila
Phổ Yên	Pho Yen	VN	231363	Asia/Bangkok
Neuquén	Neuquen	AR	231198	America/Argentina/Salta
Divinópolis	Divinopolis	BR	231091	America/Sao_Paulo
Türkmenabat	Tuerkmenabat	TM	230861	Asia/Ashgabat
Shibuya	Shibuya	JP	230609	Asia/Tokyo
Sơn Tây	Son Tay	VN	230577	Asia/Bangkok
Ninh Hòa	Ninh Hoa	VN	230566	Asia/Ho_Chi_Minh
Pasir Mas	Pasir Mas	MY	230424	Asia/Kuala_Lumpur
Purwokerto	Purwokerto	ID	230235	Asia/Jakarta
José C. Paz	Jose C. Paz	AR	230208	America/Argentina/Buenos_Aires
Marka	Marka	SO	230100	Africa/Mogadishu
Pāli	Pali	IN	230075	Asia/Kolkata
Atani	Atani	NG	230000	Africa/Lagos
Mariupol	Mariupol	UA	230000	Europe/Kyiv
Ḩalwān	Halwan	EG	230000	Africa/Cairo
Huanren	Huanren	CN	229953	Asia/Shanghai
Changzheng	Changzheng	CN	229925	Asia/Shanghai
Kasukabe	Kasukabe	JP	229792	Asia/Tokyo
Paris 15 Vaugirard	Paris 15 Vaugirard	FR	229713	Europe/Paris
Windsor	Windsor	CA	229660	America/Toronto
Hosūr	Hosur	IN	229528	Asia/Kolkata
Spokane	Spokane	US	229447	America/Los_Angeles
Tripoli	Tripoli	LB	229398	Asia/Beirut
Longueuil	Longueuil	CA	229330	America/Toronto
Ordu	Ordu	TR	229214	Europe/Istanbul
San Fernando de Apure	San Fernando de Apure	VE	229197	America/Caracas
Croix-des-Bouquets	Croix-des-Bouquets	HT	229127	America/Port-au-Prince
Lucena	Lucena	PH	228758	Asia/Manila
Yishun New Town	Yishun New Town	SG	228730	Asia/Singapore
Vizianagaram	Vizianagaram	IN	228720	Asia/Kolkata
Jinchang	Jinchang	CN	228561	Asia/Shanghai
Phan Thiết	Phan Thiet	VN	228536	Asia/Ho_Chi_Minh
Şabyā	Sabya	SA	228375	Asia/Riyadh
Netanya	Netanya	IL	228204	Asia/Jerusalem
Ciudad Lineal	Ciudad Lineal	ES	228171	Europe/Madrid
Meycauayan	Meycauayan	PH	228023	Asia/Manila
Aliayabiagba	Aliayabiagba	NG	228000	Africa/Lagos
Bexley	Bexley	GB	228000	Europe/London
Nassau	Nassau	BS	227940	America/Nassau
San Lorenzo	San Lorenzo	PY	227876	America/Asuncion
Rennes	Rennes	FR	227830	Europe/Paris
Mohammedia	Mohammedia	MA	227799	Africa/Casablanca
Guatire	Guatire	VE	227666	America/Caracas
Tanjung Pinang	Tanjung Pinang	ID	227663	Asia/Jakarta
Hougang New Town	Hougang New Town	SG	227560	Asia/Singapore
Baton Rouge	Baton Rouge	US	227470	America/Chicago
Criciúma	Criciuma	BR	227438	America/Sao_Paulo
Sosnowiec	Sosnowiec	PL	227295	Europe/Warsaw
Diez de Octubre	Diez de Octubre	CU	227293	America/Havana
Turkistan	Turkistan	KZ	227098	Asia/Almaty
Klerksdorp	Klerksdorp	ZA	227039	Africa/Johannesburg
Upper West Side	Upper West Side	US	226989	America/New_York
Staryy Oskol	Staryy Oskol	RU	226977	Europe/Moscow
Ageo	Ageo	JP	226940	Asia/Tokyo
Gusau	Gusau	NG	226857	Africa/Lagos
Neue Neustadt	Neue Neustadt	DE	226851	Europe/Berlin
Kamyanske	Kamyanske	UA	226845	Europe/Kyiv
Ashdod	Ashdod	IL	226838	Asia/Jerusalem
Radom	Radom	PL	226794	Europe/Warsaw
Paya Terubong	Paya Terubong	MY	226712	Asia/Kuala_Lumpur
Richmond	Richmond	US	226610	America/New_York
Chang-hua	Chang-hua	TW	226564	Asia/Taipei
Changhua	Changhua	TW	226564	Asia/Taipei
Điện Bàn	GJien Ban	VN	226564	Asia/Ho_Chi_Minh
Takarazuka	Takarazuka	JP	226432	Asia/Tokyo
Nzérékoré	Nzerekore	GN	226426	Africa/Conakry
Regina	Regina	CA	226404	America/Regina
Cà Mau	Ca Mau	VN	226372	Asia/Ho_Chi_Minh
Shrīrāmpur	Shrirampur	IN	226317	Asia/Kolkata
Fendou	Fendou	CN	226298	Asia/Shanghai
Pangkalpinang	Pangkalpinang	ID	226297	Asia/Jakarta
Huanggang	Huanggang	CN	225956	Asia/Shanghai
Quthbullapur	Quthbullapur	IN	225816	Asia/Kolkata
Mubi	Mubi	NG	225705	Africa/Lagos
Varāmīn	Varamin	IR	225628	Asia/Tehran
Sector 1	Sector 1	RO	225453	Europe/Bucharest
Batu	Batu	ID	225408	Asia/Jakarta
Somerset West	Somerset West	ZA	225289	Africa/Johannesburg
Luton	Luton	GB	225262	Europe/London
Ternopil	Ternopil	UA	225238	Europe/Kyiv
Bitung	Bitung	ID	225134	Asia/Makassar
Mymensingh	Mymensingh	BD	225126	Asia/Dhaka
Blagoveshchensk	Blagoveshchensk	RU	225091	Asia/Yakutsk
Nadiād	Nadiad	IN	225071	Asia/Kolkata
Kumba	Kumba	CM	225046	Africa/Douala
Košice	Kosice	SK	225044	Europe/Bratislava
Kremenchuk	Kremenchuk	UA	224997	Europe/Kyiv
Jingling	Jingling	CN	224871	Asia/Shanghai
Nāgercoil	Nagercoil	IN	224849	Asia/Kolkata
Sucre	Sucre	BO	224838	America/La_Paz
Mutare	Mutare	ZW	224802	Africa/Harare
Ōta	Ota	JP	224358	Asia/Tokyo
Karāwalnagar	Karawalnagar	IN	224281	Asia/Kolkata
Puerto Vallarta	Puerto Vallarta	MX	224166	America/Mexico_City
Minamirinkan	Minamirinkan	JP	224015	Asia/Tokyo
Cork	Cork	IE	224004	Europe/Dublin
Atsugi	Atsugi	JP	223960	Asia/Tokyo
Heihe	Heihe	CN	223832	Asia/Shanghai
Mango	Mango	IN	223805	Asia/Kolkata
Sinop	Sinop	BR	223780	America/Cuiaba
Paramaribo	Paramaribo	SR	223757	America/Paramaribo
Klungkung	Klungkung	ID	223720	Asia/Makassar
Narayanganj	Narayanganj	BD	223622	Asia/Dhaka
NIA Valencia	NIA Valencia	PH	223620	Asia/Manila
Tongchuanshi	Tongchuanshi	CN	223603	Asia/Shanghai
Concepción	Concepcion	CL	223574	America/Santiago
Ramadi	Ramadi	IQ	223500	Asia/Baghdad
Paradise	Paradise	US	223167	America/Los_Angeles
Tacoma	Tacoma	US	222906	America/Los_Angeles
Mainz	Mainz	DE	222889	Europe/Berlin
Velikiy Novgorod	Velikiy Novgorod	RU	222868	Europe/Moscow
Sungai Buloh	Sungai Buloh	MY	222858	Asia/Kuala_Lumpur
Puerto Princesa	Puerto Princesa	PH	222673	Asia/Manila
Palhoça	Palhoca	BR	222598	America/Sao_Paulo
Xintai	Xintai	CN	222459	Asia/Shanghai
El Tigre	El Tigre	VE	222450	America/Caracas
Haeju	Haeju	KP	222396	Asia/Pyongyang
Formosa	Formosa	AR	222226	America/Argentina/Cordoba
Ikire	Ikire	NG	222160	Africa/Lagos
Jiexiu	Jiexiu	CN	222100	Asia/Shanghai
La Ceiba	La Ceiba	HN	222055	America/Tegucigalpa
Tilburg	Tilburg	NL	221947	Europe/Amsterdam
Ba Dinh	Ba Dinh	VN	221893	Asia/Bangkok
Murwāra	Murwara	IN	221883	Asia/Kolkata
Moshi	Moshi	TZ	221733	Africa/Dar_es_Salaam
Kanchipuram	Kanchipuram	IN	221715	Asia/Kolkata
Sousse	Sousse	TN	221715	Africa/Tunis
Tuluá	Tulua	CO	221684	America/Bogota
Soyo	Soyo	AO	221555	Africa/Luanda
Sóc Trăng	Soc Trang	VN	221430	Asia/Ho_Chi_Minh
Kankan	Kankan	GN	221428	Africa/Conakry
Shakhty	Shakhty	RU	221312	Europe/Moscow
Mbarara	Mbarara	UG	221300	Africa/Kampala
Luziânia	Luziania	BR	221262	America/Sao_Paulo
Olongapo	Olongapo	PH	221178	Asia/Manila
Ibarra	Ibarra	EC	221149	America/Guayaquil
Banja Luka	Banja Luka	BA	221106	Europe/Sarajevo
Rufisque est	Rufisque est	SN	221066	Africa/Dakar
Neyshābūr	Neyshabur	IR	220929	Asia/Tehran
Sāveh	Saveh	IR	220762	Asia/Tehran
Wuxue	Wuxue	CN	220661	Asia/Shanghai
Shevchenkivskyi	Shevchenkivskyi	UA	220660	Europe/Kyiv
Chí Linh	Chi Linh	VN	220421	Asia/Ho_Chi_Minh
Campeche	Campeche	MX	220389	America/Merida
Quận Ba	Quan Ba	VN	220375	Asia/Ho_Chi_Minh
Singrauli	Singrauli	IN	220257	Asia/Kolkata
Fuencarral-El Pardo	Fuencarral-El Pardo	ES	220085	Europe/Madrid
Shevchenkivskyi	Shevchenkivskyi	UA	220077	Europe/Kyiv
Mirzāpur	Mirzapur	IN	220029	Asia/Kolkata
Oviedo	Oviedo	ES	220027	Europe/Madrid
Bandar Seri Alam	Bandar Seri Alam	MY	220000	Asia/Kuala_Lumpur
Sorong	Sorong	ID	219958	Asia/Jayapura
Messina	Messina	IT	219948	Europe/Rome
Dehiwala-Mount Lavinia	Dehiwala-Mount Lavinia	LK	219827	Asia/Colombo
Kropyvnytskyi	Kropyvnytskyi	UA	219676	Europe/Kyiv
Kharagpur	Kharagpur	IN	219665	Asia/Kolkata
Kabinda	Kabinda	CD	219396	Africa/Lubumbashi
Jacobabad	Jacobabad	PK	219315	Asia/Karachi
Tunduma	Tunduma	TZ	219309	Africa/Dar_es_Salaam
Binangonan	Binangonan	PH	219204	Asia/Manila
Oberhausen	Oberhausen	DE	219176	Europe/Berlin
Chon Buri	Chon Buri	TH	219164	Asia/Bangkok
Santa Luzia	Santa Luzia	BR	219132	America/Sao_Paulo
Prokop’yevsk	Prokop'yevsk	RU	219000	Asia/Novokuznetsk
Samambaia	Samambaia	BR	218840	America/Sao_Paulo
Erfurt	Erfurt	DE	218793	Europe/Berlin
Esmeraldas	Esmeraldas	EC	218727	America/Guayaquil
Terrassa	Terrassa	ES	218535	Europe/Madrid
Barking	Barking	GB	218534	Europe/London
Wuhai	Wuhai	CN	218427	Asia/Shanghai
Valparaíso de Goiás	Valparaiso de Goias	BR	218416	America/Sao_Paulo
Khuzdar	Khuzdar	PK	218112	Asia/Karachi
Koutiala	Koutiala	ML	218031	Africa/Bamako
Eluru	Eluru	IN	218020	Asia/Kolkata
Rāniganj	Raniganj	IN	217910	Asia/Kolkata
San Pedro de Macorís	San Pedro de Macoris	DO	217899	America/Santo_Domingo
Galaţi	Galati	RO	217851	Europe/Bucharest
Badalona	Badalona	ES	217741	Europe/Madrid
Mokotów	Mokotow	PL	217683	Europe/Warsaw
Taiping	Taiping	MY	217647	Asia/Kuala_Lumpur
Yintai	Yintai	CN	217509	Asia/Shanghai
Yamuna Nagar	Yamuna Nagar	IN	217071	Asia/Kolkata
Cabo de Santo Agostinho	Cabo de Santo Agostinho	BR	216969	America/Recife
Arakawa	Arakawa	JP	216900	Asia/Tokyo
Jamaica	Jamaica	US	216866	America/New_York
Buenavista	Buenavista	MX	216776	America/Mexico_City
Gilgit	Gilgit	PK	216760	Asia/Karachi
Rybinsk	Rybinsk	RU	216724	Europe/Moscow
Santa Rosa	Santa Rosa	PH	216650	Asia/Manila
Sobral	Sobral	BR	216519	America/Fortaleza
Trondheim	Trondheim	NO	216518	Europe/Oslo
Raurkela Industrial Township	Raurkela Industrial Township	IN	216410	Asia/Kolkata
Porlamar	Porlamar	VE	216234	America/Caracas
San Bernardino	San Bernardino	US	216108	America/Los_Angeles
Ciudad Acuña	Ciudad Acuna	MX	216099	America/Matamoros
Oulu	Oulu	FI	216066	Europe/Helsinki
Bidar	Bidar	IN	216020	Asia/Kolkata
Vykhino-Zhulebino	Vykhino-Zhulebino	RU	216000	Europe/Moscow
Lutsk	Lutsk	UA	215986	Europe/Kyiv
La Ceiba	La Ceiba	HN	215973	America/Tegucigalpa
San Cristóbal de las Casas	San Cristobal de las Casas	MX	215874	America/Merida
Zelenograd	Zelenograd	RU	215727	Europe/Moscow
Archway	Archway	GB	215667	Europe/London
Wangsa Maju	Wangsa Maju	MY	215600	Asia/Kuala_Lumpur
Salt Lake City	Salt Lake City	US	215548	America/Denver
Biysk	Biysk	RU	215430	Asia/Barnaul
Novi Sad	Novi Sad	RS	215400	Europe/Belgrade
Jinzhou	Jinzhou	CN	215386	Asia/Shanghai
Jiutepec	Jiutepec	MX	215357	America/Mexico_City
Longgang	Longgang	CN	215273	Asia/Shanghai
Monclova	Monclova	MX	215271	America/Monterrey
Tân An	Tan An	VN	215250	Asia/Ho_Chi_Minh
Ma On Shan	Ma On Shan	HK	215200	Asia/Hong_Kong
Commonwealth	Commonwealth	PH	215034	Asia/Manila
Huntsville	Huntsville	US	215006	America/Chicago
Jabaquara	Jabaquara	BR	214958	America/Sao_Paulo
Ziguinchor	Ziguinchor	SN	214874	Africa/Dakar
Passo Fundo	Passo Fundo	BR	214811	America/Sao_Paulo
Kŭlob	Kulob	TJ	214700	Asia/Dushanbe
Citeureup	Citeureup	ID	214668	Asia/Jakarta
Centralniy	Centralniy	RU	214625	Europe/Moscow
Sa Dec	Sa Dec	VN	214610	Asia/Ho_Chi_Minh
Kure	Kure	JP	214592	Asia/Tokyo
Shagamu	Shagamu	NG	214558	Africa/Lagos
Bnei Brak	Bnei Brak	IL	214444	Asia/Jerusalem
Khouribga	Khouribga	MA	214241	Africa/Casablanca
Yingtan	Yingtan	CN	214229	Asia/Shanghai
Des Moines	Des Moines	US	214133	America/Chicago
Çiğli	Cigli	TR	214065	Europe/Istanbul
Marcory	Marcory	CI	214061	Africa/Abidjan
Gojra	Gojra	PK	214000	Asia/Karachi
Cartagena	Cartagena	ES	213943	Europe/Madrid
Quevedo	Quevedo	EC	213842	America/Guayaquil
Oakville	Oakville	CA	213759	America/Toronto
Pasuruan	Pasuruan	ID	213469	Asia/Jakarta
Naz̧arābād	Nazarabad	IR	213388	Asia/Tehran
Munger	Munger	IN	213303	Asia/Kolkata
Xilin Hot	Xilin Hot	CN	213000	Asia/Shanghai
Jerez de la Frontera	Jerez de la Frontera	ES	212879	Europe/Madrid
El Jadida	El Jadida	MA	212863	Africa/Casablanca
Zitong	Zitong	CN	212819	Asia/Shanghai
Loa Janan	Loa Janan	ID	212816	Asia/Makassar
Târgu Mureş	Targu Mures	RO	212752	Europe/Bucharest
Fontana	Fontana	US	212704	America/Los_Angeles
Rancagua	Rancagua	CL	212695	America/Santiago
Zhubei	Zhubei	TW	212695	Asia/Taipei
Mallawī	Mallawi	EG	212628	Africa/Cairo
Cape Coast	Cape Coast	GH	212426	Africa/Accra
Bukit Mertajam	Bukit Mertajam	MY	212329	Asia/Kuala_Lumpur
Lipa City	Lipa City	PH	212287	Asia/Manila
Lanús	Lanus	AR	212252	America/Argentina/Buenos_Aires
Lübeck	Luebeck	DE	212207	Europe/Berlin
Luojiang	Luojiang	CN	212186	Asia/Shanghai
Sepang	Sepang	MY	212050	Asia/Kuala_Lumpur
Cobán	Coban	GT	212047	America/Guatemala
Maricá	Marica	BR	211986	America/Sao_Paulo
Cao Lãnh	Cao Lanh	VN	211912	Asia/Ho_Chi_Minh
Isesaki	Isesaki	JP	211850	Asia/Tokyo
Sabadell	Sabadell	ES	211734	Europe/Madrid
Jaraguá	Jaragua	BR	211610	America/Sao_Paulo
Taito	Taito	JP	211444	Asia/Tokyo
Nandyāl	Nandyal	IN	211424	Asia/Kolkata
Santa Cruz de Tenerife	Santa Cruz de Tenerife	ES	211359	Atlantic/Canary
Panchkula	Panchkula	IN	211355	Asia/Kolkata
Modesto	Modesto	US	211266	America/Los_Angeles
Panabo	Panabo	PH	211242	Asia/Manila
Lijiang	Lijiang	CN	211151	Asia/Shanghai
Konibodom	Konibodom	TJ	211100	Asia/Dushanbe
Hailar	Hailar	CN	211066	Asia/Shanghai
Itaquera	Itaquera	BR	210960	America/Sao_Paulo
Kabankalan	Kabankalan	PH	210893	Asia/Manila
Abha	Abha	SA	210886	Asia/Riyadh
Burhānpur	Burhanpur	IN	210886	Asia/Kolkata
Ternate	Ternate	ID	210836	Asia/Jayapura
Burgas	Burgas	BG	210646	Europe/Sofia
Pskov	Pskov	RU	210501	Europe/Moscow
Morvi	Morvi	IN	210451	Asia/Kolkata
Daliang	Daliang	CN	210411	Asia/Shanghai
Quilicura	Quilicura	CL	210410	America/Santiago
Beni Mellal	Beni Mellal	MA	210397	Africa/Casablanca
Ashuganj City	Ashuganj City	BD	210356	Asia/Dhaka
Sidi Bel Abbes	Sidi Bel Abbes	DZ	210146	Africa/Algiers
Arroyo Naranjo	Arroyo Naranjo	CU	210053	America/Havana
Bogra	Bogra	BD	210000	Asia/Dhaka
Jebel Ali	Jebel Ali	AE	210000	Asia/Dubai
Kostanay	Kostanay	KZ	210000	Asia/Qostanay
Richmond	Richmond	CA	209937	America/Vancouver
Rochester	Rochester	US	209802	America/New_York
Banjar	Banjar	ID	209791	Asia/Jakarta
Novi Beograd	Novi Beograd	RS	209763	Europe/Belgrade
Kanggye	Kanggye	KP	209530	Asia/Pyongyang
Chungju	Chungju	KR	209483	Asia/Seoul
Anand	Anand	IN	209410	Asia/Kolkata
São Leopoldo	Sao Leopoldo	BR	209229	America/Sao_Paulo
Bade	Bade	TW	209148	Asia/Taipei
Oruro	Oruro	BO	208684	America/La_Paz
Bachuan	Bachuan	CN	208520	Asia/Shanghai
La Romana	La Romana	DO	208437	America/Santo_Domingo
Araçatuba	Aracatuba	BR	208415	America/Sao_Paulo
Shashamane	Shashamane	ET	208400	Africa/Addis_Ababa
Hangu	Hangu	CN	208369	Asia/Shanghai
Ongole	Ongole	IN	208344	Asia/Kolkata
Pamplona	Pamplona	ES	208243	Europe/Madrid
Maryvale	Maryvale	US	208189	America/Phoenix
Gangneung	Gangneung	KR	208161	Asia/Seoul
Portsmouth	Portsmouth	GB	208100	Europe/London
Gandajika	Gandajika	CD	208051	Africa/Lubumbashi
Gunan	Gunan	CN	208010	Asia/Shanghai
Phan Rang-Tháp Chàm	Phan Rang-Thap Cham	VN	207998	Asia/Ho_Chi_Minh
Ciputat	Ciputat	ID	207858	Asia/Jakarta
Kasangati	Kasangati	UG	207800	Africa/Kampala
Arlington	Arlington	US	207627	America/New_York
Bishoftu	Bishoftu	ET	207400	Africa/Addis_Ababa
Nishi-Tokyo-shi	Nishi-Tokyo-shi	JP	207388	Asia/Tokyo
Changam-ch’on	Changam-ch'on	KP	207299	Asia/Pyongyang
Bila Tserkva	Bila Tserkva	UA	207273	Europe/Kyiv
Oxnard	Oxnard	US	207254	America/Los_Angeles
Ciampea	Ciampea	ID	207212	Asia/Jakarta
Hurghada	Hurghada	EG	207132	Africa/Cairo
Móstoles	Mostoles	ES	207095	Europe/Madrid
Columbus	Columbus	US	206922	America/New_York
Mantilla	Mantilla	CU	206918	America/Havana
Dosquebradas	Dosquebradas	CO	206693	America/Bogota
Toledo	Toledo	PH	206692	Asia/Manila
Turku	Turku	FI	206655	Europe/Helsinki
Worcester	Worcester	US	206518	America/New_York
Pagadian	Pagadian	PH	206483	Asia/Manila
Epworth	Epworth	ZW	206365	Africa/Harare
San Felipe	San Felipe	VE	206270	America/Caracas
Dinajpur	Dinajpur	BD	206234	Asia/Dhaka
Hosapete	Hosapete	IN	206167	Asia/Kolkata
Việt Yên	Viet Yen	VN	205900	Asia/Ho_Chi_Minh
Ifakara	Ifakara	TZ	205843	Africa/Dar_es_Salaam
Sumbe	Sumbe	AO	205832	Africa/Luanda
Ségou	Segou	ML	205787	Africa/Bamako
Kon Tum	Kon Tum	VN	205762	Asia/Ho_Chi_Minh
Latacunga	Latacunga	EC	205624	America/Guayaquil
Nāngloi Jāt	Nangloi Jat	IN	205596	Asia/Kolkata
Kishiwada	Kishiwada	JP	205561	Asia/Tokyo
Yunjinghong	Yunjinghong	CN	205523	Asia/Shanghai
Mdantsane	Mdantsane	ZA	205504	Africa/Johannesburg
Bobruysk	Bobruysk	BY	205502	Europe/Minsk
Gorontalo	Gorontalo	ID	205390	Asia/Makassar
Itaim Paulista	Itaim Paulista	BR	205295	America/Sao_Paulo
Qā’em Shahr	Qa'em Shahr	IR	204953	Asia/Tehran
Shikarpur	Shikarpur	PK	204938	Asia/Karachi
Gongheyong	Gongheyong	CN	204881	Asia/Shanghai
Linz	Linz	AT	204846	Europe/Vienna
Dhangaḍhi̇̄	Dhangadhi	NP	204788	Asia/Kathmandu
Nanchuan	Nanchuan	CN	204775	Asia/Shanghai
Córdoba	Cordoba	MX	204721	America/Mexico_City
Bishan	Bishan	CN	204702	Asia/Shanghai
Biskra	Biskra	DZ	204661	Africa/Algiers
Xizhi	Xizhi	TW	204619	Asia/Taipei
Yanghang	Yanghang	CN	204564	Asia/Shanghai
Gaoping	Gaoping	CN	204368	Asia/Shanghai
Mpanda	Mpanda	TZ	204338	Africa/Dar_es_Salaam
Trieste	Trieste	IT	204338	Europe/Rome
Moreno Valley	Moreno Valley	US	204198	America/Los_Angeles
Secunderabad	Secunderabad	IN	204182	Asia/Kolkata
Punggol	Punggol	SG	204150	Asia/Singapore
Sodo	Sodo	ET	204100	Africa/Addis_Ababa
Nossa Senhora do Socorro	Nossa Senhora do Socorro	BR	204081	America/Maceio
Zliten	Zliten	LY	203790	Africa/Tripoli
Padua	Padua	IT	203725	Europe/Rome
Karnaphuli	Karnaphuli	BD	203697	Asia/Dhaka
Las Tunas	Las Tunas	CU	203684	America/Havana
Matsue	Matsue	JP	203616	Asia/Tokyo
Bayamón	Bayamon	PR	203499	America/Puerto_Rico
Gimpo-si	Gimpo-si	KR	203391	Asia/Seoul
Lauro de Freitas	Lauro de Freitas	BR	203331	America/Bahia
Deoghar	Deoghar	IN	203123	Asia/Kolkata
Fianarantsoa	Fianarantsoa	MG	203105	Indian/Antananarivo
Vasyl'evsky Ostrov	Vasyl'evsky Ostrov	RU	203058	Europe/Moscow
Chāndpur	Chandpur	BD	203000	Asia/Dhaka
Atsiaman	Atsiaman	GH	202932	Africa/Accra
Bandundu Province	Bandundu Province	CD	202904	Africa/Kinshasa
Osmaniye	Osmaniye	TR	202837	Europe/Istanbul
Bābol	Babol	IR	202796	Asia/Tehran
Cabo San Lucas	Cabo San Lucas	MX	202694	America/Mazatlan
Little Rock	Little Rock	US	202591	America/Chicago
Çorlu	Corlu	TR	202578	Europe/Istanbul
Madiun	Madiun	ID	202544	Asia/Jakarta
Iringa	Iringa	TZ	202490	Africa/Dar_es_Salaam
Debrecen	Debrecen	HU	202402	Europe/Budapest
Chāpra	Chapra	IN	202352	Asia/Kolkata
Motijheel	Motijheel	BD	202308	Asia/Dhaka
Barishal	Barishal	BD	202242	Asia/Dhaka
Richmond Hill	Richmond Hill	CA	202022	America/Toronto
Fayetteville	Fayetteville	US	201963	America/New_York
Al Khums	Al Khums	LY	201943	Africa/Tripoli
Huntington Beach	Huntington Beach	US	201899	America/Los_Angeles
Favoriten	Favoriten	AT	201882	Europe/Vienna
Koronadal	Koronadal	PH	201844	Asia/Manila
Geneva	Geneva	CH	201741	Europe/Zurich
Tallahassee	Tallahassee	US	201731	America/New_York
Swindon	Swindon	GB	201669	Europe/London
Rengasdengklok	Rengasdengklok	ID	201463	Asia/Jakarta
Rio Claro	Rio Claro	BR	201418	America/Sao_Paulo
Cajamarca	Cajamarca	PE	201329	America/Lima
Townsville	Townsville	AU	201313	Australia/Brisbane
Thanh Khê	Thanh Khe	VN	201240	Asia/Ho_Chi_Minh
La Pintana	La Pintana	CL	201178	America/Santiago
Daşoguz	Dasoguz	TM	201142	Asia/Ashgabat
Yonkers	Yonkers	US	201116	America/New_York
Glendale	Glendale	US	201020	America/Los_Angeles
Dadu	Dadu	PK	201017	Asia/Karachi
Arba Minch	Arba Minch	ET	201000	Africa/Addis_Ababa
Petropavl	Petropavl	KZ	200920	Asia/Almaty
Lhokseumawe	Lhokseumawe	ID	200876	Asia/Jakarta
Cypress	Cypress	US	200839	America/Chicago
Khandwa	Khandwa	IN	200738	Asia/Kolkata
Aurora	Aurora	US	200661	America/Chicago
Puri	Puri	IN	200564	Asia/Kolkata
Morena	Morena	IN	200482	Asia/Kolkata
Nicosia	Nicosia	CY	200452	Asia/Nicosia
Brescia	Brescia	IT	200423	Europe/Rome
Nasimshahr	Nasimshahr	IR	200393	Asia/Tehran
Nasīm Shahr	Nasim Shahr	IR	200393	Asia/Tehran
Ugep	Ugep	NG	200276	Africa/Lagos
Kamina	Kamina	CD	200184	Africa/Lubumbashi
Yanbu	Yanbu	SA	200161	Asia/Riyadh
Nagareyama	Nagareyama	JP	200136	Asia/Tokyo
Charleroi	Charleroi	BE	200132	Europe/Brussels
Lạng Sơn	Lang Son	VN	200108	Asia/Bangkok
Talhar	Talhar	PK	200014	Asia/Karachi
Az Zāwīyah	Az Zawiyah	LY	200000	Africa/Tripoli
Bandar Sunway	Bandar Sunway	MY	200000	Asia/Kuala_Lumpur
Bandar Utama	Bandar Utama	MY	200000	Asia/Kuala_Lumpur
Bukit Jalil	Bukit Jalil	MY	200000	Asia/Kuala_Lumpur
Chakwama	Chakwama	NG	200000	Africa/Lagos
Dajal	Dajal	PK	200000	Asia/Karachi
El Dibir	El Dibir	SO	200000	Africa/Mogadishu
Gyānpur	Gyanpur	IN	200000	Asia/Kolkata
Nyingchi	Nyingchi	CN	200000	Asia/Shanghai
Qadirpur Ran	Qadirpur Ran	PK	200000	Asia/Karachi
Salé Al Jadida	Sale Al Jadida	MA	200000	Africa/Casablanca
Severnyy	Severnyy	RU	200000	Europe/Moscow
Sumedang	Sumedang	ID	200000	Asia/Jakarta
São José	Sao Jose	BR	200000	America/Sao_Paulo
Yuen Long	Yuen Long	HK	200000	Asia/Hong_Kong
Yuen Long San Hui	Yuen Long San Hui	HK	200000	Asia/Hong_Kong
Beiliu	Beiliu	CN	199769	Asia/Shanghai
Sirjan	Sirjan	IR	199704	Asia/Tehran
Iquique	Iquique	CL	199587	America/Santiago
Thuận Thanh	Thuan Thanh	VN	199577	Asia/Bangkok
Balakovo	Balakovo	RU	199572	Europe/Saratov
Armavir	Armavir	RU	199548	Europe/Moscow
Jaraguá do Sul	Jaragua do Sul	BR	199519	America/Sao_Paulo
Yachiyo	Yachiyo	JP	199498	Asia/Tokyo
Saidpur	Saidpur	BD	199422	Asia/Dhaka
Quận Bốn	Quan Bon	VN	199329	Asia/Ho_Chi_Minh
Arīsh	Arish	EG	199243	Africa/Cairo
Rawang	Rawang	MY	199095	Asia/Kuala_Lumpur
Dudley	Dudley	GB	199059	Europe/London
Mushin	Mushin	NG	199000	Africa/Lagos
Yuzhno-Sakhalinsk	Yuzhno-Sakhalinsk	RU	198973	Asia/Sakhalin
Hagen	Hagen	DE	198972	Europe/Berlin
Salatiga	Salatiga	ID	198971	Asia/Jakarta
Rio Grande	Rio Grande	BR	198935	America/Sao_Paulo
Guacara	Guacara	VE	198883	America/Caracas
Khūy	Khuy	IR	198845	Asia/Tehran
Gliwice	Gliwice	PL	198835	Europe/Warsaw
Changji	Changji	CN	198776	Asia/Urumqi
Kodaira	Kodaira	JP	198739	Asia/Tokyo
Plano Piloto	Plano Piloto	BR	198697	America/Sao_Paulo
Amarillo	Amarillo	US	198645	America/Chicago
Bulandshahr	Bulandshahr	IN	198612	Asia/Kolkata
Lusail	Lusail	QA	198600	Asia/Qatar
Aberdeen	Aberdeen	GB	198590	Europe/London
Taranto	Taranto	IT	198585	Europe/Rome
Capiatá	Capiata	PY	198553	America/Asuncion
Zango	Zango	AO	198538	Africa/Luanda
Duyun	Duyun	CN	198516	Asia/Shanghai
Naivasha	Naivasha	KE	198444	Africa/Nairobi
Kaiyuan	Kaiyuan	CN	198423	Asia/Shanghai
Cachoeiro de Itapemirim	Cachoeiro de Itapemirim	BR	198342	America/Sao_Paulo
Rzeszów	Rzeszow	PL	198317	Europe/Warsaw
Lengshuijiang	Lengshuijiang	CN	198299	Asia/Shanghai
Rostock	Rostock	DE	198293	Europe/Berlin
Parma	Parma	IT	198292	Europe/Rome
Sibu	Sibu	MY	198239	Asia/Kuching
Arnavutköy	Arnavutkoey	TR	198165	Europe/Istanbul
Itami	Itami	JP	198138	Asia/Tokyo
Mentougou	Mentougou	CN	197772	Asia/Shanghai
Bhind	Bhind	IN	197585	Asia/Kolkata
Akron	Akron	US	197542	America/New_York
Talca	Talca	CL	197479	America/Santiago
Kassel	Kassel	DE	197230	Europe/Berlin
Ciudad Madero	Ciudad Madero	MX	197216	America/Monterrey
Sawangan	Sawangan	ID	197170	Asia/Jakarta
Gemena	Gemena	CD	197159	Africa/Kinshasa
Bhālswa Jahangirpur	Bhalswa Jahangirpur	IN	197148	Asia/Kolkata
Lushui	Lushui	CN	197000	Asia/Shanghai
Bīrjand	Birjand	IR	196982	Asia/Tehran
Toruń	Torun	PL	196935	Europe/Warsaw
Almería	Almeria	ES	196851	Europe/Madrid
Jijiang	Jijiang	CN	196787	Asia/Shanghai
Ahmadpur East	Ahmadpur East	PK	196718	Asia/Karachi
Huánuco	Huanuco	PE	196627	America/Lima
Higashihiroshima	Higashihiroshima	JP	196608	Asia/Tokyo
İzmit	Izmit	TR	196571	Europe/Istanbul
Reims	Reims	FR	196565	Europe/Paris
Hanfeng	Hanfeng	CN	196528	Asia/Shanghai
Vancouver	Vancouver	US	196442	America/Los_Angeles
Birmingham	Birmingham	US	196357	America/Chicago
Itabuna	Itabuna	BR	196344	America/Bahia
Laayoune	Laayoune	EH	196331	Africa/El_Aaiun
Khammam	Khammam	IN	196283	Asia/Kolkata
H̱olon	Holon	IL	196282	Asia/Jerusalem
Middelburg	Middelburg	ZA	196263	Africa/Johannesburg
Icheon-si	Icheon-si	KR	196230	Asia/Seoul
Khirdalan	Khirdalan	AZ	196200	Asia/Baku
Phra Pradaeng	Phra Pradaeng	TH	196129	Asia/Bangkok
Moundou	Moundou	TD	196124	Africa/Ndjamena
Sambhal	Sambhal	IN	196109	Asia/Kolkata
Bhiwāni	Bhiwani	IN	196057	Asia/Kolkata
Engels	Engels	RU	196011	Europe/Saratov
Ciudad Lázaro Cárdenas	Ciudad Lazaro Cardenas	MX	196003	America/Mexico_City
Mocuba	Mocuba	MZ	196001	Africa/Maputo
Hetauda	Hetauda	NP	195951	Asia/Kathmandu
Durrës	Durres	AL	195920	Europe/Tirane
Fengcheng	Fengcheng	CN	195700	Asia/Shanghai
Suzuka	Suzuka	JP	195670	Asia/Tokyo
Hub	Hub	PK	195661	Asia/Karachi
La Plata	La Plata	AR	195443	America/Argentina/Buenos_Aires
Janakpur	Janakpur	NP	195438	Asia/Kathmandu
Kamirenjaku	Kamirenjaku	JP	195391	Asia/Tokyo
Panvel	Panvel	IN	195373	Asia/Kolkata
Peicheng	Peicheng	CN	195363	Asia/Shanghai
Maharagama	Maharagama	LK	195355	Asia/Colombo
Montgomery	Montgomery	US	195287	America/Chicago
Liège	Liege	BE	195278	Europe/Brussels
Kumagaya	Kumagaya	JP	195277	Asia/Tokyo
Guri-si	Guri-si	KR	195236	Asia/Seoul
Ambāla	Ambala	IN	195153	Asia/Kolkata
Grand Rapids	Grand Rapids	US	195097	America/Detroit
Prato	Prato	IT	195089	Europe/Rome
Kumarapalayam	Kumarapalayam	IN	195071	Asia/Kolkata
Butwāl	Butwal	NP	195054	Asia/Kathmandu
Dhirkot	Dhirkot	PK	195000	Asia/Karachi
Kayes	Kayes	ML	194716	Africa/Bamako
Bontang	Bontang	ID	194606	Asia/Makassar
Kafr ash Shaykh	Kafr ash Shaykh	EG	194569	Africa/Cairo
Tébessa	Tebessa	DZ	194461	Africa/Algiers
Kuala Kubu Baharu	Kuala Kubu Baharu	MY	194387	Asia/Kuala_Lumpur
Karuri	Karuri	KE	194342	Africa/Nairobi
Karuri	Karuri	KE	194342	Africa/Nairobi
Manéah	Maneah	GN	194297	Africa/Conakry
Severodvinsk	Severodvinsk	RU	194292	Europe/Moscow
Kowloon City Centre	Kowloon City Centre	HK	194290	Asia/Hong_Kong
Matuga	Matuga	KE	194252	Africa/Nairobi
Düzce	Duezce	TR	194097	Europe/Istanbul
Nnewi	Nnewi	NG	193987	Africa/Lagos
Yamaguchi	Yamaguchi	JP	193966	Asia/Tokyo
Alcalá de Henares	Alcala de Henares	ES	193751	Europe/Madrid
Başakşehir	Basaksehir	TR	193750	Europe/Istanbul
Ezhou	Ezhou	CN	193652	Asia/Shanghai
Zhengding	Zhengding	CN	193524	Asia/Shanghai
Būkān	Bukan	IR	193501	Asia/Tehran
Taguatinga	Taguatinga	BR	193367	America/Sao_Paulo
Braga	Braga	PT	193324	Europe/Lisbon
Garhi Khairo	Garhi Khairo	PK	193297	Asia/Karachi
Luanshya	Luanshya	ZM	193293	Africa/Lusaka
Padalarang	Padalarang	ID	193114	Asia/Jakarta
Bang Khae	Bang Khae	TH	193002	Asia/Bangkok
Bago City	Bago City	PH	192993	Asia/Manila
Yongchuan	Yongchuan	CN	192954	Asia/Shanghai
Uji	Uji	JP	192925	Asia/Tokyo
Machilīpatnam	Machilipatnam	IN	192827	Asia/Kolkata
Hepu	Hepu	CN	192813	Asia/Shanghai
Aihui	Aihui	CN	192764	Asia/Shanghai
Hyesan	Hyesan	KP	192680	Asia/Pyongyang
Bayamo	Bayamo	CU	192632	America/Havana
Kielce	Kielce	PL	192468	Europe/Warsaw
Pār Naogaon	Par Naogaon	BD	192464	Asia/Dhaka
Fuding	Fuding	CN	192352	Asia/Shanghai
Castanhal	Castanhal	BR	192256	America/Belem
Cidade Tiradentes	Cidade Tiradentes	BR	192177	America/Sao_Paulo
Zabrze	Zabrze	PL	192177	Europe/Warsaw
Hamilton	Hamilton	NZ	192100	Pacific/Auckland
Bojnūrd	Bojnurd	IR	192041	Asia/Tehran
Surulere	Surulere	NG	191920	Africa/Lagos
Humen	Humen	CN	191891	Asia/Shanghai
Benfica	Benfica	AO	191828	Africa/Luanda
Hat Yai	Hat Yai	TH	191696	Asia/Bangkok
Haicheng	Haicheng	CN	191651	Asia/Shanghai
Curug	Curug	ID	191406	Asia/Jakarta
Barrancabermeja	Barrancabermeja	CO	191403	America/Bogota
Zlatoust	Zlatoust	RU	191366	Asia/Yekaterinburg
Angren	Angren	UZ	191300	Asia/Tashkent
Mukono	Mukono	UG	191300	Africa/Kampala
Ciudad del Carmen	Ciudad del Carmen	MX	191238	America/Merida
Khairpur Mir’s	Khairpur Mir's	PK	191044	Asia/Karachi
Business Bay	Business Bay	AE	191000	Asia/Dubai
Khujand	Khujand	TJ	191000	Asia/Dushanbe
Peoria	Peoria	US	190985	America/Phoenix
Ashaiman	Ashaiman	GH	190972	Africa/Accra
Tanjungbalai	Tanjungbalai	ID	190935	Asia/Jakarta
Providence	Providence	US	190934	America/New_York
Mahesāna	Mahesana	IN	190753	Asia/Kolkata
Knoxville	Knoxville	US	190740	America/New_York
Rangel	Rangel	AO	190569	Africa/Luanda
Fuenlabrada	Fuenlabrada	ES	190496	Europe/Madrid
Hino	Hino	JP	190435	Asia/Tokyo
Jhelum	Jhelum	PK	190425	Asia/Karachi
Mahbūbnagar	Mahbubnagar	IN	190400	Asia/Kolkata
Beipiao	Beipiao	CN	190315	Asia/Shanghai
Pak Kret	Pak Kret	TH	190272	Asia/Bangkok
Cẩm Phả	Cam Pha	VN	190232	Asia/Bangkok
Al Fallūjah	Al Fallujah	IQ	190159	Asia/Baghdad
Jinshanlu	Jinshanlu	CN	190064	Asia/Urumqi
Ise-Ekiti	Ise-Ekiti	NG	190063	Africa/Lagos
Nova Friburgo	Nova Friburgo	BR	189939	America/Sao_Paulo
Guarapuava	Guarapuava	BR	189630	America/Sao_Paulo
Kofu	Kofu	JP	189591	Asia/Tokyo
Numazu	Numazu	JP	189486	Asia/Tokyo
Santa Bárbara d'Oeste	Santa Barbara d'Oeste	BR	189456	America/Sao_Paulo
Jōetsu	Joetsu	JP	189430	Asia/Tokyo
Planaltina	Planaltina	BR	189412	America/Sao_Paulo
Sunrise Manor	Sunrise Manor	US	189372	America/Los_Angeles
Sambalpur	Sambalpur	IN	189366	Asia/Kolkata
Syzran	Syzran	RU	189338	Europe/Samara
Danshui	Danshui	TW	189271	Asia/Taipei
Bytom	Bytom	PL	189186	Europe/Warsaw
Mwene-Ditu	Mwene-Ditu	CD	189177	Africa/Lubumbashi
Ilhéus	Ilheus	BR	189149	America/Bahia
Panalanoy	Panalanoy	PH	189090	Asia/Manila
Ciudad de Las Heras	Ciudad de Las Heras	AR	189067	America/Argentina/Mendoza
Guixi	Guixi	CN	188980	Asia/Shanghai
Odawara	Odawara	JP	188856	Asia/Tokyo
Labuan Bajo	Labuan Bajo	ID	188724	Asia/Makassar
Anjō	Anjo	JP	188693	Asia/Tokyo
Boyeros	Boyeros	CU	188593	America/Havana
George	George	ZA	188580	Africa/Johannesburg
Tottori-shi	Tottori-shi	JP	188465	Asia/Tokyo
Leganés	Leganes	ES	188425	Europe/Madrid
Acarigua	Acarigua	VE	188278	America/Caracas
Hosa’ina	Hosa'ina	ET	188200	Africa/Addis_Ababa
Sai Mai	Sai Mai	TH	188123	Asia/Bangkok
Yawnghwe	Yawnghwe	MM	188083	Asia/Yangon
Mabalacat City	Mabalacat City	PH	188050	Asia/Manila
Riohacha	Riohacha	CO	188014	America/Bogota
Laizhou	Laizhou	CN	188000	Asia/Shanghai
Pilsen	Pilsen	CZ	187863	Europe/Prague
Grand Prairie	Grand Prairie	US	187809	America/Chicago
Sorsogon	Sorsogon	PH	187670	Asia/Manila
Ait Melloul	Ait Melloul	MA	187652	Africa/Casablanca
Sutton	Sutton	GB	187600	Europe/London
Shreveport	Shreveport	US	187593	America/Chicago
Choa Chu Kang New Town	Choa Chu Kang New Town	SG	187550	Asia/Singapore
Getafe	Getafe	ES	187525	Europe/Madrid
Quận Năm	Quan Nam	VN	187510	Asia/Ho_Chi_Minh
Bhusawal	Bhusawal	IN	187421	Asia/Kolkata
Miraflores	Miraflores	PE	187401	America/Lima
Alvorada	Alvorada	BR	187315	America/Sao_Paulo
Chilpancingo	Chilpancingo	MX	187251	America/Mexico_City
Donaustadt	Donaustadt	AT	187007	Europe/Vienna
Pinar del Río	Pinar del Rio	CU	186990	America/Havana
Huixing	Huixing	CN	186972	Asia/Shanghai
Kırıkkale	Kirikkale	TR	186960	Europe/Istanbul
Batumi	Batumi	GE	186949	Asia/Tbilisi
Burlington	Burlington	CA	186948	America/Toronto
Pābna	Pabna	BD	186781	Asia/Dhaka
Brownsville	Brownsville	US	186738	America/Chicago
Changyuan	Changyuan	CN	186653	Asia/Shanghai
Cienfuegos	Cienfuegos	CU	186644	America/Havana
Beersheba	Beersheba	IL	186600	Asia/Jerusalem
El Oued	El Oued	DZ	186525	Africa/Algiers
Overland Park	Overland Park	US	186515	America/Chicago
Raebareli	Raebareli	IN	186433	Asia/Kolkata
Shangri-La	Shangri-La	CN	186400	Asia/Shanghai
Springs	Springs	ZA	186394	Africa/Johannesburg
Newport News	Newport News	US	186247	America/New_York
Yangcheng	Yangcheng	CN	186242	Asia/Shanghai
Mopti	Mopti	ML	186187	Africa/Bamako
Khuraybat as Sūq	Khuraybat as Suq	JO	186158	Asia/Amman
Zawiya	Zawiya	LY	186123	Africa/Tripoli
Zamora de Hidalgo	Zamora de Hidalgo	MX	186102	America/Mexico_City
Haridwar	Haridwar	IN	186079	Asia/Kolkata
Ad-Damazin	Ad-Damazin	SD	186051	Africa/Khartoum
Dunhuang	Dunhuang	CN	186027	Asia/Shanghai
Jing’an	Jing'an	CN	186000	Asia/Shanghai
Le Havre	Le Havre	FR	185972	Europe/Paris
Verhunskyi	Verhunskyi	UA	185593	Europe/Kyiv
Phusro	Phusro	IN	185555	Asia/Kolkata
Donostia / San Sebastián	San Sebastian	ES	185357	Europe/Madrid
Poza Rica de Hidalgo	Poza Rica de Hidalgo	MX	185242	America/Mexico_City
Bilbeis	Bilbeis	EG	185237	Africa/Cairo
Roxas City	Roxas City	PH	185236	Asia/Manila
Paris 20 Ménilmontant	Paris 20 Menilmontant	FR	185140	Europe/Paris
Kütahya	Kuetahya	TR	185008	Europe/Istanbul
Palopo	Palopo	ID	184961	Asia/Makassar
Potsdam	Potsdam	DE	184754	Europe/Berlin
Modena	Modena	IT	184732	Europe/Rome
Bolu	Bolu	TR	184682	Europe/Istanbul
Toyokawa	Toyokawa	JP	184661	Asia/Tokyo
Adoni	Adoni	IN	184625	Asia/Kolkata
Izumi	Izumi	JP	184615	Asia/Tokyo
Santa Anita - Los Ficus	Santa Anita - Los Ficus	PE	184614	America/Lima
Paltan	Paltan	BD	184492	Asia/Dhaka
Ivory Park	Ivory Park	ZA	184383	Africa/Johannesburg
Al Qāmishlī	Al Qamishli	SY	184231	Asia/Damascus
Abakan	Abakan	RU	184168	Asia/Krasnoyarsk
Pemalang	Pemalang	ID	184149	Asia/Jakarta
Breda	Breda	NL	184126	Europe/Amsterdam
Langsa	Langsa	ID	184016	Asia/Jakarta
Vĩnh Châu	Vinh Chau	VN	183918	Asia/Ho_Chi_Minh
Baishan	Baishan	CN	183880	Asia/Shanghai
Sūjāngarh	Sujangarh	IN	183808	Asia/Kolkata
Linhares	Linhares	BR	183797	America/Sao_Paulo
Castelló de la Plana	Castello de la Plana	ES	183711	Europe/Madrid
Tachikawa	Tachikawa	JP	183581	Asia/Tokyo
Cergy-Pontoise	Cergy-Pontoise	FR	183430	Europe/Paris
Unaizah	Unaizah	SA	183319	Asia/Riyadh
Mobile	Mobile	US	183289	America/Chicago
St Helens	St Helens	GB	183200	Europe/London
Fort Lauderdale	Fort Lauderdale	US	183146	America/New_York
Lembang	Lembang	ID	183130	Asia/Jakarta
Paris 18 Buttes-Montmartre	Paris 18 Buttes-Montmartre	FR	183127	Europe/Paris
Sants-Montjuïc	Sants-Montjuic	ES	183120	Europe/Madrid
Oradea	Oradea	RO	183105	Europe/Bucharest
Araguaína	Araguaina	BR	183024	America/Araguaina
Saarbrücken	Saarbruecken	DE	182971	Europe/Berlin
Bunda	Bunda	TZ	182970	Africa/Dar_es_Salaam
Skikda	Skikda	DZ	182903	Africa/Algiers
Kyivskyi	Kyivskyi	UA	182900	Europe/Kyiv
Tirmiz	Tirmiz	UZ	182800	Asia/Samarkand
Singosari	Singosari	ID	182656	Asia/Jakarta
Porto Seguro	Porto Seguro	BR	182630	America/Bahia
Cúa	Cua	VE	182558	America/Caracas
Sirsa	Sirsa	IN	182534	Asia/Kolkata
Kamensk-Ural’skiy	Kamensk-Ural'skiy	RU	182500	Asia/Yekaterinburg
Cidade Dutra	Cidade Dutra	BR	182459	America/Sao_Paulo
Reggio Calabria	Reggio Calabria	IT	182455	Europe/Rome
Dinapur Nizamat	Dinapur Nizamat	IN	182429	Asia/Kolkata
Santa Clarita	Santa Clarita	US	182371	America/Los_Angeles
Carletonville	Carletonville	ZA	182304	Africa/Johannesburg
Dubréka	Dubreka	GN	182296	Africa/Conakry
Metro	Metro	ID	182293	Asia/Jakarta
Banhā	Banha	EG	182254	Africa/Cairo
Bahraigh	Bahraigh	IN	182218	Asia/Kolkata
Ash Shaţrah	Ash Shatrah	IQ	182175	Asia/Baghdad
Quarto Oggiaro	Quarto Oggiaro	IT	182118	Europe/Rome
Tsing Yi Town	Tsing Yi Town	HK	182100	Asia/Hong_Kong
Monywa	Monywa	MM	182011	Asia/Yangon
Dessalines	Dessalines	HT	181903	America/Port-au-Prince
Mwala	Mwala	KE	181896	Africa/Nairobi
Kāraikkudi	Karaikkudi	IN	181851	Asia/Kolkata
Araure	Araure	VE	181820	America/Caracas
Barra Mansa	Barra Mansa	BR	181679	America/Sao_Paulo
Sultan Pur Majra	Sultan Pur Majra	IN	181554	Asia/Kolkata
Zhenping	Zhenping	CN	181528	Asia/Shanghai
Anda	Anda	CN	181271	Asia/Shanghai
Paris 13 Gobelins	Paris 13 Gobelins	FR	181271	Europe/Paris
Petropavlovsk-Kamchatsky	Petropavlovsk-Kamchatsky	RU	181216	Asia/Kamchatka
Wādī as Sīr	Wadi as Sir	JO	181212	Asia/Amman
Fardīs	Fardis	IR	181174	Asia/Tehran
Chattanooga	Chattanooga	US	181099	America/New_York
Guna	Guna	IN	180935	Asia/Kolkata
Odense	Odense	DK	180863	Europe/Copenhagen
Sacaba	Sacaba	BO	180726	America/La_Paz
Quetzaltenango	Quetzaltenango	GT	180706	America/Guatemala
Gongzhuling	Gongzhuling	CN	180700	Asia/Shanghai
Chandannagar	Chandannagar	IN	180623	Asia/Kolkata
Baharampur	Baharampur	IN	180547	Asia/Kolkata
Ploieşti	Ploiesti	RO	180540	Europe/Bucharest
Berazategui	Berazategui	AR	180523	America/Argentina/Buenos_Aires
Shahuwadi	Shahuwadi	IN	180322	Asia/Kolkata
Madanapalle	Madanapalle	IN	180180	Asia/Kolkata
Tangail	Tangail	BD	180144	Asia/Dhaka
Shulin	Shulin	TW	180044	Asia/Taipei
Edirne	Edirne	TR	180002	Europe/Istanbul
Kyaukpyu	Kyaukpyu	MM	180000	Asia/Yangon
Nepean	Nepean	CA	180000	America/Toronto
Phúc Yên	Phuc Yen	VN	180000	Asia/Bangkok
Pingwu County	Pingwu County	CN	180000	Asia/Shanghai
Yasenevo	Yasenevo	RU	180000	Europe/Moscow
Shivpuri	Shivpuri	IN	179977	Asia/Kolkata
Yangju	Yangju	KR	179923	Asia/Seoul
Borshchahivka	Borshchahivka	UA	179900	Europe/Kyiv
Praga Południe	Praga Poludnie	PL	179836	Europe/Warsaw
Pirituba	Pirituba	BR	179724	America/Sao_Paulo
Kasama	Kasama	ZM	179636	Africa/Lusaka
Surendranagar	Surendranagar	IN	179628	Asia/Kolkata
Alexandra	Alexandra	ZA	179624	Africa/Johannesburg
Obuase	Obuase	GH	179604	Africa/Accra
Desnyanskyi	Desnyanskyi	UA	179600	Europe/Kyiv
Novozavodskyi	Novozavodskyi	UA	179600	Europe/Kyiv
Ibirité	Ibirite	BR	179582	America/Sao_Paulo
Tsentralnyi	Tsentralnyi	UA	179582	Europe/Kyiv
Legaspi	Legaspi	PH	179481	Asia/Manila
Phú Quốc	Phu Quoc	VN	179480	Asia/Ho_Chi_Minh
Podolsk	Podolsk	RU	179400	Europe/Moscow
Purwakarta	Purwakarta	ID	179233	Asia/Jakarta
Jizzax	Jizzax	UZ	179200	Asia/Samarkand
Ferraz de Vasconcelos	Ferraz de Vasconcelos	BR	179198	America/Sao_Paulo
Ila Orangun	Ila Orangun	NG	179192	Africa/Lagos
Thị Trấn Đại Từ	Thi Tran GJai Tu	VN	179192	Asia/Ho_Chi_Minh
Neyveli	Neyveli	IN	179150	Asia/Kolkata
Angra dos Reis	Angra dos Reis	BR	179120	America/Sao_Paulo
Qianjiang	Qianjiang	CN	179079	Asia/Shanghai
Hamm	Hamm	DE	178967	Europe/Berlin
Si Racha	Si Racha	TH	178916	Asia/Bangkok
Tiaret	Tiaret	DZ	178915	Africa/Algiers
La Rioja	La Rioja	AR	178872	America/Argentina/La_Rioja
Silchar	Silchar	IN	178865	Asia/Kolkata
Amadora	Amadora	PT	178858	Europe/Lisbon
Cuautitlán	Cuautitlan	MX	178847	America/Mexico_City
Ipswich	Ipswich	GB	178835	Europe/London
Njeru	Njeru	UG	178800	Africa/Kampala
Toliara	Toliara	MG	178725	Indian/Antananarivo
Paris 19 Buttes-Chaumont	Paris 19 Buttes-Chaumont	FR	178691	Europe/Paris
Saki	Saki	NG	178677	Africa/Lagos
Chlef	Chlef	DZ	178616	Africa/Algiers
Fontanar	Fontanar	CU	178601	America/Havana
Seogwipo	Seogwipo	KR	178552	Asia/Seoul
Concepcion	Concepcion	PH	178549	Asia/Manila
East Flatbush	East Flatbush	US	178464	America/New_York
Spring Valley	Spring Valley	US	178395	America/Los_Angeles
Livingstone	Livingstone	ZM	178361	Africa/Lusaka
Potchefstroom	Potchefstroom	ZA	178285	Africa/Johannesburg
Santa Rosa	Santa Rosa	US	178127	America/Los_Angeles
Ciudad Camilo Cienfuegos	Ciudad Camilo Cienfuegos	CU	178041	America/Havana
Paris 13e Arrondissement	Paris 13e Arrondissement	FR	177833	Europe/Paris
Sambizanga	Sambizanga	AO	177808	Africa/Luanda
Proddatūr	Proddatur	IN	177797	Asia/Kolkata
Sittwe	Sittwe	MM	177743	Asia/Yangon
Dundo	Dundo	AO	177604	Africa/Luanda
Basel	Basel	CH	177595	Europe/Zurich
Meiktila	Meiktila	MM	177442	Asia/Yangon
Gulu	Gulu	UG	177400	Africa/Kampala
Nijmegen	Nijmegen	NL	177359	Europe/Amsterdam
Idkū	Idku	EG	177152	Africa/Cairo
Uppsala	Uppsala	SE	177074	Europe/Stockholm
Hugli	Hugli	IN	177005	Asia/Kolkata
Hashtsāl	Hashtsal	IN	176877	Asia/Kolkata
Bragança Paulista	Braganca Paulista	BR	176811	America/Sao_Paulo
Teresópolis	Teresopolis	BR	176735	America/Sao_Paulo
San Luis Río Colorado	San Luis Rio Colorado	MX	176685	America/Hermosillo
Santa Ana	Santa Ana	SV	176661	America/El_Salvador
Eugene	Eugene	US	176654	America/Los_Angeles
Nador	Nador	MA	176600	Africa/Casablanca
Al Muharraq	Al Muharraq	BH	176583	Asia/Bahrain
Bielsko-Biala	Bielsko-Biala	PL	176515	Europe/Warsaw
Marsá Maţrūḩ	Marsa Matruh	EG	176498	Africa/Cairo
Almere Stad	Almere Stad	NL	176432	Europe/Amsterdam
Burgos	Burgos	ES	176418	Europe/Madrid
Gijang	Gijang	KR	176388	Asia/Seoul
Lander	Lander	VE	176346	America/Caracas
Saint-Étienne	Saint-Etienne	FR	176280	Europe/Paris
Amroha	Amroha	IN	176253	Asia/Kolkata
Narashino	Narashino	JP	176197	Asia/Tokyo
Béjaïa	Bejaia	DZ	176139	Africa/Algiers
Zhenzhou	Zhenzhou	CN	176006	Asia/Shanghai
Tempe	Tempe	US	175826	America/Phoenix
Xindi	Xindi	CN	175761	Asia/Shanghai
Oceanside	Oceanside	US	175691	America/Los_Angeles
Bella Vista	Bella Vista	DO	175683	America/Santo_Domingo
Fengcheng	Fengcheng	CN	175576	Asia/Shanghai
Salem	Salem	US	175535	America/Los_Angeles
Wigan	Wigan	GB	175405	Europe/London
Garden Grove	Garden Grove	US	175393	America/Los_Angeles
Karaman	Karaman	TR	175390	Europe/Istanbul
Oshawa	Oshawa	CA	175383	America/Toronto
Siverek	Siverek	TR	175341	Europe/Istanbul
Rancho Cucamonga	Rancho Cucamonga	US	175236	America/Los_Angeles
Cape Coral	Cape Coral	US	175229	America/New_York
Tân Châu	Tan Chau	VN	175211	Asia/Ho_Chi_Minh
Teluknaga	Teluknaga	ID	175155	Asia/Jakarta
Jiutai	Jiutai	CN	175115	Asia/Shanghai
Chhindwāra	Chhindwara	IN	175052	Asia/Kolkata
Itu	Itu	BR	175047	America/Sao_Paulo
Senador Canedo	Senador Canedo	BR	175042	America/Sao_Paulo
Khānaqīn	Khanaqin	IQ	175000	Asia/Baghdad
Naga	Naga	PH	174931	Asia/Manila
Tomakomai	Tomakomai	JP	174806	Asia/Tokyo
Tambaram	Tambaram	IN	174787	Asia/Kolkata
San Miguel de Allende	San Miguel de Allende	MX	174615	America/Mexico_City
Cianjur	Cianjur	ID	174587	Asia/Jakarta
Pamulang	Pamulang	ID	174557	Asia/Jakarta
Hitachi	Hitachi	JP	174508	Asia/Tokyo
Timon	Timon	BR	174465	America/Fortaleza
Bhetia	Bhetia	IN	174355	Asia/Kolkata
Pathānkot	Pathankot	IN	174306	Asia/Kolkata
Tando Adam	Tando Adam	PK	174291	Asia/Karachi
Badlapur	Badlapur	IN	174226	Asia/Kolkata
Cikupa	Cikupa	ID	174041	Asia/Jakarta
Puerto Cabello	Puerto Cabello	VE	174000	America/Caracas
Latkrabang	Latkrabang	TH	173987	Asia/Bangkok
Sakura	Sakura	JP	173740	Asia/Tokyo
Ube	Ube	JP	173733	Asia/Tokyo
Daule	Daule	EC	173684	America/Guayaquil
Bayjī	Bayji	IQ	173677	Asia/Baghdad
Cuddalore	Cuddalore	IN	173636	Asia/Kolkata
Santander	Santander	ES	173635	Europe/Madrid
Tlemcen	Tlemcen	DZ	173531	Africa/Algiers
Shimla	Shimla	IN	173503	Asia/Kolkata
Shāhīn Shahr	Shahin Shahr	IR	173329	Asia/Tehran
Croydon	Croydon	GB	173314	Europe/London
Myeik	Myeik	MM	173298	Asia/Yangon
East New York	East New York	US	173198	America/New_York
Khān Yūnis	Khan Yunis	PS	173183	Asia/Gaza
Dharān	Dharan	NP	173096	Asia/Kathmandu
Albacete	Albacete	ES	173050	Europe/Madrid
Mülheim	Muelheim	DE	173050	Europe/Berlin
Bata	Bata	GQ	173046	Africa/Malabo
Kamakura	Kamakura	JP	172929	Asia/Tokyo
Chicoloapan	Chicoloapan	MX	172919	America/Mexico_City
Gadag-Betageri	Gadag-Betageri	IN	172813	Asia/Kolkata
Izumo	Izumo	JP	172775	Asia/Tokyo
Licheng	Licheng	CN	172775	Asia/Shanghai
São Caetano do Sul	Sao Caetano do Sul	BR	172693	America/Sao_Paulo
Pindamonhangaba	Pindamonhangaba	BR	172681	America/Sao_Paulo
Gadag	Gadag	IN	172612	Asia/Kolkata
Lang'ata	Lang'ata	KE	172569	Africa/Nairobi
Ongata Rongai	Ongata Rongai	KE	172569	Africa/Nairobi
Tunja	Tunja	CO	172548	America/Bogota
Lages	Lages	BR	172458	America/Sao_Paulo
Quillacollo	Quillacollo	BO	172405	America/La_Paz
Alcorcón	Alcorcon	ES	172384	Europe/Madrid
Gisenyi	Gisenyi	RW	172357	Africa/Kigali
Poços de Caldas	Pocos de Caldas	BR	172339	America/Sao_Paulo
Isparta	Isparta	TR	172334	Europe/Istanbul
Warrington	Warrington	GB	172330	Europe/London
Klaipėda	Klaipeda	LT	172292	Europe/Vilnius
Walsall	Walsall	GB	172141	Europe/London
Herne	Herne	DE	172108	Europe/Berlin
Lyublino	Lyublino	RU	172000	Europe/Moscow
Mansfield	Mansfield	GB	171958	Europe/London
Reggio nell'Emilia	Reggio nell'Emilia	IT	171944	Europe/Rome
Barreiras	Barreiras	BR	171634	America/Bahia
Kēng Tung	Keng Tung	MM	171620	Asia/Yangon
Sioux Falls	Sioux Falls	US	171544	America/Chicago
Prizren	Prizren	XK	171464	Europe/Belgrade
Dongling	Dongling	CN	171454	Asia/Shanghai
Ungaran	Ungaran	ID	171378	Asia/Jakarta
Urayasu	Urayasu	JP	171362	Asia/Tokyo
Long Khánh	Long Khanh	VN	171276	Asia/Ho_Chi_Minh
Dagupan	Dagupan	PH	171271	Asia/Manila
Ontario	Ontario	US	171214	America/Los_Angeles
Watthana	Watthana	TH	171150	Asia/Bangkok
Verāval	Veraval	IN	171121	Asia/Kolkata
Navsari	Navsari	IN	171109	Asia/Kolkata
Imabari	Imabari	JP	170986	Asia/Tokyo
Mansa	Mansa	ZM	170965	Africa/Lusaka
Fort Collins	Fort Collins	US	170924	America/Denver
Bảo Lộc	Bao Loc	VN	170920	Asia/Ho_Chi_Minh
Kulim	Kulim	MY	170889	Asia/Kuala_Lumpur
Oshodi	Oshodi	NG	170870	Africa/Lagos
Ramat Gan	Ramat Gan	IL	170822	Asia/Jerusalem
Bahadurgarh	Bahadurgarh	IN	170767	Asia/Kolkata
Haldia	Haldia	IN	170695	Asia/Kolkata
Temirtau	Temirtau	KZ	170600	Asia/Almaty
East Helsinki	East Helsinki	FI	170557	Europe/Helsinki
Parnaíba	Parnaiba	BR	170491	America/Fortaleza
Carolina	Carolina	PR	170404	America/Puerto_Rico
Rāiganj	Raiganj	IN	170252	Asia/Kolkata
Malāyer	Malayer	IR	170237	Asia/Tehran
Springfield	Springfield	US	170188	America/Chicago
Sunderland	Sunderland	GB	170134	Europe/London
Takaoka	Takaoka	JP	170077	Asia/Tokyo
Baranovichi	Baranovichi	BY	170039	Europe/Minsk
Malda	Malda	IN	170039	Asia/Kolkata
Guadalupe	Guadalupe	MX	170029	America/Mexico_City
Nishio	Nishio	JP	169984	Asia/Tokyo
San Luis	San Luis	AR	169947	America/Argentina/San_Luis
Ouargla	Ouargla	DZ	169928	Africa/Algiers
Olsztyn	Olsztyn	PL	169793	Europe/Warsaw
Kipushi	Kipushi	CD	169635	Africa/Lubumbashi
Yuen Long Kau Hui	Yuen Long Kau Hui	HK	169600	Asia/Hong_Kong
Jaunpur	Jaunpur	IN	169572	Asia/Kolkata
Khlong Sam Wa	Khlong Sam Wa	TH	169489	Asia/Bangkok
Harburg	Harburg	DE	169221	Europe/Berlin
Chūō	Chuo	JP	169179	Asia/Tokyo
Mufulira	Mufulira	ZM	169136	Africa/Lusaka
Deoli	Deoli	IN	169122	Asia/Kolkata
Jaffna	Jaffna	LK	169102	Asia/Colombo
Arad	Arad	RO	169065	Europe/Bucharest
Chetumal	Chetumal	MX	169028	America/Cancun
Bharūch	Bharuch	IN	169007	Asia/Kolkata
Gurúè	Gurue	MZ	168971	Africa/Maputo
San Miguel	San Miguel	AR	168762	America/Argentina/Buenos_Aires
Hirosaki	Hirosaki	JP	168739	Asia/Tokyo
Chalco	Chalco	MX	168720	America/Mexico_City
Toulon	Toulon	FR	168701	Europe/Paris
Vila Andrade	Vila Andrade	BR	168669	America/Sao_Paulo
Hoshiārpur	Hoshiarpur	IN	168653	Asia/Kolkata
Calabozo	Calabozo	VE	168605	America/Caracas
Jabālyā	Jabalya	PS	168568	Asia/Gaza
Cuauhtémoc	Cuauhtemoc	MX	168482	America/Chihuahua
Araraquara	Araraquara	BR	168468	America/Sao_Paulo
Yopal	Yopal	CO	168433	America/Bogota
Ituzaingó	Ituzaingo	AR	168419	America/Argentina/Cordoba
Mahābād	Mahabad	IR	168393	Asia/Tehran
Piranshahr	Piranshahr	IR	168393	Asia/Tehran
Florencia	Florencia	CO	168346	America/Bogota
Tây Hồ	Tay Ho	VN	168300	Asia/Bangkok
Moratuwa	Moratuwa	LK	168280	Asia/Colombo
Angers	Angers	FR	168279	Europe/Paris
Ilford	Ilford	GB	168168	Europe/London
Hasilpur	Hasilpur	PK	168146	Asia/Karachi
Rio das Ostras	Rio das Ostras	BR	168099	America/Sao_Paulo
Horta-Guinardó	Horta-Guinardo	ES	168092	Europe/Madrid
Pátra	Patra	GR	168034	Europe/Athens
Rutchenkivskyi	Rutchenkivskyi	UA	168029	Europe/Kyiv
Đồng Xoài	GJong Xoai	VN	168000	Asia/Ho_Chi_Minh
Jamālpur	Jamalpur	BD	167900	Asia/Dhaka
Kushiro	Kushiro	JP	167875	Asia/Tokyo
Berezniki	Berezniki	RU	167748	Asia/Yekaterinburg
Awka	Awka	NG	167738	Africa/Lagos
Volgodonsk	Volgodonsk	RU	167731	Europe/Moscow
Hollywood	Hollywood	US	167664	America/Los_Angeles
Oyama	Oyama	JP	167647	Asia/Tokyo
Ijero-Ekiti	Ijero-Ekiti	NG	167632	Africa/Lagos
Jīnd	Jind	IN	167592	Asia/Kolkata
Miass	Miass	RU	167500	Asia/Yekaterinburg
Fortechnyi	Fortechnyi	UA	167451	Europe/Kyiv
Tuguegarao	Tuguegarao	PH	167297	Asia/Manila
Carúpano	Carupano	VE	167187	America/Caracas
Kumbakonam	Kumbakonam	IN	167155	Asia/Kolkata
Plumbon	Plumbon	ID	167105	Asia/Jakarta
Darmstadt	Darmstadt	DE	167029	Europe/Berlin
Mary	Mary	TM	167027	Asia/Ashgabat
Novocherkassk	Novocherkassk	RU	166974	Europe/Moscow
Elk Grove	Elk Grove	US	166913	America/Los_Angeles
Mohali	Mohali	IN	166864	Asia/Kolkata
Sampit	Sampit	ID	166773	Asia/Pontianak
Clarksville	Clarksville	US	166722	America/Chicago
Wan Chai	Wan Chai	HK	166695	Asia/Hong_Kong
Linköping	Linkoeping	SE	166673	Europe/Stockholm
Iwata	Iwata	JP	166672	Asia/Tokyo
Kamalia	Kamalia	PK	166617	Asia/Karachi
Pembroke Pines	Pembroke Pines	US	166611	America/New_York
Maicao	Maicao	CO	166603	America/Bogota
Obihiro	Obihiro	JP	166536	Asia/Tokyo
Fatehpur	Fatehpur	IN	166480	Asia/Kolkata
Osnabrück	Osnabrueck	DE	166462	Europe/Berlin
Calama	Calama	CL	166334	America/Santiago
Nou Barris	Nou Barris	ES	166310	Europe/Madrid
Nepalgunj	Nepalgunj	NP	166258	Asia/Kathmandu
Comitán	Comitan	MX	166178	America/Merida
Ocumare del Tuy	Ocumare del Tuy	VE	166072	America/Caracas
Niiza	Niiza	JP	166017	Asia/Tokyo
Greater Sudbury	Greater Sudbury	CA	166004	America/Toronto
Khobar	Khobar	SA	165799	Asia/Riyadh
Songcheng	Songcheng	CN	165730	Asia/Shanghai
Deer Valley	Deer Valley	US	165656	America/Phoenix
Bang Khun Thian	Bang Khun Thian	TH	165491	Asia/Bangkok
Murfreesboro	Murfreesboro	US	165430	America/Chicago
Bushehr	Bushehr	IR	165377	Asia/Tehran
Dar Bouazza	Dar Bouazza	MA	165295	Africa/Casablanca
Tonk	Tonk	IN	165294	Asia/Kolkata
Saqqez	Saqqez	IR	165258	Asia/Tehran
Béchar	Bechar	DZ	165241	Africa/Algiers
Tam Kỳ	Tam Ky	VN	165240	Asia/Ho_Chi_Minh
Gölbaşı	Goelbasi	TR	165201	Europe/Istanbul
Francisco Morato	Francisco Morato	BR	165139	America/Sao_Paulo
Bima	Bima	ID	165113	Asia/Makassar
Mu-se	Mu-se	MM	165022	Asia/Yangon
Shahrud	Shahrud	IR	165000	Asia/Tehran
Udupi	Udupi	IN	165000	Asia/Kolkata
Banjaran	Banjaran	ID	164952	Asia/Jakarta
Thenali	Thenali	IN	164937	Asia/Kolkata
Mthatha	Mthatha	ZA	164848	Africa/Johannesburg
Hengshan	Hengshan	CN	164844	Asia/Shanghai
Slough	Slough	GB	164793	Europe/London
Bocoio	Bocoio	AO	164685	Africa/Luanda
Neukölln	Neukoelln	DE	164636	Europe/Berlin
Port Saint Lucie	Port Saint Lucie	US	164603	America/New_York
Sītāpur	Sitapur	IN	164435	Asia/Kolkata
Alandur	Alandur	IN	164430	Asia/Kolkata
Zenica	Zenica	BA	164423	Europe/Sarajevo
Lajeado	Lajeado	BR	164391	America/Sao_Paulo
Solingen	Solingen	DE	164359	Europe/Berlin
Itapetininga	Itapetininga	BR	164256	America/Sao_Paulo
Ðông Hà	Dong Ha	VN	164228	Asia/Bangkok
Corona	Corona	US	164226	America/Los_Angeles
Ḩawallī	Hawalli	KW	164212	Asia/Kuwait
Musoma	Musoma	TZ	164172	Africa/Dar_es_Salaam
Inisa	Inisa	NG	164161	Africa/Lagos
Nazran	Nazran	RU	164131	Europe/Moscow
Ilagan	Ilagan	PH	164020	Asia/Manila
Port-Gentil	Port-Gentil	GA	164018	Africa/Libreville
Bhadrāvati	Bhadravati	IN	163903	Asia/Kolkata
Hadano	Hadano	JP	163787	Asia/Tokyo
Santana de Parnaíba	Santana de Parnaiba	BR	163787	America/Sao_Paulo
Piraeus	Piraeus	GR	163688	Europe/Athens
Vapi	Vapi	IN	163630	Asia/Kolkata
Bournemouth	Bournemouth	GB	163600	Europe/London
Pedreira	Pedreira	BR	163586	America/Sao_Paulo
Sidon	Sidon	LB	163554	Asia/Beirut
Caxias	Caxias	BR	163546	America/Fortaleza
‘Ibrī	'Ibri	OM	163473	Asia/Muscat
Jomvu	Jomvu	KE	163415	Africa/Nairobi
Garissa	Garissa	KE	163399	Africa/Nairobi
Moga	Moga	IN	163397	Asia/Kolkata
Peterborough	Peterborough	GB	163379	Europe/London
Piedecuesta	Piedecuesta	CO	163362	America/Bogota
Tongzhou	Tongzhou	CN	163326	Asia/Shanghai
Ludwigshafen am Rhein	Ludwigshafen am Rhein	DE	163196	Europe/Berlin
Lat Krabang	Lat Krabang	TH	163175	Asia/Bangkok
Büyükçekmece	Bueyuekcekmece	TR	163140	Europe/Istanbul
Şalālah	Salalah	OM	163140	Asia/Muscat
Rāj-Nāndgaon	Raj-Nandgaon	IN	163114	Asia/Kolkata
Aydın	Aydin	TR	163022	Europe/Istanbul
Envigado	Envigado	CO	163007	America/Bogota
Itapecerica da Serra	Itapecerica da Serra	BR	163003	America/Sao_Paulo
Al-Junaynah	Al-Junaynah	SD	162981	Africa/Khartoum
Anbu	Anbu	CN	162964	Asia/Shanghai
McKinney	McKinney	US	162898	America/Chicago
Mostaganem	Mostaganem	DZ	162885	Africa/Algiers
Chirchiq	Chirchiq	UZ	162800	Asia/Tashkent
Bandar-e Māhshahr	Bandar-e Mahshahr	IR	162797	Asia/Tehran
Floridsdorf	Floridsdorf	AT	162779	Europe/Vienna
Leverkusen	Leverkusen	DE	162738	Europe/Berlin
Pandi	Pandi	PH	162725	Asia/Manila
Capas	Capas	PH	162724	Asia/Manila
Ning’er	Ning'er	CN	162711	Asia/Shanghai
Haarlem	Haarlem	NL	162543	Europe/Amsterdam
Arnhem	Arnhem	NL	162424	Europe/Amsterdam
Nkongsamba	Nkongsamba	CM	162309	Africa/Douala
El Vigía	El Vigia	VE	162289	America/Caracas
Araucária	Araucaria	BR	162247	America/Sao_Paulo
Robertsonpet	Robertsonpet	IN	162230	Asia/Kolkata
Kitale	Kitale	KE	162174	Africa/Nairobi
Suleja	Suleja	NG	162135	Africa/Lagos
Pouso Alegre	Pouso Alegre	BR	162133	America/Sao_Paulo
Taza	Taza	MA	162110	Africa/Casablanca
Oxford	Oxford	GB	162100	Europe/London
Al Maţarīyah	Al Matariyah	EG	162045	Africa/Cairo
Kunduz	Kunduz	AF	161902	Asia/Kabul
Fengcheng	Fengcheng	CN	161850	Asia/Shanghai
Trảng Bàng	Trang Bang	VN	161831	Asia/Ho_Chi_Minh
Unnāo	Unnao	IN	161671	Asia/Kolkata
Hortaleza	Hortaleza	ES	161661	Europe/Madrid
N'dalatando	N'dalatando	AO	161584	Africa/Luanda
Budaun	Budaun	IN	161555	Asia/Kolkata
Ōgaki	Ogaki	JP	161539	Asia/Tokyo
Newport	Newport	GB	161506	Europe/London
Coquimbo	Coquimbo	CL	161317	America/Santiago
Baubau	Baubau	ID	161280	Asia/Makassar
Đưc Trọng	GJuc Trong	VN	161232	Asia/Ho_Chi_Minh
Blitar	Blitar	ID	161204	Asia/Jakarta
Alagoinhas	Alagoinhas	BR	161196	America/Bahia
KwaDukuza	KwaDukuza	ZA	161177	Africa/Johannesburg
Miyakonojō	Miyakonojo	JP	161137	Asia/Tokyo
Madhyamgram	Madhyamgram	IN	161126	Asia/Kolkata
Lancaster	Lancaster	US	161103	America/Los_Angeles
Rubtsovsk	Rubtsovsk	RU	161065	Asia/Barnaul
Tacheng	Tacheng	CN	161037	Asia/Urumqi
Kindia	Kindia	GN	161024	Africa/Conakry
Tauranga	Tauranga	NZ	161000	Pacific/Auckland
Kalemie	Kalemie	CD	160961	Africa/Lubumbashi
Chatuchak	Chatuchak	TH	160906	Asia/Bangkok
San Juan de los Morros	San Juan de los Morros	VE	160868	America/Caracas
Sayama	Sayama	JP	160843	Asia/Tokyo
Sullana	Sullana	PE	160789	America/Lima
's-Hertogenbosch	's-Hertogenbosch	NL	160783	Europe/Amsterdam
Szeged	Szeged	HU	160766	Europe/Budapest
Malakal	Malakal	SS	160765	Africa/Juba
Chittoor	Chittoor	IN	160722	Asia/Kolkata
Toledo	Toledo	BR	160701	America/Sao_Paulo
Salamanca	Salamanca	MX	160682	America/Mexico_City
Ban Khlong Prawet	Ban Khlong Prawet	TH	160671	Asia/Bangkok
La Gi	La Gi	VN	160652	Asia/Ho_Chi_Minh
Anderlecht	Anderlecht	BE	160553	Europe/Brussels
Mytishchi	Mytishchi	RU	160542	Europe/Moscow
Delegación Cuajimalpa de Morelos	Delegacion Cuajimalpa de Morelos	MX	160491	America/Mexico_City
Hebron	Hebron	PS	160470	Asia/Hebron
Camaragibe	Camaragibe	BR	160318	America/Recife
Mogi Guaçu	Mogi Guacu	BR	160318	America/Sao_Paulo
Mejicanos	Mejicanos	SV	160317	America/El_Salvador
Trà Vinh	Tra Vinh	VN	160310	Asia/Ho_Chi_Minh
Parepare	Parepare	ID	160309	Asia/Makassar
Jāmuria	Jamuria	IN	160242	Asia/Kolkata
Koudougou	Koudougou	BF	160239	Africa/Ouagadougou
Nyzhnodniprovsk	Nyzhnodniprovsk	UA	160123	Europe/Kyiv
Taunggyi	Taunggyi	MM	160115	Asia/Yangon
Dhamār	Dhamar	YE	160114	Asia/Aden
Ash Sharqāt	Ash Sharqat	IQ	160000	Asia/Baghdad
Dubai Investments Park	Dubai Investments Park	AE	160000	Asia/Dubai
Dijon	Dijon	FR	159941	Europe/Paris
Salavat	Salavat	RU	159893	Asia/Yekaterinburg
Ede	Ede	NG	159866	Africa/Lagos
Sukrah	Sukrah	TN	159862	Africa/Tunis
Manzanillo	Manzanillo	MX	159853	America/Mexico_City
Jalapa	Jalapa	GT	159840	America/Guatemala
Paech’ŏn-ŭp	Paech'on-up	KP	159825	Asia/Pyongyang
Cary	Cary	US	159769	America/New_York
Skudai	Skudai	MY	159733	Asia/Kuala_Lumpur
Tahoua	Tahoua	NE	159468	Africa/Niamey
Alexandria	Alexandria	US	159467	America/New_York
Tuxtepec	Tuxtepec	MX	159452	America/Mexico_City
Puthia	Puthia	BD	159406	Asia/Dhaka
Newton	Newton	CA	159390	America/Vancouver
Paris 16 Passy	Paris 16 Passy	FR	159386	Europe/Paris
Zhicheng	Zhicheng	CN	159383	Asia/Shanghai
Ang Mo Kio New Town	Ang Mo Kio New Town	SG	159340	Asia/Singapore
Limuru	Limuru	KE	159314	Africa/Nairobi
San Miguel del Padrón	San Miguel del Padron	CU	159273	America/Havana
Tarija	Tarija	BO	159269	America/La_Paz
Patos de Minas	Patos de Minas	BR	159235	America/Sao_Paulo
Oldenburg	Oldenburg	DE	159218	Europe/Berlin
Paris 17 Batignolles-Monceau	Paris 17 Batignolles-Monceau	FR	159212	Europe/Paris
Matsusaka	Matsusaka	JP	159145	Asia/Tokyo
Catamarca	Catamarca	AR	159139	America/Argentina/Catamarca
Tochigi	Tochigi	JP	159056	Asia/Tokyo
Bibirevo	Bibirevo	RU	159000	Europe/Moscow
Khoroshëvo-Mnevniki	Khoroshevo-Mnevniki	RU	159000	Europe/Moscow
Bordj Bou Arreridj	Bordj Bou Arreridj	DZ	158812	Africa/Algiers
Dīla	Dila	ET	158800	Africa/Addis_Ababa
Jaigaon	Jaigaon	IN	158664	Asia/Kolkata
Atibaia	Atibaia	BR	158647	America/Sao_Paulo
Batāla	Batala	IN	158621	Asia/Kolkata
Grenoble	Grenoble	FR	158552	Europe/Paris
Sāmarrā’	Samarra'	IQ	158508	Asia/Baghdad
Tempe Junction	Tempe Junction	US	158368	America/Phoenix
Palmdale	Palmdale	US	158351	America/Los_Angeles
George Town	George Town	MY	158336	Asia/Kuala_Lumpur
El Achir	El Achir	DZ	158333	Africa/Algiers
Hayward	Hayward	US	158289	America/Los_Angeles
Orai	Orai	IN	158265	Asia/Kolkata
Thốt Nốt	Thot Not	VN	158225	Asia/Ho_Chi_Minh
Gweru	Gweru	ZW	158200	Africa/Harare
Abaetetuba	Abaetetuba	BR	158188	America/Belem
Centro Habana	Centro Habana	CU	158151	America/Havana
Panguíla	Panguila	AO	158068	Africa/Luanda
Bukit Batok New Town	Bukit Batok New Town	SG	158030	Asia/Singapore
Chom Thong	Chom Thong	TH	158005	Asia/Bangkok
Gol’yanovo	Gol'yanovo	RU	158000	Europe/Moscow
Sunggal	Sunggal	ID	157914	Asia/Jakarta
Industrialnyi	Industrialnyi	UA	157900	Europe/Kyiv
Admiralteisky	Admiralteisky	RU	157897	Europe/Moscow
Diourbel	Diourbel	SN	157554	Africa/Dakar
Ueda	Ueda	JP	157480	Asia/Tokyo
Aberdeen	Aberdeen	HK	157400	Asia/Hong_Kong
Avtozavodskyi	Avtozavodskyi	UA	157382	Europe/Kyiv
Salinas	Salinas	US	157380	America/Los_Angeles
San Blas-Canillejas	San Blas-Canillejas	ES	157367	Europe/Madrid
Cuautla	Cuautla	MX	157336	America/Mexico_City
Salzburg	Salzburg	AT	157245	Europe/Vienna
Perbaungan	Perbaungan	ID	157174	Asia/Jakarta
Nong Chok	Nong Chok	TH	157138	Asia/Bangkok
Ussuriysk	Ussuriysk	RU	157068	Asia/Vladivostok
Arif Wala	Arif Wala	PK	157063	Asia/Karachi
Nanpiao	Nanpiao	CN	157044	Asia/Shanghai
Livorno	Livorno	IT	157017	Europe/Rome
Río Cuarto	Rio Cuarto	AR	157010	America/Argentina/Cordoba
Harar	Harar	ET	157000	Africa/Addis_Ababa
Tiraspol	Tiraspol	MD	157000	Europe/Chisinau
Enfield Town	Enfield Town	GB	156858	Europe/London
Westonaria	Westonaria	ZA	156831	Africa/Johannesburg
Lizhi	Lizhi	CN	156753	Asia/Shanghai
Hitachi-Naka	Hitachi-Naka	JP	156581	Asia/Tokyo
Saharsa	Saharsa	IN	156540	Asia/Kolkata
Qalyub	Qalyub	EG	156363	Africa/Cairo
Escuintla	Escuintla	GT	156313	America/Guatemala
Marbella	Marbella	ES	156295	Europe/Madrid
Ereğli	Eregli	TR	156253	Europe/Istanbul
Batu Pahat	Batu Pahat	MY	156236	Asia/Kuala_Lumpur
Sitiawan	Sitiawan	MY	156234	Asia/Kuala_Lumpur
Mariveles	Mariveles	PH	156200	Asia/Manila
San Pablo de las Salinas	San Pablo de las Salinas	MX	156191	America/Mexico_City
Lampang	Lampang	TH	156139	Asia/Bangkok
York	York	GB	156135	Europe/London
Bạc Liêu	Bac Lieu	VN	156110	Asia/Ho_Chi_Minh
Juja	Juja	KE	156041	Africa/Nairobi
Fès al Bali	Fes al Bali	MA	156000	Africa/Casablanca
Nek’emtē	Nek'emte	ET	156000	Africa/Addis_Ababa
Örebro	OErebro	SE	155989	Europe/Stockholm
Al Miqdādīyah	Al Miqdadiyah	IQ	155968	Asia/Baghdad
Katsuta	Katsuta	JP	155968	Asia/Tokyo
Malabo	Malabo	GQ	155963	Africa/Malabo
Vidisha	Vidisha	IN	155951	Asia/Kolkata
Tuy Hòa	Tuy Hoa	VN	155921	Asia/Ho_Chi_Minh
Yizhou	Yizhou	CN	155872	Asia/Shanghai
Xinqiao	Xinqiao	CN	155856	Asia/Shanghai
Sunnyvale	Sunnyvale	US	155805	America/Los_Angeles
Tema	Tema	GH	155782	Africa/Accra
Yichun	Yichun	CN	155762	Asia/Shanghai
Đức Phổ	GJuc Pho	VN	155743	Asia/Ho_Chi_Minh
San Martin Texmelucan de Labastida	San Martin Texmelucan de Labastida	MX	155738	America/Mexico_City
Ar Ramthā	Ar Ramtha	JO	155693	Asia/Amman
Hanumāngarh	Hanumangarh	IN	155687	Asia/Kolkata
São Mateus	Sao Mateus	BR	155682	America/Sao_Paulo
Zemun	Zemun	RS	155591	Europe/Belgrade
Telford	Telford	GB	155570	Europe/London
Kisi	Kisi	NG	155510	Africa/Lagos
Nilópolis	Nilopolis	BR	155500	America/Sao_Paulo
Villa Canales	Villa Canales	GT	155423	America/Guatemala
Guyong	Guyong	PH	155391	Asia/Manila
Settat	Settat	MA	155333	Africa/Casablanca
Brusque	Brusque	BR	155307	America/Sao_Paulo
Paço do Lumiar	Paco do Lumiar	BR	155307	America/Fortaleza
Jampur	Jampur	PK	155243	Asia/Karachi
Port Louis	Port Louis	MU	155226	Indian/Mauritius
Kawanishi	Kawanishi	JP	155165	Asia/Tokyo
Thānesar	Thanesar	IN	155152	Asia/Kolkata
Al Ḩawāmidīyah	Al Hawamidiyah	EG	155055	Africa/Cairo
Hassan	Hassan	IN	155006	Asia/Kolkata
Lianghu	Lianghu	CN	155000	Asia/Shanghai
Tetuán de las Victorias	Tetuan de las Victorias	ES	155000	Europe/Madrid
Birendranagar	Birendranagar	NP	154886	Asia/Kathmandu
Kishangarh	Kishangarh	IN	154886	Asia/Kolkata
Dalūpura	Dalupura	IN	154791	Asia/Kolkata
Guangshui	Guangshui	CN	154771	Asia/Shanghai
Saint-Denis	Saint-Denis	RE	154765	Indian/Reunion
Brăila	Braila	RO	154686	Europe/Bucharest
Lyubertsy	Lyubertsy	RU	154650	Europe/Moscow
Bumba	Bumba	CD	154586	Africa/Kinshasa
Rudrapur	Rudrapur	IN	154554	Asia/Kolkata
La Serena	La Serena	CL	154521	America/Santiago
Miskolc	Miskolc	HU	154521	Europe/Budapest
Abū Kabīr	Abu Kabir	EG	154466	Africa/Cairo
Fu’an	Fu'an	CN	154439	Asia/Shanghai
Kitengela	Kitengela	KE	154436	Africa/Nairobi
Frisco	Frisco	US	154407	America/Chicago
Zhaodong	Zhaodong	CN	154406	Asia/Shanghai
Wujiaqu	Wujiaqu	CN	154400	Asia/Urumqi
Shomolu	Shomolu	NG	154390	Africa/Lagos
Janzūr	Janzur	LY	154389	Africa/Tripoli
Xai-Xai	Xai-Xai	MZ	154356	Africa/Maputo
Springfield	Springfield	US	154341	America/New_York
Nalgonda	Nalgonda	IN	154326	Asia/Kolkata
Katabi	Katabi	UG	154300	Africa/Kampala
Gwangyang	Gwangyang	KR	154266	Asia/Seoul
Kovrov	Kovrov	RU	154224	Europe/Moscow
Viranşehir	Viransehir	TR	154163	Europe/Istanbul
Noda	Noda	JP	154114	Asia/Tokyo
San Cristóbal	San Cristobal	DO	154040	America/Santo_Domingo
East Chattanooga	East Chattanooga	US	154024	America/New_York
Limassol	Limassol	CY	154000	Asia/Nicosia
Kariya	Kariya	JP	153834	Asia/Tokyo
Pasadena	Pasadena	US	153784	America/Chicago
Mīt Ghamr	Mit Ghamr	EG	153754	Africa/Cairo
Sanshui	Sanshui	CN	153714	Asia/Shanghai
Jackson	Jackson	US	153701	America/Chicago
Parelheiros	Parelheiros	BR	153695	America/Sao_Paulo
Enschede	Enschede	NL	153655	Europe/Amsterdam
Boshan	Boshan	CN	153596	Asia/Shanghai
Hazāribāgh	Hazaribagh	IN	153595	Asia/Kolkata
Yangchun	Yangchun	CN	153547	Asia/Shanghai
Souk Ahras	Souk Ahras	DZ	153479	Africa/Algiers
Musanze	Musanze	RW	153368	Africa/Kigali
Medinīpur	Medinipur	IN	153349	Asia/Kolkata
Andong	Andong	KR	153348	Asia/Seoul
Bālurghāt	Balurghat	IN	153279	Asia/Kolkata
Pomona	Pomona	US	153266	America/Los_Angeles
Valle de La Pascua	Valle de La Pascua	VE	153136	America/Caracas
Kreuzberg	Kreuzberg	DE	153135	Europe/Berlin
Chincha Alta	Chincha Alta	PE	153076	America/Lima
Cairns	Cairns	AU	153075	Australia/Brisbane
Fyzābād	Fyzabad	IN	153047	Asia/Kolkata
Thị Trấn Thuận Châu	Thi Tran Thuan Chau	VN	153000	Asia/Ho_Chi_Minh
Dinapore	Dinapore	IN	152940	Asia/Kolkata
Dingzhou	Dingzhou	CN	152934	Asia/Shanghai
Kansas City	Kansas City	US	152933	America/Chicago
As Samawah	As Samawah	IQ	152890	Asia/Baghdad
Porbandar	Porbandar	IN	152760	Asia/Kolkata
Sinp’o	Sinp'o	KP	152759	Asia/Pyongyang
Pengpu	Pengpu	CN	152725	Asia/Shanghai
Wazirabad	Wazirabad	PK	152624	Asia/Karachi
Washington Heights	Washington Heights	US	152613	America/New_York
Lakewood	Lakewood	US	152597	America/Denver
Baqubah	Baqubah	IQ	152550	Asia/Baghdad
Simele	Simele	IQ	152512	Asia/Baghdad
Sumayl	Sumayl	IQ	152512	Asia/Baghdad
Neuss	Neuss	DE	152457	Europe/Berlin
Chenghua	Chenghua	CN	152453	Asia/Shanghai
Songnim-ni	Songnim-ni	KP	152425	Asia/Pyongyang
Bānda	Banda	IN	152218	Asia/Kolkata
Cần Giuộc	Can Giuoc	VN	152200	Asia/Ho_Chi_Minh
Balvanera	Balvanera	AR	152198	America/Argentina/Buenos_Aires
Longfeng	Longfeng	CN	152074	Asia/Shanghai
Beining	Beining	CN	152033	Asia/Shanghai
Strogino	Strogino	RU	152000	Europe/Moscow
Gonbad-e Kāvūs	Gonbad-e Kavus	IR	151910	Asia/Tehran
Etwatwa	Etwatwa	ZA	151866	Africa/Johannesburg
Higashimurayama	Higashimurayama	JP	151815	Asia/Tokyo
Garanhuns	Garanhuns	BR	151803	America/Recife
Amsterdam Nieuw-West	Amsterdam Nieuw-West	NL	151677	Europe/Amsterdam
Hindupur	Hindupur	IN	151677	Asia/Kolkata
Stavanger	Stavanger	NO	151669	Europe/Oslo
Bintulu	Bintulu	MY	151617	Asia/Kuching
Poole	Poole	GB	151500	Europe/London
Akhmīm	Akhmim	EG	151430	Africa/Cairo
Kohat	Kohat	PK	151427	Asia/Karachi
Regensburg	Regensburg	DE	151389	Europe/Berlin
Layyah	Layyah	PK	151274	Asia/Karachi
Girga	Girga	EG	151256	Africa/Cairo
Koforidua	Koforidua	GH	151255	Africa/Accra
Bukit Merah Estate	Bukit Merah Estate	SG	151250	Asia/Singapore
Logroño	Logrono	ES	151164	Europe/Madrid
Beāwar	Beawar	IN	151152	Asia/Kolkata
Sykhiv	Sykhiv	UA	151131	Europe/Kyiv
Shujaabad	Shujaabad	PK	151115	Asia/Karachi
Escondido	Escondido	US	151038	America/Los_Angeles
Ṣuwayliḥ	Suwaylih	JO	151016	Asia/Amman
Erzincan	Erzincan	TR	150714	Europe/Istanbul
Kırşehir	Kirsehir	TR	150700	Europe/Istanbul
Zarichnyi	Zarichnyi	UA	150694	Europe/Kyiv
La Laguna	La Laguna	ES	150661	Atlantic/Canary
Kokshetau	Kokshetau	KZ	150649	Asia/Almaty
Eminabad	Eminabad	PK	150646	Asia/Karachi
Anantnag	Anantnag	IN	150592	Asia/Kolkata
Kukichūō	Kukichuo	JP	150582	Asia/Tokyo
Badajoz	Badajoz	ES	150530	Europe/Madrid
Serilingampalle	Serilingampalle	IN	150525	Asia/Kolkata
Malatia-Sebastia	Malatia-Sebastia	AM	150500	Asia/Yerevan
Talcahuano	Talcahuano	CL	150499	America/Santiago
Chillán	Chillan	CL	150396	America/Santiago
Jaranwala	Jaranwala	PK	150380	Asia/Karachi
Kỳ Anh	Ky Anh	VN	150226	Asia/Bangkok
Nong Khaem	Nong Khaem	TH	150218	Asia/Bangkok
Piedras Negras	Piedras Negras	MX	150178	America/Matamoros
Kızıltepe	Kiziltepe	TR	150174	Europe/Istanbul
Astoria	Astoria	US	150165	America/New_York
Musashino	Musashino	JP	150149	Asia/Tokyo
Paranaguá	Paranagua	BR	150104	America/Sao_Paulo
Balashikha	Balashikha	RU	150103	Europe/Moscow
Raigarh	Raigarh	IN	150019	Asia/Kolkata
Gloucester	Gloucester	CA	150012	America/Toronto
Vryheid	Vryheid	ZA	150012	Africa/Johannesburg
Bandar Tasik Puteri	Bandar Tasik Puteri	MY	150000	Asia/Kuala_Lumpur
Bercham	Bercham	MY	150000	Asia/Kuala_Lumpur
Dili	Dili	TL	150000	Asia/Dili
Gimcheon	Gimcheon	KR	150000	Asia/Seoul
Malkajgiri	Malkajgiri	IN	150000	Asia/Kolkata
Setia Alam	Setia Alam	MY	150000	Asia/Kuala_Lumpur
Tordher	Tordher	PK	150000	Asia/Karachi
Zhulebino	Zhulebino	RU	150000	Europe/Moscow
Shāntipur	Shantipur	IN	149983	Asia/Kolkata
Chishtian	Chishtian	PK	149939	Asia/Karachi
Playa del Carmen	Playa del Carmen	MX	149923	America/Cancun
Santa Rita	Santa Rita	BR	149910	America/Fortaleza
Split	Split	HR	149830	Europe/Zagreb
Ursynów	Ursynow	PL	149775	Europe/Warsaw
Hollywood	Hollywood	US	149728	America/New_York
Madrid Centro	Madrid Centro	ES	149718	Europe/Madrid
Iguatemi	Iguatemi	BR	149700	America/Sao_Paulo
Harunabad	Harunabad	PK	149679	Asia/Karachi
Shūnan	Shunan	JP	149632	Asia/Tokyo
Agadez	Agadez	NE	149549	Africa/Niamey
Burnley	Burnley	GB	149422	Europe/London
Reẖovot	Rehovot	IL	149392	Asia/Jerusalem
Watampone	Watampone	ID	149336	Asia/Makassar
Sabha	Sabha	LY	149329	Africa/Tripoli
Disūq	Disuq	EG	149291	Africa/Cairo
Cagliari	Cagliari	IT	149257	Europe/Rome
Borough Park	Borough Park	US	149248	America/New_York
Harrow	Harrow	GB	149246	Europe/London
Berrechid	Berrechid	MA	149201	Africa/Casablanca
Queimados	Queimados	BR	149093	America/Sao_Paulo
Tambacounda	Tambacounda	SN	149071	Africa/Dakar
Huddersfield	Huddersfield	GB	149017	Europe/London
Ārabī	Arabi	ET	148933	Africa/Addis_Ababa
Kerch	Kerch	UA	148932	Europe/Simferopol
Saguenay	Saguenay	CA	148886	America/Toronto
Prenzlauer Berg	Prenzlauer Berg Bezirk	DE	148878	Europe/Berlin
Fazenda Rio Grande	Fazenda Rio Grande	BR	148873	America/Sao_Paulo
Komaki	Komaki	JP	148872	Asia/Tokyo
Marvdasht	Marvdasht	IR	148858	Asia/Tehran
Melitopol	Melitopol	UA	148851	Europe/Kyiv
Dunhua	Dunhua	CN	148844	Asia/Shanghai
Bhuj	Bhuj	IN	148834	Asia/Kolkata
Arganzuela	Arganzuela	ES	148797	Europe/Madrid
Jyväskylä	Jyvaeskylae	FI	148744	Europe/Helsinki
Yonago	Yonago	JP	148720	Asia/Tokyo
Ruqi	Ruqi	SO	148702	Africa/Mogadishu
Rimini	Rimini	IT	148688	Europe/Rome
Coquitlam	Coquitlam	CA	148625	America/Vancouver
Aḍ-Ḍawāḥy	Ad-Dawahy	EG	148624	Africa/Cairo
Arar	Arar	SA	148540	Asia/Riyadh
Valencia	Valencia	US	148456	America/Los_Angeles
Moreno	Moreno	AR	148290	America/Argentina/Buenos_Aires
Tama	Tama	JP	148285	Asia/Tokyo
Rockford	Rockford	US	148278	America/Chicago
El Limón	El Limon	VE	148247	America/Caracas
Kalaban Koro	Kalaban Koro	ML	148247	Africa/Bamako
Nîmes	Nimes	FR	148236	Europe/Paris
Dundee	Dundee	GB	148210	Europe/London
Bārākpur	Barakpur	IN	148174	Asia/Kolkata
Sao Rafael	Sao Rafael	BR	148145	America/Sao_Paulo
Sujiatun	Sujiatun	CN	148113	Asia/Shanghai
Astanajapura	Astanajapura	ID	148047	Asia/Jakarta
Xebat	Xebat	IQ	148047	Asia/Baghdad
Ciudad Delicias	Ciudad Delicias	MX	148045	America/Chihuahua
Siguiri	Siguiri	GN	148018	Africa/Conakry
Mbanza Kongo	Mbanza Kongo	AO	148000	Africa/Luanda
East Hampton	East Hampton	US	147993	America/New_York
Honggang	Honggang	CN	147977	Asia/Shanghai
Sarrià-Sant Gervasi	Sarria-Sant Gervasi	ES	147912	Europe/Madrid
Kiambu	Kiambu	KE	147870	Africa/Nairobi
Clermont-Ferrand	Clermont-Ferrand	FR	147865	Europe/Paris
Joliet	Joliet	US	147861	America/Chicago
Barrie	Barrie	CA	147829	America/Toronto
Bang Kapi	Bang Kapi	TH	147800	Asia/Bangkok
Yima	Yima	CN	147800	Asia/Shanghai
Savannah	Savannah	US	147780	America/New_York
Paterson	Paterson	US	147754	America/New_York
Salamanca	Salamanca	ES	147707	Europe/Madrid
Kolomna	Kolomna	RU	147690	Europe/Moscow
Hājīpur	Hajipur	IN	147688	Asia/Kolkata
Rafsanjān	Rafsanjan	IR	147680	Asia/Tehran
Hòa Thành	Hoa Thanh	VN	147666	Asia/Ho_Chi_Minh
Mestre	Mestre	IT	147662	Europe/Rome
As Sālimīyah	As Salimiyah	KW	147649	Asia/Kuwait
Bridgeport	Bridgeport	US	147629	America/New_York
Shevchenko	Shevchenko	UA	147600	Europe/Kyiv
Kuntsevo	Kuntsevo	RU	147497	Europe/Moscow
Kragujevac	Kragujevac	RS	147473	Europe/Belgrade
Aktau	Aktau	KZ	147443	Asia/Aqtau
Nusantara	Nusantara	ID	147430	Asia/Makassar
Balcón de la Lisa	Balcon de la Lisa	CU	147415	America/Havana
Sasarām	Sasaram	IN	147408	Asia/Kolkata
Bohuniya	Bohuniya	UA	147324	Europe/Kyiv
Iruma	Iruma	JP	147166	Asia/Tokyo
Renca	Renca	CL	147151	America/Santiago
Kramatorsk	Kramatorsk	UA	147145	Europe/Kyiv
Naperville	Naperville	US	147100	America/Chicago
Manama	Manama	BH	147074	Asia/Bahrain
Colima	Colima	MX	146965	America/Mexico_City
Bhimavaram	Bhimavaram	IN	146961	Asia/Kolkata
Lárisa	Larisa	GR	146926	Europe/Athens
Nakhodka	Nakhodka	RU	146920	Asia/Vladivostok
Debre Birhan	Debre Birhan	ET	146900	Africa/Addis_Ababa
Cacuaco	Cacuaco	AO	146867	Africa/Luanda
Slobidskyi	Slobidskyi	UA	146850	Europe/Kyiv
Aix-en-Provence	Aix-en-Provence	FR	146821	Europe/Paris
Cam Ranh	Cam Ranh	VN	146771	Asia/Ho_Chi_Minh
Jalalpur Jattan	Jalalpur Jattan	PK	146743	Asia/Karachi
Matanzas	Matanzas	CU	146733	America/Havana
Beed	Beed	IN	146709	Asia/Kolkata
Khasnahzān	Khasnahzan	IQ	146639	Asia/Baghdad
Taozhou	Taozhou	CN	146610	Asia/Shanghai
Saint-Quentin-en-Yvelines	Saint-Quentin-en-Yvelines	FR	146598	Europe/Paris
Bandar Bukit Raja	Bandar Bukit Raja	MY	146534	Asia/Kuala_Lumpur
Blackburn	Blackburn	GB	146521	Europe/London
Rosemont–La Petite-Patrie	Rosemont-La Petite-Patrie	CA	146501	America/Toronto
Colina	Colina	CL	146207	America/Santiago
Burāri	Burari	IN	146190	Asia/Kolkata
Ruda Śląska	Ruda Slaska	PL	146189	Europe/Warsaw
Nouadhibou	Nouadhibou	MR	146048	Africa/Nouakchott
Puerto Plata	Puerto Plata	DO	146000	America/Santo_Domingo
Urdaneta	Urdaneta	PH	145935	Asia/Manila
Chamberí	Chamberi	ES	145934	Europe/Madrid
Krishnanagar	Krishnanagar	IN	145926	Asia/Kolkata
Xinji	Xinji	CN	145911	Asia/Shanghai
Jutiapa	Jutiapa	GT	145880	America/Guatemala
Chitradurga	Chitradurga	IN	145853	Asia/Kolkata
Bueng Kum	Bueng Kum	TH	145830	Asia/Bangkok
Cambridge	Cambridge	GB	145674	Europe/London
Kampung Pasir Gudang Baru	Kampung Pasir Gudang Baru	MY	145639	Asia/Kuala_Lumpur
Kampung Sungai Glugur	Kampung Sungai Glugur	MY	145600	Asia/Kuala_Lumpur
Dibrugarh	Dibrugarh	IN	145488	Asia/Kolkata
Médéa	Medea	DZ	145441	Africa/Algiers
Taishan	Taishan	CN	145440	Asia/Shanghai
El Eulma	El Eulma	DZ	145380	Africa/Algiers
Pécs	Pecs	HU	145347	Europe/Budapest
Giá Rai	Gia Rai	VN	145340	Asia/Ho_Chi_Minh
Abohar	Abohar	IN	145302	Asia/Kolkata
Tiruvannamalai	Tiruvannamalai	IN	145278	Asia/Kolkata
Teixeira de Freitas	Teixeira de Freitas	BR	145216	America/Bahia
Gainesville	Gainesville	US	145214	America/New_York
Concordia	Concordia	AR	145210	America/Argentina/Cordoba
Botucatu	Botucatu	BR	145155	America/Sao_Paulo
Fujieda	Fujieda	JP	145032	Asia/Tokyo
Spanish Town	Spanish Town	JM	145018	America/Jamaica
Blackpool	Blackpool	GB	145007	Europe/London
Urganch	Urganch	UZ	145000	Asia/Samarkand
Bukoba	Bukoba	TZ	144938	Africa/Dar_es_Salaam
Kaithal	Kaithal	IN	144915	Asia/Kolkata
Ingombota	Ingombota	AO	144911	Africa/Luanda
Brest	Brest	FR	144899	Europe/Paris
Basildon	Basildon	GB	144859	Europe/London
Franco da Rocha	Franco da Rocha	BR	144849	America/Sao_Paulo
Salamanca	Salamanca	ES	144825	Europe/Madrid
Villeray–Saint-Michel–Parc-Extension	Villeray-Saint-Michel-Parc-Extension	CA	144814	America/Toronto
Mesquite	Mesquite	US	144788	America/Chicago
Ashikaga	Ashikaga	JP	144746	Asia/Tokyo
Huyện Lâm Hà	Huyen Lam Ha	VN	144707	Asia/Ho_Chi_Minh
Acheng	Acheng	CN	144665	Asia/Shanghai
Kelowna	Kelowna	CA	144576	America/Vancouver
Umarkot	Umarkot	PK	144558	Asia/Karachi
León	Leon	NI	144538	America/Managua
Kakamigahara	Kakamigahara	JP	144521	Asia/Tokyo
Le Mans	Le Mans	FR	144515	Europe/Paris
Lodhran	Lodhran	PK	144512	Asia/Karachi
Campo Largo	Campo Largo	BR	144504	America/Sao_Paulo
Trois-Rivières	Trois-Rivieres	CA	144472	America/Toronto
Hailin	Hailin	CN	144443	Asia/Shanghai
Amsterdam-Zuid	Amsterdam-Zuid	NL	144432	Europe/Amsterdam
Tsuchiura	Tsuchiura	JP	144399	Asia/Tokyo
Elektrostal’	Elektrostal'	RU	144387	Europe/Moscow
Balasore	Balasore	IN	144373	Asia/Kolkata
Yong’an	Yong'an	CN	144314	Asia/Shanghai
Paris 11e Arrondissement	Paris 11e Arrondissement	FR	144292	Europe/Paris
Kampong Pasir Ris	Kampong Pasir Ris	SG	144260	Asia/Singapore
Huelva	Huelva	ES	144258	Europe/Madrid
Nemyshlyanskyi	Nemyshlyanskyi	UA	144200	Europe/Kyiv
Navoiy	Navoiy	UZ	144158	Asia/Samarkand
Syracuse	Syracuse	US	144142	America/New_York
Ashkelon	Ashkelon	IL	144073	Asia/Jerusalem
Pinetown	Pinetown	ZA	144026	Africa/Johannesburg
Teshi Old Town	Teshi Old Town	GH	144013	Africa/Accra
Biryulëvo	Biryulevo	RU	144000	Europe/Moscow
Orekhovo-Borisovo	Orekhovo-Borisovo	RU	144000	Europe/Moscow
Kusatsu	Kusatsu	JP	143913	Asia/Tokyo
Amsterdam-West	Amsterdam-West	NL	143842	Europe/Amsterdam
Nanjin	Nanjin	CN	143766	Asia/Shanghai
Guelph	Guelph	CA	143740	America/Toronto
Qianjiang	Qianjiang	CN	143727	Asia/Shanghai
Ramna Maidan	Ramna Maidan	BD	143677	Asia/Dhaka
Godhra	Godhra	IN	143644	Asia/Kolkata
Khemisset	Khemisset	MA	143640	Africa/Casablanca
Çanakkale	Canakkale	TR	143622	Europe/Istanbul
Torrance	Torrance	US	143592	America/Los_Angeles
Três Lagoas	Tres Lagoas	BR	143523	America/Campo_Grande
San Jose	San Jose	PH	143495	Asia/Manila
Ladysmith	Ladysmith	ZA	143446	Africa/Johannesburg
Lévis	Levis	CA	143414	America/Toronto
Cachoeirinha	Cachoeirinha	BR	143366	America/Sao_Paulo
Heidelberg	Heidelberg	DE	143345	Europe/Berlin
Fresnillo	Fresnillo	MX	143281	America/Mexico_City
Touggourt	Touggourt	DZ	143270	Africa/Algiers
Shillong	Shillong	IN	143229	Asia/Kolkata
Surprise	Surprise	US	143148	America/Phoenix
Norwich	Norwich	GB	143135	Europe/London
Tịnh Biên	Tinh Bien	VN	143098	Asia/Ho_Chi_Minh
Moriguchi	Moriguchi	JP	143096	Asia/Tokyo
Amiens	Amiens	FR	143086	Europe/Paris
Cai Lậy	Cai Lay	VN	143050	Asia/Ho_Chi_Minh
Rewāri	Rewari	IN	143021	Asia/Kolkata
Basirhat City	Basirhat City	IN	143007	Asia/Kolkata
Kuz’minki	Kuz'minki	RU	143000	Europe/Moscow
Novyye Kuz’minki	Novyye Kuz'minki	RU	143000	Europe/Moscow
Aalborg	Aalborg	DK	142937	Europe/Copenhagen
La Trinidad	La Trinidad	PH	142925	Asia/Manila
Ghardaïa	Ghardaia	DZ	142913	Africa/Algiers
Timika	Timika	ID	142909	Asia/Jayapura
Pyatigorsk	Pyatigorsk	RU	142865	Europe/Moscow
Teófilo Otoni	Teofilo Otoni	BR	142851	America/Sao_Paulo
Mbanza-Ngungu	Mbanza-Ngungu	CD	142773	Africa/Kinshasa
Mercier–Hochelaga-Maisonneuve	Mercier-Hochelaga-Maisonneuve	CA	142753	America/Toronto
Okinawa	Okinawa	JP	142752	Asia/Tokyo
Middlesbrough	Middlesbrough	GB	142707	Europe/London
Shahrisabz	Shahrisabz	UZ	142700	Asia/Samarkand
Moro	Moro	PK	142685	Asia/Karachi
Ch’ŏngdan-ŭp	Ch'ongdan-up	KP	142607	Asia/Pyongyang
Sant Andreu	Sant Andreu	ES	142598	Europe/Madrid
Rybnik	Rybnik	PL	142510	Europe/Warsaw
Saïda	Saida	DZ	142497	Africa/Algiers
Metairie Terrace	Metairie Terrace	US	142489	America/Chicago
Tuzla	Tuzla	BA	142486	Europe/Sarajevo
Kovpakivskyi	Kovpakivskyi	UA	142447	Europe/Kyiv
eMbalenhle	eMbalenhle	ZA	142443	Africa/Johannesburg
Trindade	Trindade	BR	142431	America/Sao_Paulo
Khanpur	Khanpur	PK	142426	Asia/Karachi
Columbia	Columbia	US	142416	America/New_York
Nawābganj	Nawabganj	BD	142361	Asia/Dhaka
Inezgane	Inezgane	MA	142320	Africa/Casablanca
Puerto Cortez	Puerto Cortez	HN	142311	America/Tegucigalpa
Pasadena	Pasadena	US	142250	America/Los_Angeles
Toowoomba	Toowoomba	AU	142163	Australia/Brisbane
Paderborn	Paderborn	DE	142161	Europe/Berlin
Misato, Saitama	Misato, Saitama	JP	142145	Asia/Tokyo
Chhatarpur	Chhatarpur	IN	142128	Asia/Kolkata
Kimberley	Kimberley	ZA	142089	Africa/Johannesburg
Alto Hospicio	Alto Hospicio	CL	142086	America/Santiago
Ciego de Ávila	Ciego de Avila	CU	142027	America/Havana
Samālūţ	Samalut	EG	142009	Africa/Cairo
Chertanovo Yuzhnoye	Chertanovo Yuzhnoye	RU	142000	Europe/Moscow
Jieshou	Jieshou	CN	141993	Asia/Shanghai
Maykop	Maykop	RU	141970	Europe/Moscow
Attock City	Attock City	PK	141945	Asia/Karachi
Kisaran	Kisaran	ID	141915	Asia/Jakarta
Mojokerto	Mojokerto	ID	141785	Asia/Jakarta
Facatativá	Facatativa	CO	141762	America/Bogota
Masai	Masai	MY	141730	Asia/Kuala_Lumpur
Punto Fijo	Punto Fijo	VE	141729	America/Caracas
Myingyan	Myingyan	MM	141713	Asia/Yangon
Kamālshahr	Kamalshahr	IR	141669	Asia/Tehran
Mandsaur	Mandsaur	IN	141667	Asia/Kolkata
Zheleznodorozhnyy	Zheleznodorozhnyy	RU	141648	Europe/Moscow
Chas	Chas	IN	141640	Asia/Kolkata
Jahrom	Jahrom	IR	141634	Asia/Tehran
Tours	Tours	FR	141621	Europe/Paris
Pālanpur	Palanpur	IN	141592	Asia/Kolkata
Bondoukou	Bondoukou	CI	141568	Africa/Abidjan
Chichicastenango	Chichicastenango	GT	141567	America/Guatemala
Tarragona	Tarragona	ES	141542	Europe/Madrid
Cachoeirinha	Cachoeirinha	BR	141503	America/Sao_Paulo
Tobruk	Tobruk	LY	141499	Africa/Tripoli
Sinch’ŏn-ŭp	Sinch'on-up	KP	141407	Asia/Pyongyang
Abbotsford	Abbotsford	CA	141397	America/Vancouver
Circoiscrizione II	Circoiscrizione II	IT	141344	Europe/Rome
Bolton	Bolton	GB	141331	Europe/London
Yushu	Yushu	CN	141308	Asia/Shanghai
Piteşti	Pitesti	RO	141275	Europe/Bucharest
Fukayachō	Fukayacho	JP	141268	Asia/Tokyo
Potosí	Potosi	BO	141251	America/La_Paz
Usera	Usera	ES	141189	Europe/Madrid
Limoges	Limoges	FR	141176	Europe/Paris
Cangaiba	Cangaiba	BR	141172	America/Sao_Paulo
Salto	Salto	BR	141111	America/Sao_Paulo
Asaka	Asaka	JP	141083	Asia/Tokyo
Ghazni	Ghazni	AF	141000	Asia/Kabul
Orange	Orange	US	140992	America/Los_Angeles
Wola	Wola	PL	140958	Europe/Warsaw
Sanhe	Sanhe	CN	140954	Asia/Shanghai
Īlām	Ilam	IR	140940	Asia/Tehran
Shimotoda	Shimotoda	JP	140899	Asia/Tokyo
Comodoro Rivadavia	Comodoro Rivadavia	AR	140850	America/Argentina/Catamarca
Kampung Sungai Ara	Kampung Sungai Ara	MY	140849	Asia/Kuala_Lumpur
Fullerton	Fullerton	US	140847	America/Los_Angeles
Killeen	Killeen	US	140806	America/Chicago
Norilsk	Norilsk	RU	140800	Asia/Krasnoyarsk
Lleida	Lleida	ES	140797	Europe/Madrid
Coimbra	Coimbra	PT	140796	Europe/Lisbon
Mtwara	Mtwara	TZ	140793	Africa/Dar_es_Salaam
Manjhand	Manjhand	PK	140766	Asia/Karachi
Beni	Beni	CD	140731	Africa/Lubumbashi
Debre Mark’os	Debre Mark'os	ET	140700	Africa/Addis_Ababa
Norzagaray	Norzagaray	PH	140697	Asia/Manila
Qeładizê	Qeladize	IQ	140688	Asia/Baghdad
Vila Curuca	Vila Curuca	BR	140673	America/Sao_Paulo
Nigel	Nigel	ZA	140644	Africa/Johannesburg
Shengavit	Shengavit	AM	140600	Asia/Yerevan
Catacamas	Catacamas	HN	140548	America/Tegucigalpa
Buea	Buea	CM	140533	Africa/Douala
Shuizhai	Shuizhai	CN	140493	Asia/Shanghai
Al’met’yevsk	Al'met'yevsk	RU	140437	Europe/Moscow
Paris 12e Arrondissement	Paris 12e Arrondissement	FR	140311	Europe/Paris
McAllen	McAllen	US	140269	America/Chicago
Lakhīmpur	Lakhimpur	IN	140223	Asia/Kolkata
Ishinomaki	Ishinomaki	JP	140151	Asia/Tokyo
Mpumalanga	Mpumalanga	ZA	140121	Africa/Johannesburg
Mian Channun	Mian Channun	PK	140112	Asia/Karachi
Ji Paraná	Ji Parana	BR	140101	America/Porto_Velho
Zaanstad	Zaanstad	NL	140085	Europe/Amsterdam
Kabin Buri	Kabin Buri	TH	140056	Asia/Bangkok
Kuwana	Kuwana	JP	140051	Asia/Tokyo
Ayacucho	Ayacucho	PE	140033	America/Lima
Torbat-e Ḩeydarīyeh	Torbat-e Heydariyeh	IR	140019	Asia/Tehran
Chamartín	Chamartin	ES	140000	Europe/Madrid
Shanhaiguan	Shanhaiguan	CN	140000	Asia/Shanghai
Şaḩam	Saham	OM	140000	Asia/Muscat
Abéché	Abeche	TD	139983	Africa/Ndjamena
Peristéri	Peristeri	GR	139981	Europe/Athens
Amersfoort	Amersfoort	NL	139914	Europe/Amsterdam
Darwin	Darwin	AU	139902	Australia/Darwin
Jeongeup	Jeongeup	KR	139876	Asia/Seoul
Bellevue	Bellevue	US	139820	America/Los_Angeles
Korolev	Korolev	RU	139798	Europe/Moscow
Valsād	Valsad	IN	139764	Asia/Kolkata
Shinyanga	Shinyanga	TZ	139727	Africa/Dar_es_Salaam
Sollentuna	Sollentuna	SE	139606	Europe/Stockholm
Al Hindīyah	Al Hindiyah	IQ	139578	Asia/Baghdad
Yaizu	Yaizu	JP	139578	Asia/Tokyo
Payakumbuh	Payakumbuh	ID	139576	Asia/Jakarta
Damoh	Damoh	IN	139561	Asia/Kolkata
Āsela	Asela	ET	139500	Africa/Addis_Ababa
Haldwani	Haldwani	IN	139497	Asia/Kolkata
Irewe	Irewe	NG	139494	Africa/Lagos
Batang	Batang	ID	139492	Asia/Jakarta
Gbongan	Gbongan	NG	139485	Africa/Lagos
Gama	Gama	BR	139467	America/Sao_Paulo
Siem Reap	Siem Reap	KH	139458	Asia/Phnom_Penh
Anaco	Anaco	VE	139397	America/Caracas
Purwodadi	Purwodadi	ID	139387	Asia/Jakarta
Koga	Koga	JP	139344	Asia/Tokyo
Yuepu	Yuepu	CN	139328	Asia/Shanghai
Hābra	Habra	IN	139297	Asia/Kolkata
Sidoarjo	Sidoarjo	ID	139189	Asia/Jakarta
Kyivskyi	Kyivskyi	UA	139177	Europe/Kyiv
Şabāḩ as Sālim	Sabah as Salim	KW	139163	Asia/Kuwait
Balneário Camboriú	Balneario Camboriu	BR	139155	America/Sao_Paulo
Plaza de la Revolución	Plaza de la Revolucion	CU	139135	America/Havana
Lausanne	Lausanne	CH	139111	Europe/Zurich
Choloma	Choloma	HN	139100	America/Tegucigalpa
Barcarena	Barcarena	BR	139076	America/Belem
Kairouan	Kairouan	TN	139070	Africa/Tunis
Stockport	Stockport	GB	139052	Europe/London
Budapest XI. kerület	Budapest XI. keruelet	HU	139049	Europe/Budapest
Huadian	Huadian	CN	139047	Asia/Shanghai
Crato	Crato	BR	139027	America/Fortaleza
Kousséri	Kousseri	CM	139024	Africa/Douala
Weru	Weru	ID	139004	Asia/Jakarta
Al-'Ubūr	Al-'Ubur	EG	138987	Africa/Cairo
Kolpino	Kolpino	RU	138979	Europe/Moscow
Itapipoca	Itapipoca	BR	138978	America/Fortaleza
Conselheiro Lafaiete	Conselheiro Lafaiete	BR	138946	America/Sao_Paulo
Belgrano	Belgrano	AR	138942	America/Argentina/Buenos_Aires
Sarh	Sarh	TD	138928	Africa/Ndjamena
Gingoog	Gingoog	PH	138895	Asia/Manila
San Juan del Río	San Juan del Rio	MX	138878	America/Mexico_City
Sekondi-Takoradi	Sekondi-Takoradi	GH	138872	Africa/Accra
Liuzhi	Liuzhi	CN	138826	Asia/Shanghai
Altamira	Altamira	BR	138749	America/Santarem
Naga	Naga	PH	138727	Asia/Manila
Fuyu	Fuyu	CN	138704	Asia/Shanghai
Wūdān	Wudan	CN	138695	Asia/Shanghai
Vespasiano	Vespasiano	BR	138583	America/Sao_Paulo
Whitby	Whitby	CA	138501	America/Toronto
Metairie	Metairie	US	138481	America/Chicago
Chaohu	Chaohu	CN	138463	Asia/Shanghai
Kolār	Kolar	IN	138462	Asia/Kolkata
Bizerte	Bizerte	TN	138430	Africa/Tunis
Táriba	Tariba	VE	138402	America/Caracas
Ejigbo	Ejigbo	NG	138357	Africa/Lagos
Santa Cruz do Sul	Santa Cruz do Sul	BR	138270	America/Sao_Paulo
Ksar El Kebir	Ksar El Kebir	MA	138262	Africa/Casablanca
Paris 11 Popincourt	Paris 11 Popincourt	FR	138170	Europe/Paris
Dabou	Dabou	CI	138083	Africa/Abidjan
Bukit Panjang New Town	Bukit Panjang New Town	SG	138050	Asia/Singapore
Sao Lucas	Sao Lucas	BR	138038	America/Sao_Paulo
Paris 12 Reuilly	Paris 12 Reuilly	FR	138024	Europe/Paris
Bertoua	Bertoua	CM	137993	Africa/Douala
Jacmel	Jacmel	HT	137966	America/Port-au-Prince
Srikakulam	Srikakulam	IN	137944	Asia/Kolkata
Candelaria	Candelaria	PH	137933	Asia/Manila
Araruama	Araruama	BR	137906	America/Sao_Paulo
Vĩnh Long	Vinh Long	VN	137870	Asia/Ho_Chi_Minh
Praia	Praia	CV	137868	Atlantic/Cape_Verde
Resende	Resende	BR	137697	America/Sao_Paulo
Liangping	Liangping	CN	137620	Asia/Shanghai
Kirdāsah	Kirdasah	EG	137588	Africa/Cairo
Ponce	Ponce	PR	137491	America/Puerto_Rico
Doilungdêqên	Doilungdeqen	CN	137451	Asia/Shanghai
Jieshi	Jieshi	CN	137444	Asia/Shanghai
Hejiang	Hejiang	CN	137437	Asia/Shanghai
Pasir Puteh	Pasir Puteh	MY	137400	Asia/Kuala_Lumpur
Mandya	Mandya	IN	137358	Asia/Kolkata
Xiayang	Xiayang	CN	137321	Asia/Shanghai
Nor Nork	Nor Nork	AM	137300	Asia/Yerevan
Bhisho	Bhisho	ZA	137287	Africa/Johannesburg
Dixinn	Dixinn	GN	137287	Africa/Conakry
Freguesia do Ó	Freguesia do O	BR	137240	America/Sao_Paulo
Subang	Subang	ID	137234	Asia/Jakarta
Madhurampur Dehri	Madhurampur Dehri	IN	137231	Asia/Kolkata
Negombo	Negombo	LK	137223	Asia/Colombo
Irákleion	Irakleion	GR	137154	Europe/Athens
Hampton	Hampton	US	137148	America/New_York
Wuyishan	Wuyishan	CN	137133	Asia/Shanghai
Miramar	Miramar	US	137132	America/New_York
Jiashan	Jiashan	CN	137112	Asia/Shanghai
Jiagedaqi	Jiagedaqi	CN	137105	Asia/Shanghai
Bilqās	Bilqas	EG	137080	Africa/Cairo
Odintsovo	Odintsovo	RU	137041	Europe/Moscow
Rangkasbitung	Rangkasbitung	ID	137041	Asia/Jakarta
Foggia	Foggia	IT	137032	Europe/Rome
Antsiranana	Antsiranana	MG	136959	Indian/Antananarivo
Kānchrāpāra	Kanchrapara	IN	136954	Asia/Kolkata
San Juan Sacatepéquez	San Juan Sacatepequez	GT	136886	America/Guatemala
Minoh	Minoh	JP	136868	Asia/Tokyo
Funtua	Funtua	NG	136811	Africa/Lagos
St. Catharines	St. Catharines	CA	136803	America/Toronto
Dawei	Dawei	MM	136783	Asia/Yangon
Igboho	Igboho	NG	136764	Africa/Lagos
Gunungsitoli	Gunungsitoli	ID	136707	Asia/Jakarta
Apeldoorn	Apeldoorn	NL	136670	Europe/Amsterdam
Cidade Lider	Cidade Lider	BR	136660	America/Sao_Paulo
Marīvān	Marivan	IR	136654	Asia/Tehran
Phủ Lý	Phu Ly	VN	136654	Asia/Bangkok
Divo	Divo	CI	136627	Africa/Abidjan
Huinong	Huinong	CN	136570	Asia/Shanghai
Ebina	Ebina	JP	136516	Asia/Tokyo
Larache	Larache	MA	136505	Africa/Casablanca
Varginha	Varginha	BR	136467	America/Sao_Paulo
Paris 14 Observatoire	Paris 14 Observatoire	FR	136455	Europe/Paris
Van Nuys	Van Nuys	US	136443	America/Los_Angeles
Būsh	Bush	EG	136441	Africa/Cairo
Mlolongo	Mlolongo	KE	136351	Africa/Nairobi
Guarapari	Guarapari	BR	136311	America/Sao_Paulo
Tương Mai	Tuong Mai	VN	136292	Asia/Bangkok
San José del Cabo	San Jose del Cabo	MX	136285	America/Mazatlan
West Valley City	West Valley City	US	136208	America/Denver
Kisarazu	Kisarazu	JP	136166	Asia/Tokyo
Gejiu	Gejiu	CN	136135	Asia/Shanghai
Bacău	Bacau	RO	136087	Europe/Bucharest
Saaba	Saaba	BF	136011	Africa/Ouagadougou
Mingaladon	Mingaladon	MM	136000	Asia/Yangon
Dimāpur	Dimapur	IN	135860	Asia/Kolkata
Sasolburg	Sasolburg	ZA	135828	Africa/Johannesburg
Cheras	Cheras	MY	135823	Asia/Kuala_Lumpur
Tasek Glugor	Tasek Glugor	MY	135786	Asia/Kuala_Lumpur
Osorno	Osorno	CL	135773	America/Santiago
Amsterdam-Oost	Amsterdam-Oost	NL	135767	Europe/Amsterdam
Araras	Araras	BR	135744	America/Sao_Paulo
Tumxuk	Tumxuk	CN	135727	Asia/Urumqi
Kushtia	Kushtia	BD	135724	Asia/Dhaka
Pitalito	Pitalito	CO	135711	America/Bogota
Baliuag	Baliuag	PH	135679	Asia/Manila
Hoàn Kiếm	Hoan Kiem	VN	135618	Asia/Bangkok
Kajansi	Kajansi	UG	135600	Africa/Kampala
Isahaya	Isahaya	JP	135546	Asia/Tokyo
Dayton	Dayton	US	135512	America/New_York
Cẩm Phả Mines	Cam Pha Mines	VN	135477	Asia/Ho_Chi_Minh
Petapa	Petapa	GT	135447	America/Guatemala
Māler Kotla	Maler Kotla	IN	135424	Asia/Kolkata
Buguma	Buguma	NG	135404	Africa/Lagos
Itaituba	Itaituba	BR	135369	America/Santarem
Ahuntsic-Cartierville	Ahuntsic-Cartierville	CA	135336	America/Toronto
Pyay	Pyay	MM	135308	Asia/Yangon
Shiqiao	Shiqiao	CN	135308	Asia/Shanghai
Rabak	Rabak	SD	135281	Africa/Khartoum
Tây Ninh	Tay Ninh	VN	135254	Asia/Ho_Chi_Minh
Le Vieux-Longueuil	Le Vieux-Longueuil	CA	135218	America/Toronto
Tyre	Tyre	LB	135204	Asia/Beirut
Kutaisi	Kutaisi	GE	135201	Asia/Tbilisi
Andīmeshk	Andimeshk	IR	135116	Asia/Tehran
Siwān	Siwan	IN	135066	Asia/Kolkata
Madrid	Madrid	CO	135000	America/Bogota
Angono	Angono	PH	134975	Asia/Manila
Cartago	Cartago	CO	134972	America/Bogota
Shahreẕā	Shahreza	IR	134952	Asia/Tehran
Hinthada	Hinthada	MM	134947	Asia/Yangon
Apucarana	Apucarana	BR	134910	America/Sao_Paulo
Cap-Haïtien	Cap-Haitien	HT	134815	America/Port-au-Prince
Baturaja	Baturaja	ID	134759	Asia/Jakarta
Inazawa	Inazawa	JP	134751	Asia/Tokyo
Rodriguez	Rodriguez	PH	134432	Asia/Manila
Kalol	Kalol	IN	134426	Asia/Kolkata
Mīāndoāb	Miandoab	IR	134425	Asia/Tehran
São Mateus	Sao Mateus	BR	134423	America/Sao_Paulo
Laghouat	Laghouat	DZ	134372	Africa/Algiers
Nevinnomyssk	Nevinnomyssk	RU	134345	Europe/Moscow
San Mateo	San Mateo	PH	134327	Asia/Manila
Ţahţā	Tahta	EG	134314	Africa/Cairo
San Juan	San Juan	PH	134312	Asia/Manila
Sibiu	Sibiu	RO	134309	Europe/Bucharest
Olathe	Olathe	US	134305	America/Chicago
El Geneina Fort	El Geneina Fort	SD	134264	Africa/Khartoum
Ikirun	Ikirun	NG	134240	Africa/Lagos
Shenglilu	Shenglilu	CN	134218	Asia/Shanghai
San Nicolás de los Arroyos	San Nicolas de los Arroyos	AR	134217	America/Argentina/Buenos_Aires
Léogâne	Leogane	HT	134190	America/Port-au-Prince
Vila Jacui	Vila Jacui	BR	134189	America/Sao_Paulo
Adiwerna	Adiwerna	ID	134188	Asia/Jakarta
Cametá	Cameta	BR	134184	America/Belem
Al Qurnah	Al Qurnah	IQ	134174	Asia/Baghdad
Abakaliki	Abakaliki	NG	134102	Africa/Lagos
Vitória de Santo Antão	Vitoria de Santo Antao	BR	134084	America/Recife
Marianao	Marianao	CU	134057	America/Havana
Warren	Warren	US	134056	America/Detroit
Cizre	Cizre	TR	134041	Europe/Istanbul
Circoiscrizione VIII	Circoiscrizione VIII	IT	134028	Europe/Rome
Bānkura	Bankura	IN	133966	Asia/Kolkata
İnegol	Inegol	TR	133959	Europe/Istanbul
Ebetsu	Ebetsu	JP	133953	Asia/Tokyo
Anyama	Anyama	CI	133905	Africa/Abidjan
Jiawang	Jiawang	CN	133861	Asia/Shanghai
Singaraja	Singaraja	ID	133784	Asia/Makassar
Pātan	Patan	IN	133737	Asia/Kolkata
Würzburg	Wuerzburg	DE	133731	Europe/Berlin
Barysaw	Barysaw	BY	133700	Europe/Minsk
Đồng Hới	GJong Hoi	VN	133672	Asia/Bangkok
Randfontein	Randfontein	ZA	133654	Africa/Johannesburg
Pervouralsk	Pervouralsk	RU	133600	Asia/Yekaterinburg
Gondā City	Gonda City	IN	133583	Asia/Kolkata
Madīnat Ḩamad	Madinat Hamad	BH	133550	Asia/Bahrain
Ōme	Ome	JP	133535	Asia/Tokyo
Sinnūris	Sinnuris	EG	133532	Africa/Cairo
Votorantim	Votorantim	BR	133510	America/Sao_Paulo
Milagro	Milagro	EC	133508	America/Guayaquil
Jaú	Jau	BR	133497	America/Sao_Paulo
Thornton	Thornton	US	133451	America/Denver
Valdivia	Valdivia	CL	133419	America/Santiago
Olmaliq	Olmaliq	UZ	133400	Asia/Tashkent
Okrika	Okrika	NG	133271	Africa/Lagos
High Wycombe	High Wycombe	GB	133204	Europe/London
Carrollton	Carrollton	US	133168	America/Chicago
Talisay	Talisay	PH	133148	Asia/Manila
Gao	Gao	ML	133110	Africa/Bamako
Dhaulpur	Dhaulpur	IN	133075	Asia/Kolkata
Tarime	Tarime	TZ	133043	Africa/Dar_es_Salaam
Kentron	Kentron	AM	133000	Asia/Yerevan
Milton	Milton	CA	132979	America/Toronto
M'Sila	M'Sila	DZ	132975	Africa/Algiers
Narita	Narita	JP	132906	Asia/Tokyo
Franceville	Franceville	GA	132895	Africa/Libreville
Puqi	Puqi	CN	132891	Asia/Shanghai
Tondabayashichō	Tondabayashicho	JP	132873	Asia/Tokyo
Sandachō	Sandacho	JP	132858	Asia/Tokyo
Gondiā	Gondia	IN	132813	Asia/Kolkata
Dunedin	Dunedin	NZ	132800	Pacific/Auckland
Kislovodsk	Kislovodsk	RU	132771	Europe/Moscow
Kyauktan	Kyauktan	MM	132765	Asia/Yangon
Schaerbeek	Schaerbeek	BE	132761	Europe/Brussels
Hoofddorp	Hoofddorp	NL	132734	Europe/Amsterdam
Machiques	Machiques	VE	132734	America/Caracas
Palakkad	Palakkad	IN	132728	Asia/Kolkata
Silifke	Silifke	TR	132665	Europe/Istanbul
Charleston	Charleston	US	132609	America/New_York
Langley	Langley	CA	132603	America/Vancouver
Midland	Midland	US	132524	America/Chicago
Fujinomiya	Fujinomiya	JP	132507	Asia/Tokyo
Mingala Tangnyunt	Mingala Tangnyunt	MM	132494	Asia/Yangon
Innsbruck	Innsbruck	AT	132493	Europe/Vienna
Bragança	Braganca	BR	132489	America/Belem
Kingston	Kingston	CA	132485	America/Toronto
Wugang	Wugang	CN	132457	Asia/Shanghai
Gloucester	Gloucester	GB	132416	Europe/London
Waco	Waco	US	132356	America/Chicago
Cerro	Cerro	CU	132351	America/Havana
Zama	Zama	JP	132325	Asia/Tokyo
Manokwari	Manokwari	ID	132300	Asia/Jayapura
Valinhos	Valinhos	BR	132258	America/Sao_Paulo
Dimitrovgrad	Dimitrovgrad	RU	132226	Europe/Ulyanovsk
Zhalantun	Zhalantun	CN	132224	Asia/Shanghai
Bettiah	Bettiah	IN	132209	Asia/Kolkata
Maijdi	Maijdi	BD	132185	Asia/Dhaka
São Félix do Xingu	Sao Felix do Xingu	BR	132138	America/Belem
San Pedro Garza García	San Pedro Garza Garcia	MX	132128	America/Monterrey
Sapucaia do Sul	Sapucaia do Sul	BR	132107	America/Sao_Paulo
Kombolcha	Kombolcha	ET	132100	Africa/Addis_Ababa
Muricay	Muricay	PH	132094	Asia/Manila
Sterling Heights	Sterling Heights	US	132052	America/Detroit
Surat Thani	Surat Thani	TH	132040	Asia/Bangkok
Fürth	Fuerth	DE	132036	Europe/Berlin
Ferrara	Ferrara	IT	132009	Europe/Rome
Quận Đức Thịnh	Quan GJuc Thinh	VN	132000	Asia/Ho_Chi_Minh
Isidro Casanova	Isidro Casanova	AR	131981	America/Argentina/Buenos_Aires
Ōmuta	Omuta	JP	131974	Asia/Tokyo
Villa Mercedes	Villa Mercedes	CL	131936	America/Santiago
Fuji	Fuji	CN	131927	Asia/Shanghai
Palwal	Palwal	IN	131926	Asia/Kolkata
Bielany	Bielany	PL	131910	Europe/Warsaw
Dawukou	Dawukou	CN	131880	Asia/Shanghai
Bulaon	Bulaon	PH	131818	Asia/Manila
Garut	Garut	ID	131809	Asia/Jakarta
Ajdabiya	Ajdabiya	LY	131773	Africa/Tripoli
Abiko	Abiko	JP	131771	Asia/Tokyo
Kadoma	Kadoma	JP	131727	Asia/Tokyo
Majie	Majie	CN	131696	Asia/Shanghai
Bhakkar	Bhakkar	PK	131658	Asia/Karachi
Rio Pequeno	Rio Pequeno	BR	131631	America/Sao_Paulo
Kāshmar	Kashmar	IR	131517	Asia/Tehran
Jijel	Jijel	DZ	131513	Africa/Algiers
Martapura	Martapura	ID	131449	Asia/Makassar
Villeurbanne	Villeurbanne	FR	131445	Europe/Paris
Hải Châu	Hai Chau	VN	131427	Asia/Ho_Chi_Minh
Limbe	Limbe	CM	131381	Africa/Douala
Rānīganj	Raniganj	IN	131261	Asia/Kolkata
Hepo	Hepo	CN	131238	Asia/Shanghai
Iranshahr	Iranshahr	IR	131232	Asia/Tehran
Soubré	Soubre	CI	131181	Africa/Abidjan
Onomichi	Onomichi	JP	131170	Asia/Tokyo
Denton	Denton	US	131044	America/Chicago
Etah	Etah	IN	131023	Asia/Kolkata
Pīlibhīt	Pilibhit	IN	131008	Asia/Kolkata
Shangzhi	Shangzhi	CN	131006	Asia/Shanghai
Lashio	Lashio	MM	131000	Asia/Yangon
Rayon KhTZ	Rayon KhTZ	UA	131000	Europe/Kyiv
Novomoskovsk	Novomoskovsk	RU	130982	Europe/Moscow
Matsubara	Matsubara	JP	130855	Asia/Tokyo
Abengourou	Abengourou	CI	130810	Africa/Abidjan
Al Bāb	Al Bab	SY	130745	Asia/Damascus
Shuangcheng	Shuangcheng	CN	130710	Asia/Shanghai
Circoiscrizione III	Circoiscrizione III	IT	130709	Europe/Rome
Exeter	Exeter	GB	130709	Europe/London
Ho	Ho	GH	130701	Africa/Accra
Narowal	Narowal	PK	130692	Asia/Karachi
Lào Cai	Lao Cai	VN	130671	Asia/Bangkok
Al Ajaylat	Al Ajaylat	LY	130546	Africa/Tripoli
Udon Thani	Udon Thani	TH	130531	Asia/Bangkok
Baḥarkah	Baharkah	IQ	130518	Asia/Baghdad
Bayan Lepas	Bayan Lepas	MY	130455	Asia/Kuala_Lumpur
Petrogradka	Petrogradka	RU	130455	Europe/Moscow
Rajapalayam	Rajapalayam	IN	130442	Asia/Kolkata
Zipaquirá	Zipaquira	CO	130432	America/Bogota
Jīroft	Jiroft	IR	130429	Asia/Tehran
Cedar Rapids	Cedar Rapids	US	130405	America/Chicago
Dongyang	Dongyang	CN	130387	Asia/Shanghai
Nantou	Nantou	CN	130370	Asia/Shanghai
Botad	Botad	IN	130327	Asia/Kolkata
Nablus	Nablus	PS	130326	Asia/Hebron
New Haven	New Haven	US	130322	America/New_York
Arcahaie	Arcahaie	HT	130306	America/Port-au-Prince
Jiazi	Jiazi	CN	130298	Asia/Shanghai
Foumban	Foumban	CM	130287	Africa/Douala
Roseville	Roseville	US	130269	America/Los_Angeles
Quilpué	Quilpue	CL	130263	America/Santiago
Rawson	Rawson	AR	130258	America/Argentina/San_Juan
Sīdī Ḥusayn	Sidi Husayn	TN	130255	Africa/Tunis
Kati	Kati	ML	130254	Africa/Bamako
Kembangan	Kembangan	SG	130252	Asia/Singapore
Seri Kembangan	Seri Kembangan	MY	130252	Asia/Kuala_Lumpur
Colchester	Colchester	GB	130245	Europe/London
Umeå	Umea	SE	130224	Europe/Stockholm
Din Daeng	Din Daeng	TH	130220	Asia/Bangkok
Chaman	Chaman	PK	130139	Asia/Karachi
Sennar	Sennar	SD	130122	Africa/Khartoum
Masaya	Masaya	NI	130113	America/Managua
Visalia	Visalia	US	130104	America/Los_Angeles
Nankana Sahib	Nankana Sahib	PK	130041	Asia/Karachi
Aley	Aley	LB	130000	Asia/Beirut
Caála	Caala	AO	130000	Africa/Luanda
Dongxing	Dongxing	CN	130000	Asia/Shanghai
Ramenki	Ramenki	RU	130000	Europe/Moscow
San Martin	San Martin	PE	130000	America/Lima
Sonārgaon	Sonargaon	BD	130000	Asia/Dhaka
Tottenham	Tottenham	GB	130000	Europe/London
Tychy	Tychy	PL	130000	Europe/Warsaw
Zugló	Zuglo	HU	130000	Europe/Budapest
Cambridge	Cambridge	CA	129920	America/Toronto
Mardin	Mardin	TR	129864	Europe/Istanbul
Pingxiang	Pingxiang	CN	129843	Asia/Shanghai
Zwolle	Zwolle	NL	129840	Europe/Amsterdam
Baidoa	Baidoa	SO	129839	Africa/Mogadishu
Sầm Sơn	Sam Son	VN	129801	Asia/Ho_Chi_Minh
Santo António	Santo Antonio	CN	129800	Asia/Macau
Salford	Salford	GB	129794	Europe/London
Mandi Bahauddin	Mandi Bahauddin	PK	129733	Asia/Karachi
Tokat	Tokat	TR	129702	Europe/Istanbul
Erebuni	Erebuni	AM	129700	Asia/Yerevan
Ô Môn	O Mon	VN	129683	Asia/Ho_Chi_Minh
Gapan	Gapan	PH	129610	Asia/Manila
Deoria	Deoria	IN	129570	Asia/Kolkata
Bayambang	Bayambang	PH	129506	Asia/Manila
Mianwali	Mianwali	PK	129500	Asia/Karachi
Coral Springs	Coral Springs	US	129485	America/New_York
Sherbrooke	Sherbrooke	CA	129447	America/Toronto
Al Bayḑā’	Al Bayda'	LY	129439	Africa/Tripoli
Jardim Helena	Jardim Helena	BR	129409	America/Sao_Paulo
Sabará	Sabara	BR	129380	America/Sao_Paulo
Acilia-Castel Fusano-Ostia Antica	Acilia-Castel Fusano-Ostia Antica	IT	129362	Europe/Rome
Charlottenburg	Charlottenburg	DE	129359	Europe/Berlin
Thousand Oaks	Thousand Oaks	US	129339	America/Los_Angeles
Columbia	Columbia	US	129330	America/Chicago
Colatina	Colatina	BR	129301	America/Sao_Paulo
Győr	Gyor	HU	129301	Europe/Budapest
Copiapó	Copiapo	CL	129280	America/Santiago
Kokubunji	Kokubunji	JP	129242	Asia/Tokyo
Quibdó	Quibdo	CO	129237	America/Bogota
Guelmim	Guelmim	MA	129200	Africa/Casablanca
Charallave	Charallave	VE	129182	America/Caracas
Shahr-e Kord	Shahr-e Kord	IR	129153	Asia/Tehran
Malambo	Malambo	CO	129148	America/Bogota
Tatuí	Tatui	BR	129130	America/Sao_Paulo
Iwakuni	Iwakuni	JP	129125	Asia/Tokyo
Leiyang	Leiyang	CN	129116	Asia/Shanghai
Białołeka	Bialoleka	PL	129106	Europe/Warsaw
Cadiz	Cadiz	PH	129053	Asia/Manila
Carnot	Carnot	CF	129032	Africa/Bangui
Bat Yam	Bat Yam	IL	129012	Asia/Jerusalem
Zacatecas	Zacatecas	MX	129011	America/Mexico_City
Elizabeth	Elizabeth	US	129007	America/New_York
Zyablikovo	Zyablikovo	RU	129000	Europe/Moscow
Daur	Daur	PK	128958	Asia/Karachi
Bingöl	Bingoel	TR	128935	Europe/Istanbul
Copacabana	Copacabana	BR	128919	America/Sao_Paulo
Sātkhira	Satkhira	BD	128918	Asia/Dhaka
Parung	Parung	ID	128905	Asia/Jakarta
Palo Negro	Palo Negro	VE	128875	America/Caracas
Stamford	Stamford	US	128874	America/New_York
Idlib	Idlib	SY	128840	Asia/Damascus
Moanda	Moanda	CD	128804	Africa/Kinshasa
Sīnah	Sinah	IQ	128776	Asia/Baghdad
Ōsaki	Osaki	JP	128763	Asia/Tokyo
Magelang	Magelang	ID	128709	Asia/Jakarta
Concord	Concord	US	128667	America/Los_Angeles
Leiria	Leiria	PT	128640	Europe/Lisbon
Puno	Puno	PE	128637	America/Lima
Kamyshin	Kamyshin	RU	128626	Europe/Volgograd
Shuanglonghu	Shuanglonghu	CN	128563	Asia/Shanghai
Nimach	Nimach	IN	128561	Asia/Kolkata
Kafr ad Dawwār	Kafr ad Dawwar	EG	128539	Africa/Cairo
Águas Claras	Aguas Claras	BR	128486	America/Sao_Paulo
Bosque Saúde	Bosque Saude	BR	128469	America/Sao_Paulo
Novocheboksarsk	Novocheboksarsk	RU	128468	Europe/Moscow
Besançon	Besancon	FR	128426	Europe/Paris
Lugazi	Lugazi	UG	128400	Africa/Kampala
Thành phố Sông Công	Thanh pho Song Cong	VN	128357	Asia/Ho_Chi_Minh
Rosario	Rosario	PH	128352	Asia/Manila
Khardah	Khardah	IN	128346	Asia/Kolkata
Sakakah	Sakakah	SA	128332	Asia/Riyadh
Khenifra	Khenifra	MA	128318	Africa/Casablanca
Al Manāqil	Al Manaqil	SD	128297	Africa/Khartoum
Rustavi	Rustavi	GE	128249	Asia/Tbilisi
Jose Bonifacio	Jose Bonifacio	BR	128243	America/Sao_Paulo
Manzanillo	Manzanillo	CU	128188	America/Havana
Yavatmāl	Yavatmal	IN	128175	Asia/Kolkata
Hālīsahar	Halisahar	IN	128172	Asia/Kolkata
Serpukhov	Serpukhov	RU	128158	Europe/Moscow
Rionegro	Rionegro	CO	128153	America/Bogota
Shache	Shache	CN	128145	Asia/Urumqi
Siheungdong	Siheungdong	KR	128142	Asia/Seoul
Khanna	Khanna	IN	128137	Asia/Kolkata
Koidu	Koidu	SL	128030	Africa/Freetown
Norman	Norman	US	128026	America/Chicago
Mosquera	Mosquera	CO	128012	America/Bogota
Ivanovskoye	Ivanovskoye	RU	128000	Europe/Moscow
Orekhovo-Borisovo Severnoye	Orekhovo-Borisovo Severnoye	RU	128000	Europe/Moscow
Bento Gonçalves	Bento Goncalves	BR	127977	America/Sao_Paulo
Buôn Hồ	Buon Ho	VN	127920	Asia/Ho_Chi_Minh
Chũ	Chu	VN	127881	Asia/Bangkok
Västerås	Vaesteras	SE	127799	Europe/Stockholm
Seto	Seto	JP	127792	Asia/Tokyo
Alhambra	Alhambra	US	127764	America/Phoenix
Titāgarh	Titagarh	IN	127751	Asia/Kolkata
Newcastle under Lyme	Newcastle under Lyme	GB	127727	Europe/London
Opole	Opole	PL	127676	Europe/Warsaw
Worcester	Worcester	ZA	127597	Africa/Johannesburg
Elbląg	Elblag	PL	127558	Europe/Warsaw
Gaojing	Gaojing	CN	127512	Asia/Shanghai
Sirajganj	Sirajganj	BD	127481	Asia/Dhaka
Jequié	Jequie	BR	127475	America/Bahia
Płock	Plock	PL	127474	Europe/Warsaw
Siguatepeque	Siguatepeque	HN	127468	America/Tegucigalpa
Wałbrzych	Walbrzych	PL	127431	Europe/Warsaw
Mykilska Borshchahivka	Mykilska Borshchahivka	UA	127400	Europe/Kyiv
Yevlakh	Yevlakh	AZ	127400	Asia/Baku
Al Manzalah	Al Manzalah	EG	127394	Africa/Cairo
Wau	Wau	SS	127384	Africa/Juba
Songnan	Songnan	CN	127347	Asia/Shanghai
Södermalm	Soedermalm	SE	127323	Europe/Stockholm
Athens	Athens	US	127315	America/New_York
Amaigbo	Amaigbo	NG	127300	Africa/Lagos
Vila Mariana	Vila Mariana	BR	127286	America/Sao_Paulo
Chiang Mai	Chiang Mai	TH	127240	Asia/Bangkok
Lafia	Lafia	NG	127236	Africa/Lagos
Jiangyou	Jiangyou	CN	127225	Asia/Shanghai
Cikampek	Cikampek	ID	127173	Asia/Jakarta
Mustafābād	Mustafabad	IN	127167	Asia/Kolkata
Tengyue	Tengyue	CN	127133	Asia/Shanghai
Shajing	Shajing	CN	127089	Asia/Shanghai
Jinfeng	Jinfeng	CN	127076	Asia/Shanghai
Sancti Spíritus	Sancti Spiritus	CU	127069	America/Havana
Mataró	Mataro	ES	126988	Europe/Madrid
Barretos	Barretos	BR	126957	America/Sao_Paulo
Kent	Kent	US	126952	America/Los_Angeles
Pakokku	Pakokku	MM	126938	Asia/Yangon
Murom	Murom	RU	126931	Europe/Moscow
Daska Kalan	Daska Kalan	PK	126924	Asia/Karachi
Sertãozinho	Sertaozinho	BR	126887	America/Sao_Paulo
Hāthras	Hathras	IN	126882	Asia/Kolkata
Pulong Santa Cruz	Pulong Santa Cruz	PH	126844	Asia/Manila
Klaten	Klaten	ID	126831	Asia/Jakarta
Khasavyurt	Khasavyurt	RU	126829	Europe/Moscow
Neftekamsk	Neftekamsk	RU	126805	Asia/Yekaterinburg
Villaverde	Villaverde	ES	126802	Europe/Madrid
Simi Valley	Simi Valley	US	126788	America/Los_Angeles
Bayawan	Bayawan	PH	126744	Asia/Manila
Shakargarh	Shakargarh	PK	126742	Asia/Karachi
Jorhat	Jorhat	IN	126736	Asia/Kolkata
Santa Cruz	Santa Cruz	PH	126735	Asia/Manila
La Victoria	La Victoria	VE	126721	America/Caracas
Pakpattan	Pakpattan	PK	126706	Asia/Karachi
Jingzhi	Jingzhi	CN	126703	Asia/Shanghai
Danshui	Danshui	CN	126701	Asia/Shanghai
Circoiscrizione V	Circoiscrizione V	IT	126666	Europe/Rome
Solihull	Solihull	GB	126577	Europe/London
East Los Angeles	East Los Angeles	US	126496	America/Los_Angeles
Lalitpur	Lalitpur	IN	126475	Asia/Kolkata
Jombang	Jombang	ID	126465	Asia/Jakarta
Maxixe	Maxixe	MZ	126408	Africa/Maputo
Nakhon Ratchasima	Nakhon Ratchasima	TH	126391	Asia/Bangkok
Chinandega	Chinandega	NI	126387	America/Managua
Al Jadīd	Al Jadid	LY	126386	Africa/Tripoli
Lambaré	Lambare	PY	126377	America/Asuncion
Iizuka	Iizuka	JP	126364	Asia/Tokyo
Hua Hin	Hua Hin	TH	126355	Asia/Bangkok
San Carlos del Zulia	San Carlos del Zulia	VE	126353	America/Caracas
Vilkhivskyi	Vilkhivskyi	UA	126340	Europe/Kyiv
Rafaḩ	Rafah	PS	126305	Asia/Gaza
Ampang	Ampang	MY	126285	Asia/Kuala_Lumpur
Guntakal	Guntakal	IN	126270	Asia/Kolkata
Ālā'ĕr	Ala'er	CN	126259	Asia/Urumqi
Santa Clara	Santa Clara	US	126215	America/Los_Angeles
Pithampur	Pithampur	IN	126200	Asia/Kolkata
Paseh	Paseh	ID	126181	Asia/Jakarta
Mothīhāri	Mothihari	IN	126158	Asia/Kolkata
Koganei	Koganei	JP	126074	Asia/Tokyo
Retiro	Retiro	ES	126058	Europe/Madrid
Nossa Senhora de Fátima	Nossa Senhora de Fatima	CN	126000	Asia/Macau
Sunset Park	Sunset Park	US	126000	America/New_York
Topeka	Topeka	US	125963	America/Chicago
Orléans	Orleans	CA	125937	America/Toronto
Paek'ak	Paek'ak	KP	125924	Asia/Pyongyang
Huicheng	Huicheng	CN	125919	Asia/Shanghai
Puerto Ayacucho	Puerto Ayacucho	VE	125840	America/Caracas
Gashua	Gashua	NG	125817	Africa/Lagos
Les Cayes	Les Cayes	HT	125799	America/Port-au-Prince
Salerno	Salerno	IT	125797	Europe/Rome
Savannakhet	Savannakhet	LA	125760	Asia/Vientiane
Munūf	Munuf	EG	125707	Africa/Cairo
Watford	Watford	GB	125707	Europe/London
Guará	Guara	BR	125703	America/Sao_Paulo
Giresun	Giresun	TR	125682	Europe/Istanbul
Xiazhen	Xiazhen	CN	125667	Asia/Shanghai
Chaeryŏng-ni	Chaeryong-ni	KP	125631	Asia/Pyongyang
Kastamonu	Kastamonu	TR	125622	Europe/Istanbul
Kanhangad	Kanhangad	IN	125564	Asia/Kolkata
‘Ajlūn	'Ajlun	JO	125557	Asia/Amman
Derince	Derince	TR	125485	Europe/Istanbul
Sukawati	Sukawati	ID	125470	Asia/Makassar
Jagdalpur	Jagdalpur	IN	125463	Asia/Kolkata
Kuopio	Kuopio	FI	125462	Europe/Helsinki
Bang Sue	Bang Sue	TH	125440	Asia/Bangkok
Mailsi	Mailsi	PK	125431	Asia/Karachi
Los Ángeles	Los Angeles	CL	125430	America/Santiago
Haimen	Haimen	CN	125427	Asia/Shanghai
Karabük	Karabuek	TR	125403	Europe/Istanbul
Ntuzuma	Ntuzuma	ZA	125394	Africa/Johannesburg
Tsuruoka	Tsuruoka	JP	125389	Asia/Tokyo
Saint Peters	Saint Peters	GB	125370	Europe/London
Barbacena	Barbacena	BR	125317	America/Sao_Paulo
Uruma	Uruma	JP	125303	Asia/Tokyo
Debre Tabor	Debre Tabor	ET	125300	Africa/Addis_Ababa
Sakiet ed Daier	Sakiet ed Daier	TN	125204	Africa/Tunis
Nzega	Nzega	TZ	125193	Africa/Dar_es_Salaam
Abilene	Abilene	US	125182	America/Chicago
Ban Samae Dam	Ban Samae Dam	TH	125133	Asia/Bangkok
Shahecheng	Shahecheng	CN	125132	Asia/Shanghai
Kumbo	Kumbo	CM	125124	Africa/Douala
Ottawa South	Ottawa South	CA	125090	America/Toronto
Az Zulfī	Az Zulfi	SA	125000	Asia/Riyadh
Bălţi	Balti	MD	125000	Europe/Chisinau
Dokri	Dokri	PK	125000	Asia/Karachi
Tyoply Stan	Tyoply Stan	RU	125000	Europe/Moscow
Willemstad	Willemstad	CW	125000	America/Curacao
Sultan Kudarat	Sultan Kudarat	PH	124965	Asia/Manila
Bet Shemesh	Bet Shemesh	IL	124957	Asia/Jerusalem
Jagādhri	Jagadhri	IN	124894	Asia/Kolkata
Huixquilucan	Huixquilucan	MX	124846	America/Mexico_City
Arapongas	Arapongas	BR	124838	America/Sao_Paulo
Semnan	Semnan	IR	124826	Asia/Tehran
León	Leon	ES	124772	Europe/Madrid
San Francisco de Macorís	San Francisco de Macoris	DO	124763	America/Santo_Domingo
Yushu	Yushu	CN	124736	Asia/Shanghai
Yuanlin	Yuanlin	TW	124725	Asia/Taipei
Santa Tecla	Santa Tecla	SV	124694	America/El_Salvador
Sorriso	Sorriso	BR	124665	America/Cuiaba
Ciudad Valles	Ciudad Valles	MX	124644	America/Mexico_City
Ouahigouya	Ouahigouya	BF	124587	Africa/Ouagadougou
Poblacion	Poblacion	PH	124554	Asia/Manila
Kashihara-shi	Kashihara-shi	JP	124521	Asia/Tokyo
Ashmūn	Ashmun	EG	124483	Africa/Cairo
Ağrı	Agri	TR	124483	Europe/Istanbul
Leeuwarden	Leeuwarden	NL	124481	Europe/Amsterdam
Bến Tre	Ben Tre	VN	124449	Asia/Ho_Chi_Minh
Monza	Monza	IT	124398	Europe/Rome
New Mirpur City	New Mirpur City	PK	124352	Asia/Karachi
Chía	Chia	CO	124309	America/Bogota
Olanchito	Olanchito	HN	124286	America/Tegucigalpa
Koreatown	Koreatown	US	124281	America/Los_Angeles
Targówek	Targowek	PL	124279	Europe/Warsaw
Lecheng	Lecheng	CN	124268	Asia/Shanghai
Nancun	Nancun	CN	124210	Asia/Shanghai
Marand	Marand	IR	124191	Asia/Tehran
As Sinbillāwayn	As Sinbillawayn	EG	124020	Africa/Cairo
Crawley	Crawley	GB	124008	Europe/London
Rudnyy	Rudnyy	KZ	124000	Asia/Qostanay
Magangué	Magangue	CO	123982	America/Bogota
Itaguaí	Itaguai	BR	123980	America/Sao_Paulo
Bemowo	Bemowo	PL	123932	Europe/Warsaw
Metz	Metz	FR	123914	Europe/Paris
Jiupu	Jiupu	CN	123843	Asia/Shanghai
Dārjiling	Darjiling	IN	123797	Asia/Kolkata
Baoshan	Baoshan	CN	123791	Asia/Shanghai
Salvaleón de Higüey	Salvaleon de Higueey	DO	123787	America/Santo_Domingo
Butanta	Butanta	BR	123748	America/Sao_Paulo
Thaton	Thaton	MM	123727	Asia/Yangon
Budapest III. kerület	Budapest III. keruelet	HU	123723	Europe/Budapest
Kurichchi	Kurichchi	IN	123667	Asia/Kolkata
Lumajang	Lumajang	ID	123626	Asia/Jakarta
Ise	Ise	JP	123533	Asia/Tokyo
Hagonoy	Hagonoy	PH	123531	Asia/Manila
Samandağ	Samandag	TR	123447	Europe/Istanbul
Caraguatatuba	Caraguatatuba	BR	123389	America/Sao_Paulo
Birigui	Birigui	BR	123340	America/Sao_Paulo
Pinsk	Pinsk	BY	123283	Europe/Minsk
Telde	Telde	ES	123265	Atlantic/Canary
Indramayu	Indramayu	ID	123263	Asia/Jakarta
Relizane	Relizane	DZ	123255	Africa/Algiers
Bordj el Kiffan	Bordj el Kiffan	DZ	123246	Africa/Algiers
Manas	Manas	KG	123239	Asia/Bishkek
Kirishima	Kirishima	JP	123205	Asia/Tokyo
Orizaba	Orizaba	MX	123182	America/Mexico_City
Luoyang	Luoyang	CN	123144	Asia/Shanghai
Toba Tek Singh	Toba Tek Singh	PK	123102	Asia/Karachi
Honmachi	Honmachi	JP	123067	Asia/Tokyo
Wolfsburg	Wolfsburg	DE	123064	Europe/Berlin
Niihama	Niihama	JP	123059	Asia/Tokyo
Umuarama	Umuarama	BR	123059	America/Sao_Paulo
Jiaohe	Jiaohe	CN	123018	Asia/Shanghai
Igarassu	Igarassu	BR	123017	America/Recife
Tsaritsyno	Tsaritsyno	RU	123000	Europe/Moscow
Dos Hermanas	Dos Hermanas	ES	122943	Europe/Madrid
Ajapnyak	Ajapnyak	AM	122800	Asia/Yerevan
Tabuk	Tabuk	PH	122771	Asia/Manila
Tabuk	Tabuk	PH	122771	Asia/Manila
Dam Dam	Dam Dam	IN	122719	Asia/Kolkata
Hoima	Hoima	UG	122700	Africa/Kampala
Wuda	Wuda	CN	122696	Asia/Shanghai
Az Zubayr	Az Zubayr	IQ	122676	Asia/Baghdad
Schöneberg	Schoeneberg	DE	122658	Europe/Berlin
Beppu	Beppu	JP	122643	Asia/Tokyo
Hardoī	Hardoi	IN	122635	Asia/Kolkata
Behbahān	Behbahan	IR	122604	Asia/Tehran
Itatiba	Itatiba	BR	122581	America/Sao_Paulo
Huangzhou	Huangzhou	CN	122563	Asia/Shanghai
Sheepshead Bay	Sheepshead Bay	US	122534	America/New_York
Puruliya	Puruliya	IN	122533	Asia/Kolkata
Ubon Ratchathani	Ubon Ratchathani	TH	122533	Asia/Bangkok
Virginia	Virginia	ZA	122502	Africa/Johannesburg
Brits	Brits	ZA	122497	Africa/Johannesburg
Recklinghausen	Recklinghausen	DE	122438	Europe/Berlin
Zhoucun	Zhoucun	CN	122402	Asia/Shanghai
Cherkessk	Cherkessk	RU	122395	Europe/Moscow
Haveli Lakha	Haveli Lakha	PK	122389	Asia/Karachi
Maastricht	Maastricht	NL	122378	Europe/Amsterdam
Amherst	Amherst	US	122366	America/New_York
Tekirdağ	Tekirdag	TR	122287	Europe/Istanbul
Shahr-e Ṣadrā	Shahr-e Sadra	IR	122226	Asia/Tehran
Victorville	Victorville	US	122225	America/Los_Angeles
Burton upon Trent	Burton upon Trent	GB	122199	Europe/London
Calumpit	Calumpit	PH	122187	Asia/Manila
Lat Phrao	Lat Phrao	TH	122182	Asia/Bangkok
Livoberezhnyi	Livoberezhnyi	UA	122175	Europe/Kyiv
Göttingen	Goettingen	DE	122149	Europe/Berlin
Titiwangsa	Titiwangsa	MY	122096	Asia/Kuala_Lumpur
Phasi Charoen	Phasi Charoen	TH	122070	Asia/Bangkok
Presnenskiy	Presnenskiy	RU	122000	Europe/Moscow
Veshnyaki	Veshnyaki	RU	122000	Europe/Moscow
Zābol	Zabol	IR	121989	Asia/Tehran
Kaya	Kaya	BF	121970	Africa/Ouagadougou
Xiangcheng	Xiangcheng	CN	121959	Asia/Shanghai
Dharmavaram	Dharmavaram	IN	121874	Asia/Kolkata
Gokalpur	Gokalpur	IN	121870	Asia/Kolkata
Ādīgrat	Adigrat	ET	121800	Africa/Addis_Ababa
Kotamobagu	Kotamobagu	ID	121756	Asia/Makassar
Carora	Carora	VE	121741	America/Caracas
Vallejo	Vallejo	US	121692	America/Los_Angeles
Bhadreswar	Bhadreswar	IN	121662	Asia/Kolkata
Dorūd	Dorud	IR	121638	Asia/Tehran
Bern	Bern	CH	121631	Europe/Zurich
San Pedro de la Paz	San Pedro de la Paz	CL	121631	America/Santiago
Nagaon	Nagaon	IN	121628	Asia/Kolkata
Lahti	Lahti	FI	121622	Europe/Helsinki
Vejalpur	Vejalpur	IN	121610	Asia/Kolkata
Longshui	Longshui	CN	121609	Asia/Shanghai
Siracusa	Siracusa	IT	121605	Europe/Rome
Mubende	Mubende	UG	121600	Africa/Kampala
Stara Zagora	Stara Zagora	BG	121582	Europe/Sofia
Ondjiva	Ondjiva	AO	121537	Africa/Luanda
Alberton	Alberton	ZA	121536	Africa/Johannesburg
Gràcia	Gracia	ES	121502	Europe/Madrid
Chikmagalūr	Chikmagalur	IN	121484	Asia/Kolkata
Ekibastuz	Ekibastuz	KZ	121470	Asia/Almaty
Algeciras	Algeciras	ES	121414	Europe/Madrid
Lafayette	Lafayette	US	121374	America/Chicago
Lianhe	Lianhe	CN	121367	Asia/Shanghai
Chico	Chico	US	121345	America/Los_Angeles
Bhadrak	Bhadrak	IN	121338	Asia/Kolkata
Bagé	Bage	BR	121335	America/Sao_Paulo
North Stamford	North Stamford	US	121230	America/New_York
Bergamo	Bergamo	IT	121200	Europe/Rome
Ruse	Ruse	BG	121168	Europe/Sofia
Sawai Madhopur	Sawai Madhopur	IN	121106	Asia/Kolkata
Chơn Thành	Chon Thanh	VN	121083	Asia/Ho_Chi_Minh
Ambikāpur	Ambikapur	IN	121071	Asia/Kolkata
Eunápolis	Eunapolis	BR	121067	America/Bahia
Apalit	Apalit	PH	121057	Asia/Manila
Hartford	Hartford	US	121054	America/New_York
Bukittinggi	Bukittinggi	ID	121028	Asia/Jakarta
Dolisie	Dolisie	CG	121000	Africa/Brazzaville
Zyuzino	Zyuzino	RU	121000	Europe/Moscow
Ejido	Ejido	VE	120978	America/Caracas
Berkeley	Berkeley	US	120972	America/Los_Angeles
Nova Lima	Nova Lima	BR	120959	America/Sao_Paulo
Plaridel	Plaridel	PH	120939	Asia/Manila
West Palm Beach	West Palm Beach	US	120932	America/New_York
Kashiwara	Kashiwara	JP	120922	Asia/Tokyo
Uruguaiana	Uruguaiana	BR	120819	America/Sao_Paulo
Ikoma	Ikoma	JP	120741	Asia/Tokyo
Heilbronn	Heilbronn	DE	120733	Europe/Berlin
El Mourouj	El Mourouj	TN	120732	Africa/Tunis
Ţūz Khūrmātū	Tuz Khurmatu	IQ	120712	Asia/Baghdad
Trento	Trento	IT	120709	Europe/Rome
Shahdad Kot	Shahdad Kot	PK	120687	Asia/Karachi
Catchiungo	Catchiungo	AO	120677	Africa/Luanda
Ingolstadt	Ingolstadt	DE	120658	Europe/Berlin
Toa Payoh New Town	Toa Payoh New Town	SG	120650	Asia/Singapore
Lichuan	Lichuan	CN	120587	Asia/Shanghai
Bukit Bintang	Bukit Bintang	MY	120529	Asia/Kuala_Lumpur
La Concepción	La Concepcion	VE	120478	America/Caracas
Ulm	Ulm	DE	120451	Europe/Berlin
Mandoli	Mandoli	IN	120417	Asia/Kolkata
San Carlos	San Carlos	VE	120375	America/Caracas
Włocławek	Wloclawek	PL	120339	Europe/Warsaw
Allentown	Allentown	US	120207	America/New_York
Satara	Satara	IN	120195	Asia/Kolkata
Bao'an Centre	Bao'an Centre	CN	120170	Asia/Shanghai
Charsadda	Charsadda	PK	120170	Asia/Karachi
Fernando de la Mora	Fernando de la Mora	PY	120167	America/Asuncion
Chūru	Churu	IN	120157	Asia/Kolkata
Perugia	Perugia	IT	120137	Europe/Rome
Gangāpur	Gangapur	IN	120115	Asia/Kolkata
Zhujing	Zhujing	CN	120084	Asia/Shanghai
Bồ Đề	Bo GJe	VN	120028	Asia/Bangkok
Guelma	Guelma	DZ	120004	Africa/Algiers
Cabudwaaq	Cabudwaaq	SO	120000	Africa/Addis_Ababa
Cheremushky	Cheremushky	UA	120000	Europe/Kyiv
Dubai Marina	Dubai Marina	AE	120000	Asia/Dubai
Gereida	Gereida	SD	120000	Africa/Khartoum
International City	International City	AE	120000	Asia/Dubai
Nabatîyé et Tahta	Nabatiye et Tahta	LB	120000	Asia/Beirut
Orekhovo-Zuyevo	Orekhovo-Zuyevo	RU	120000	Europe/Moscow
Rustaq	Rustaq	OM	120000	Asia/Muscat
Solntsevo	Solntsevo	RU	120000	Europe/Moscow
Zhaoyuan	Zhaoyuan	CN	120000	Asia/Shanghai
Madhyapur Thimi	Madhyapur Thimi	NP	119955	Asia/Kathmandu
Saint-Louis-de-Terrebonne	Saint-Louis-de-Terrebonne	CA	119944	America/Toronto
Evansville	Evansville	US	119943	America/Chicago
Bonon	Bonon	CI	119938	Africa/Abidjan
Bottrop	Bottrop	DE	119909	Europe/Berlin
Ghotki	Ghotki	PK	119879	Asia/Karachi
Kwekwe	Kwekwe	ZW	119863	Africa/Harare
Malindi	Malindi	KE	119859	Africa/Nairobi
Ban I Chang	Ban I Chang	TH	119858	Asia/Bangkok
Rize	Rize	TR	119828	Europe/Istanbul
Almirante Tamandaré	Almirante Tamandare	BR	119825	America/Sao_Paulo
Palm Bay	Palm Bay	US	119760	America/New_York
Ann	Ann	MM	119714	Asia/Yangon
Leiden	Leiden	NL	119713	Europe/Amsterdam
Thon Buri	Thon Buri	TH	119708	Asia/Bangkok
Ajax	Ajax	CA	119677	America/Toronto
Bergedorf	Bergedorf	DE	119665	Europe/Berlin
Sambrial	Sambrial	PK	119571	Asia/Karachi
Pescara	Pescara	IT	119554	Europe/Rome
Modakeke	Modakeke	NG	119529	Africa/Lagos
Nobeoka	Nobeoka	JP	119521	Asia/Tokyo
Silang	Silang	PH	119475	Asia/Manila
Amanfrom	Amanfrom	GH	119467	Africa/Accra
Marituba	Marituba	BR	119437	America/Belem
Moḩammad Shahr	Mohammad Shahr	IR	119418	Asia/Tehran
Paulo Afonso	Paulo Afonso	BR	119418	America/Bahia
Īz̄eh	Izeh	IR	119399	Asia/Tehran
Nazilli	Nazilli	TR	119370	Europe/Istanbul
Daitō	Daito	JP	119367	Asia/Tokyo
Hòa Cường	Hoa Cuong	VN	119363	Asia/Ho_Chi_Minh
Lira	Lira	UG	119323	Africa/Kampala
Pforzheim	Pforzheim	DE	119313	Europe/Berlin
Salihli	Salihli	TR	119311	Europe/Istanbul
Arabkir	Arabkir	AM	119300	Asia/Yerevan
Port Dickson	Port Dickson	MY	119300	Asia/Kuala_Lumpur
Berkane	Berkane	MA	119284	Africa/Casablanca
Catanduva	Catanduva	BR	119275	America/Sao_Paulo
Dordrecht	Dordrecht	NL	119260	Europe/Amsterdam
Battambang	Battambang	KH	119251	Asia/Phnom_Penh
Offenbach	Offenbach	DE	119192	Europe/Berlin
Kitami	Kitami	JP	119135	Asia/Tokyo
Vĩnh Yên	Vinh Yen	VN	119128	Asia/Bangkok
Madhavaram	Madhavaram	IN	119105	Asia/Kolkata
Cagua	Cagua	VE	119033	America/Caracas
Fujairah	Fujairah	AE	118933	Asia/Dubai
Mandimba	Mandimba	MZ	118922	Africa/Maputo
Reykjavík	Reykjavik	IS	118918	Atlantic/Reykjavik
Dohad	Dohad	IN	118846	Asia/Kolkata
Cheltenham	Cheltenham	GB	118836	Europe/London
Huaraz	Huaraz	PE	118836	America/Lima
Santa Coloma de Gramenet	Santa Coloma de Gramenet	ES	118821	Europe/Madrid
Santana	Santana	BR	118803	America/Belem
Araxá	Araxa	BR	118786	America/Sao_Paulo
Piraquara	Piraquara	BR	118730	America/Sao_Paulo
Barshi	Barshi	IN	118722	Asia/Kolkata
Bắc Quang	Bac Quang	VN	118690	Asia/Ho_Chi_Minh
Xunchang	Xunchang	CN	118664	Asia/Shanghai
Hưng Yên	Hung Yen	VN	118646	Asia/Bangkok
Miramar	Miramar	MX	118614	America/Monterrey
Bremerhaven	Bremerhaven	DE	118610	Europe/Berlin
Queenstown	Queenstown	ZA	118599	Africa/Johannesburg
Nanbin	Nanbin	CN	118597	Asia/Shanghai
Bandar-e Anzalī	Bandar-e Anzali	IR	118564	Asia/Tehran
Khlong Luang	Khlong Luang	TH	118551	Asia/Bangkok
Ādilābād	Adilabad	IN	118526	Asia/Kolkata
Fargo	Fargo	US	118523	America/Chicago
Brugge	Brugge	BE	118509	Europe/Brussels
Jhunjhunūn	Jhunjhunun	IN	118473	Asia/Kolkata
Iguala de la Independencia	Iguala de la Independencia	MX	118468	America/Mexico_City
Sarandi	Sarandi	BR	118455	America/Sao_Paulo
Zomba	Zomba	MW	118440	Africa/Blantyre
Sepatan	Sepatan	ID	118439	Asia/Jakarta
Malita	Malita	PH	118438	Asia/Manila
Zielona Góra	Zielona Gora	PL	118433	Europe/Warsaw
Luodian	Luodian	CN	118323	Asia/Shanghai
Jetpur	Jetpur	IN	118302	Asia/Kolkata
Tsentralno-Miskyi	Tsentralno-Miskyi	UA	118283	Europe/Kyiv
Uppal Kalan	Uppal Kalan	IN	118259	Asia/Kolkata
São Lourenço da Mata	Sao Lourenco da Mata	BR	118258	America/Recife
Maghāghah	Maghaghah	EG	118223	Africa/Cairo
Pita Kotte	Pita Kotte	LK	118179	Asia/Colombo
Guiguinto	Guiguinto	PH	118173	Asia/Manila
Gudivāda	Gudivada	IN	118167	Asia/Kolkata
Setúbal	Setubal	PT	118166	Europe/Lisbon
Torrejón de Ardoz	Torrejon de Ardoz	ES	118162	Europe/Madrid
Aizu-Wakamatsu	Aizu-Wakamatsu	JP	118159	Asia/Tokyo
Bama	Bama	NG	118121	Africa/Lagos
Ilobu	Ilobu	NG	118089	Africa/Lagos
Manolo Fortich	Manolo Fortich	PH	118075	Asia/Manila
Itabira	Itabira	BR	118053	America/Sao_Paulo
Kiến An	Kien An	VN	118047	Asia/Bangkok
Jandira	Jandira	BR	118045	America/Sao_Paulo
Guaratinguetá	Guaratingueta	BR	118044	America/Sao_Paulo
San Rafael	San Rafael	AR	118009	America/Argentina/Mendoza
Shaoshan	Shaoshan	CN	118000	Asia/Shanghai
Troparëvo	Troparevo	RU	118000	Europe/Moscow
Bārān	Baran	IN	117992	Asia/Kolkata
Narmadapuram	Narmadapuram	IN	117988	Asia/Kolkata
Amreli	Amreli	IN	117967	Asia/Kolkata
Nakhon Pathom	Nakhon Pathom	TH	117927	Asia/Bangkok
Kakegawa	Kakegawa	JP	117925	Asia/Tokyo
Manfalūţ	Manfalut	EG	117925	Africa/Cairo
Handa	Handa	JP	117884	Asia/Tokyo
Wushan	Wushan	CN	117873	Asia/Shanghai
Friedrichshain	Friedrichshain Bezirk	DE	117829	Europe/Berlin
Abomey	Abomey	BJ	117824	Africa/Porto-Novo
Sokodé	Sokode	TG	117811	Africa/Lome
Araguari	Araguari	BR	117808	America/Sao_Paulo
Tarnów	Tarnow	PL	117799	Europe/Warsaw
Bangkok Noi	Bangkok Noi	TH	117793	Asia/Bangkok
Jalingo	Jalingo	NG	117757	Africa/Lagos
Raposo Tavares	Raposo Tavares	BR	117738	America/Sao_Paulo
Saanich	Saanich	CA	117735	America/Vancouver
Ibanda	Ibanda	UG	117700	Africa/Kampala
Bairro da Penha	Bairro da Penha	BR	117691	America/Sao_Paulo
Nyíregyháza	Nyiregyhaza	HU	117689	Europe/Budapest
Sano	Sano	JP	117669	Asia/Tokyo
Karatsu	Karatsu	JP	117663	Asia/Tokyo
Achinsk	Achinsk	RU	117634	Asia/Krasnoyarsk
Pudukkottai	Pudukkottai	IN	117630	Asia/Kolkata
Shunyi	Shunyi	CN	117623	Asia/Shanghai
Rotherham	Rotherham	GB	117618	Europe/London
Ciudad de Villa de Álvarez	Ciudad de Villa de Alvarez	MX	117600	America/Mexico_City
Banyuwangi	Banyuwangi	ID	117558	Asia/Jakarta
Rouiba	Rouiba	DZ	117558	Africa/Algiers
Tebingtinggi	Tebingtinggi	ID	117530	Asia/Jakarta
Tigwav	Tigwav	HT	117504	America/Port-au-Prince
Narasaraopet	Narasaraopet	IN	117489	Asia/Kolkata
Lisala	Lisala	CD	117464	Africa/Kinshasa
Badin	Badin	PK	117455	Asia/Karachi
Banfora	Banfora	BF	117452	Africa/Ouagadougou
Punta Arenas	Punta Arenas	CL	117430	America/Punta_Arenas
Kadoma	Kadoma	ZW	117381	Africa/Harare
Midsayap	Midsayap	PH	117365	Asia/Manila
Camboriú	Camboriu	BR	117324	America/Sao_Paulo
Pyin Oo Lwin	Pyin Oo Lwin	MM	117303	Asia/Yangon
Clearwater	Clearwater	US	117292	America/New_York
Himamaylan	Himamaylan	PH	117286	Asia/Manila
Independence	Independence	US	117255	America/Chicago
Heroica Guaymas	Heroica Guaymas	MX	117253	America/Hermosillo
Kedungwuni	Kedungwuni	ID	117249	Asia/Jakarta
Ilebo	Ilebo	CD	117245	Africa/Lubumbashi
Kristiansand	Kristiansand	NO	117237	Europe/Oslo
Longjing	Longjing	CN	117185	Asia/Shanghai
Kroonstad	Kroonstad	ZA	117152	Africa/Johannesburg
Remscheid	Remscheid	DE	117118	Europe/Berlin
Billings	Billings	US	117116	America/Denver
Möng Yang	Moeng Yang	MM	117108	Asia/Yangon
Čačak	Cacak	RS	117072	Europe/Belgrade
Ann Arbor	Ann Arbor	US	117070	America/Detroit
Los Baños	Los Banos	PH	117030	Asia/Manila
Duekoué	Duekoue	CI	117023	Africa/Abidjan
Higashikurume	Higashikurume	JP	117020	Asia/Tokyo
Rishra	Rishra	IN	117014	Asia/Kolkata
Pinhais	Pinhais	BR	117000	America/Sao_Paulo
Kyzyl	Kyzyl	RU	116983	Asia/Krasnoyarsk
Cadiz	Cadiz	ES	116979	Europe/Madrid
Dąbrowa Górnicza	Dabrowa Gornicza	PL	116971	Europe/Warsaw
Passos	Passos	BR	116951	America/Sao_Paulo
Fāqūs	Faqus	EG	116945	Africa/Cairo
Tacurong	Tacurong	PH	116945	Asia/Manila
Hōfu	Hofu	JP	116925	Asia/Tokyo
Gabela	Gabela	AO	116903	Africa/Luanda
Serangoon	Serangoon	SG	116900	Asia/Singapore
Serangoon New Town	Serangoon New Town	SG	116900	Asia/Singapore
Funza	Funza	CO	116890	America/Bogota
Merauke	Merauke	ID	116864	Asia/Jayapura
Baripāda	Baripada	IN	116849	Asia/Kolkata
Kōnosu	Konosu	JP	116828	Asia/Tokyo
Soreang	Soreang	ID	116780	Asia/Jakarta
Smolyanskyi	Smolyanskyi	UA	116779	Europe/Kyiv
Noord	Noord	NL	116777	Europe/Amsterdam
Dinaig	Dinaig	PH	116768	Asia/Manila
Manp’o	Manp'o	KP	116760	Asia/Pyongyang
Muktsar	Muktsar	IN	116747	Asia/Kolkata
El Monte	El Monte	US	116732	America/Los_Angeles
Tubarão	Tubarao	BR	116725	America/Sao_Paulo
Forlì	Forli	IT	116696	Europe/Rome
Azamgarh	Azamgarh	IN	116644	Asia/Kolkata
Santa Maria	Santa Maria	BR	116622	America/Sao_Paulo
Masaka	Masaka	UG	116600	Africa/Kampala
Cờ Đỏ	Co GJo	VN	116576	Asia/Ho_Chi_Minh
Taldykorgan	Taldykorgan	KZ	116558	Asia/Almaty
Moncloa-Aravaca	Moncloa-Aravaca	ES	116531	Europe/Madrid
Gulin	Gulin	CN	116527	Asia/Shanghai
Al Majaz	Al Majaz	AE	116503	Asia/Dubai
Thung Khru	Thung Khru	TH	116473	Asia/Bangkok
Barnāla	Barnala	IN	116449	Asia/Kolkata
Yelahanka	Yelahanka	IN	116447	Asia/Kolkata
Pattaya	Pattaya	TH	116417	Asia/Bangkok
Chittorgarh	Chittorgarh	IN	116406	Asia/Kolkata
Chenggu	Chenggu	CN	116375	Asia/Shanghai
Harlem	Harlem	US	116345	America/New_York
Orléans	Orleans	FR	116344	Europe/Paris
Rouen	Rouen	FR	116331	Europe/Paris
Tinsukia	Tinsukia	IN	116322	Asia/Kolkata
Westminster	Westminster	US	116317	America/Denver
Dasha	Dasha	CN	116307	Asia/Shanghai
Yakeshi	Yakeshi	CN	116284	Asia/Shanghai
Ipiranga	Ipiranga	BR	116271	America/Sao_Paulo
Makumbako	Makumbako	TZ	116232	Africa/Dar_es_Salaam
Khargone	Khargone	IN	116150	Asia/Kolkata
Mariara	Mariara	VE	116142	America/Caracas
Digos	Digos	PH	116122	Asia/Manila
Tshilenge	Tshilenge	CD	116073	Africa/Lubumbashi
Aïn Beïda	Ain Beida	DZ	116064	Africa/Algiers
Andīsheh	Andisheh	IR	116062	Asia/Tehran
Shahre Jadide Andisheh	Shahre Jadide Andisheh	IR	116062	Asia/Tehran
Breves	Breves	BR	116058	America/Belem
Alcobendas	Alcobendas	ES	116037	Europe/Madrid
Kissidougou	Kissidougou	GN	116019	Africa/Conakry
San Tung Chung Hang	San Tung Chung Hang	HK	116000	Asia/Hong_Kong
Taganskiy	Taganskiy	RU	116000	Europe/Moscow
Round Rock	Round Rock	US	115997	America/Chicago
Noginsk	Noginsk	RU	115979	Europe/Moscow
Tinaquillo	Tinaquillo	VE	115937	America/Caracas
Wilmington	Wilmington	US	115933	America/New_York
Cavite City	Cavite City	PH	115932	Asia/Manila
Campo Grande	Campo Grande	BR	115925	America/Sao_Paulo
East Harlem	East Harlem	US	115921	America/New_York
Formosa	Formosa	BR	115901	America/Sao_Paulo
Tandil	Tandil	AR	115877	America/Argentina/Buenos_Aires
Zoetermeer	Zoetermeer	NL	115845	Europe/Amsterdam
São Gonçalo do Amarante	Sao Goncalo do Amarante	BR	115838	America/Fortaleza
Sri Jayewardenepura Kotte	Sri Jayewardenepura Kotte	LK	115826	Asia/Colombo
Nasushiobara	Nasushiobara	JP	115794	Asia/Tokyo
Várzea Paulista	Varzea Paulista	BR	115771	America/Sao_Paulo
Baisha	Baisha	CN	115761	Asia/Shanghai
Banī Mazār	Bani Mazar	EG	115759	Africa/Cairo
Taunsa	Taunsa	PK	115704	Asia/Karachi
Urasoe	Urasoe	JP	115690	Asia/Tokyo
Santana	Santana	BR	115689	America/Sao_Paulo
Yelets	Yelets	RU	115688	Europe/Moscow
Suan Luang	Suan Luang	TH	115658	Asia/Bangkok
Parla	Parla	ES	115611	Europe/Madrid
Mỹ Hào	My Hao	VN	115608	Asia/Bangkok
Anliu	Anliu	CN	115560	Asia/Shanghai
Ribeirão Pires	Ribeirao Pires	BR	115559	America/Sao_Paulo
Recanto das Emas	Recanto das Emas	BR	115550	America/Sao_Paulo
Chunga	Chunga	ZM	115539	Africa/Lusaka
Bīshah	Bishah	SA	115537	Asia/Riyadh
Novo-Peredelkino	Novo-Peredelkino	RU	115536	Europe/Moscow
Baidyabāti	Baidyabati	IN	115504	Asia/Kolkata
Okigwe	Okigwe	NG	115499	Africa/Lagos
Ar Rifā‘	Ar Rifa'	BH	115495	Asia/Bahrain
Uzhhorod	Uzhhorod	UA	115449	Europe/Kyiv
Kasese	Kasese	UG	115400	Africa/Kampala
Tianfu	Tianfu	CN	115370	Asia/Shanghai
Arvada	Arvada	US	115368	America/Denver
Otaru	Otaru	JP	115333	Asia/Tokyo
Tayabas	Tayabas	PH	115318	Asia/Manila
Inkisi	Inkisi	CD	115317	Africa/Kinshasa
Iriga City	Iriga City	PH	115306	Asia/Manila
Thornhill	Thornhill	CA	115292	America/Toronto
Vacoas	Vacoas	MU	115289	Indian/Mauritius
Beaumont	Beaumont	US	115282	America/Chicago
Vlorë	Vlore	AL	115261	Europe/Tirane
Sanxia	Sanxia	TW	115185	Asia/Taipei
Provo	Provo	US	115162	America/Denver
Tucuruí	Tucurui	BR	115144	America/Belem
Bastī	Basti	IN	115115	Asia/Kolkata
Peoria	Peoria	US	115070	America/Chicago
Ezeiza	Ezeiza	AR	115021	America/Argentina/Buenos_Aires
Lasnamäe	Lasnamaee	EE	115008	Europe/Tallinn
Xiva	Xiva	UZ	115000	Asia/Samarkand
Amasya	Amasya	TR	114921	Europe/Istanbul
Mendoza	Mendoza	AR	114893	America/Argentina/Mendoza
Balkh	Balkh	AF	114883	Asia/Kabul
Cubatão	Cubatao	BR	114870	America/Sao_Paulo
Mingshui	Mingshui	CN	114858	Asia/Shanghai
Vila Medeiros	Vila Medeiros	BR	114839	America/Sao_Paulo
Phong Điền	Phong GJien	VN	114820	Asia/Bangkok
Nova Serrana	Nova Serrana	BR	114791	America/Sao_Paulo
Wang Thonglang	Wang Thonglang	TH	114768	Asia/Bangkok
Carlsbad	Carlsbad	US	114746	America/Los_Angeles
Mandera	Mandera	KE	114718	Africa/Nairobi
Qiaotou	Qiaotou	CN	114712	Asia/Shanghai
Gyumri	Gyumri	AM	114667	Asia/Yerevan
Silopi	Silopi	TR	114645	Europe/Istanbul
Gangavati	Gangavati	IN	114642	Asia/Kolkata
Ambur	Ambur	IN	114608	Asia/Kolkata
Tangará da Serra	Tangara da Serra	BR	114603	America/Cuiaba
Gorzów Wielkopolski	Gorzow Wielkopolski	PL	114567	Europe/Warsaw
Simões Filho	Simoes Filho	BR	114559	America/Bahia
Giridih	Giridih	IN	114533	Asia/Kolkata
Phool Nagar	Phool Nagar	PK	114530	Asia/Karachi
Quezon	Quezon	PH	114521	Asia/Manila
Aryanah	Aryanah	TN	114486	Africa/Tunis
Tungipara	Tungipara	BD	114482	Asia/Dhaka
Ichinoseki	Ichinoseki	JP	114476	Asia/Tokyo
Khenchela	Khenchela	DZ	114472	Africa/Algiers
Khon Kaen	Khon Kaen	TH	114459	Asia/Bangkok
Odessa	Odessa	US	114428	America/Chicago
Catalão	Catalao	BR	114427	America/Sao_Paulo
Tando Muhammad Khan	Tando Muhammad Khan	PK	114406	Asia/Karachi
Springfield	Springfield	US	114394	America/Chicago
Somaroboro	Somaroboro	ZA	114369	Africa/Johannesburg
Guadalajara de Buga	Guadalajara de Buga	CO	114316	America/Bogota
Pamanukan	Pamanukan	ID	114290	Asia/Jakarta
Codó	Codo	BR	114275	America/Fortaleza
Pardīs	Pardis	IR	114249	Asia/Tehran
Pleiku	Pleiku	VN	114225	Asia/Ho_Chi_Minh
Downey	Downey	US	114219	America/Los_Angeles
Lower Hutt	Lower Hutt	NZ	114200	Pacific/Auckland
Yuyao	Yuyao	CN	114177	Asia/Shanghai
Hatsukaichi	Hatsukaichi	JP	114173	Asia/Tokyo
Rānyah	Ranyah	IQ	114173	Asia/Baghdad
Tung Chung	Tung Chung	HK	114100	Asia/Hong_Kong
Salto	Salto	UY	114084	America/Montevideo
Korolyov	Korolyov	UA	114034	Europe/Kyiv
Siirt	Siirt	TR	114034	Europe/Istanbul
Zhaozhou	Zhaozhou	CN	114009	Asia/Shanghai
Ochakovo-Matveyevskoye	Ochakovo-Matveyevskoye	RU	114000	Europe/Moscow
Villa Lugano	Villa Lugano	AR	114000	America/Argentina/Buenos_Aires
Punta Cardón	Punta Cardon	VE	113999	America/Caracas
Akishima	Akishima	JP	113949	Asia/Tokyo
Itacoatiara	Itacoatiara	BR	113917	America/Manaus
Chililabombwe	Chililabombwe	ZM	113876	Africa/Lusaka
Rivière-des-Prairies–Pointe-aux-Trembles	Riviere-des-Prairies-Pointe-aux-Trembles	CA	113868	America/Toronto
Worthing	Worthing	GB	113866	Europe/London
Navojoa	Navojoa	MX	113836	America/Hermosillo
Offa	Offa	NG	113830	Africa/Lagos
Tobolsk	Tobolsk	RU	113800	Asia/Yekaterinburg
Tōkai	Tokai	JP	113787	Asia/Tokyo
Wardha	Wardha	IN	113759	Asia/Kolkata
Wansheng	Wansheng	CN	113751	Asia/Shanghai
Pattoki	Pattoki	PK	113735	Asia/Karachi
Wayaobu	Wayaobu	CN	113698	Asia/Shanghai
Hikone	Hikone	JP	113647	Asia/Tokyo
Nagahama	Nagahama	JP	113636	Asia/Tokyo
Pingshan	Pingshan	CN	113631	Asia/Shanghai
Songyuan	Songyuan	CN	113611	Asia/Shanghai
Maba	Maba	CN	113609	Asia/Shanghai
Fujimino	Fujimino	JP	113597	Asia/Tokyo
Doncaster	Doncaster	GB	113566	Europe/London
Bình Thủy	Binh Thuy	VN	113565	Asia/Ho_Chi_Minh
Dumaguete	Dumaguete	PH	113541	Asia/Manila
Budapest XIII. kerület	Budapest XIII. keruelet	HU	113531	Europe/Budapest
Nippes	Nippes	DE	113487	Europe/Berlin
Jaén	Jaen	ES	113457	Europe/Madrid
Chengqiao	Chengqiao	CN	113442	Asia/Shanghai
Chorzów	Chorzow	PL	113430	Europe/Warsaw
Porz am Rhein	Porz am Rhein	DE	113415	Europe/Berlin
Louga	Louga	SN	113365	Africa/Dakar
Elmhurst	Elmhurst	US	113364	America/New_York
Hoàng Mai	Hoang Mai	VN	113360	Asia/Bangkok
Kamsar	Kamsar	GN	113350	Africa/Conakry
Yaritagua	Yaritagua	VE	113343	America/Caracas
Shahdadpur	Shahdadpur	PK	113342	Asia/Karachi
Itumbiara	Itumbiara	BR	113322	America/Sao_Paulo
Khwisero	Khwisero	KE	113294	Africa/Nairobi
Costa Mesa	Costa Mesa	US	113204	America/Los_Angeles
Jauharabad	Jauharabad	PK	113188	Asia/Karachi
Miami Gardens	Miami Gardens	US	113187	America/New_York
Bagrām	Bagram	AF	113173	Asia/Kabul
Chesterfield	Chesterfield	GB	113057	Europe/London
North Peoria	North Peoria	US	113004	America/Chicago
Shchyolkovo	Shchyolkovo	RU	113000	Europe/Moscow
Al Fashn	Al Fashn	EG	112999	Africa/Cairo
Fairfield	Fairfield	US	112970	America/Los_Angeles
Guanabacoa	Guanabacoa	CU	112964	America/Havana
Hammanskraal	Hammanskraal	ZA	112950	Africa/Johannesburg
Ōshū	Oshu	JP	112937	Asia/Tokyo
Taourirt	Taourirt	MA	112908	Africa/Casablanca
Ţalkhā	Talkha	EG	112851	Africa/Cairo
Neili	Neili	TW	112845	Asia/Taipei
Vihari	Vihari	PK	112840	Asia/Karachi
Taonan	Taonan	CN	112819	Asia/Shanghai
Youkaichi	Youkaichi	JP	112819	Asia/Tokyo
Kazo	Kazo	JP	112792	Asia/Tokyo
Santa Lucía Cotzumalguapa	Santa Lucia Cotzumalguapa	GT	112780	America/Guatemala
Jönköping	Joenkoeping	SE	112766	Europe/Stockholm
City of Port Phillip	City of Port Phillip	AU	112669	Australia/Melbourne
Tadepalligudem	Tadepalligudem	IN	112655	Asia/Kolkata
Haikou	Haikou	CN	112644	Asia/Shanghai
Lansing	Lansing	US	112644	America/Detroit
Chanduasi	Chanduasi	IN	112635	Asia/Kolkata
Bagaha	Bagaha	IN	112634	Asia/Kolkata
Nefteyugansk	Nefteyugansk	RU	112632	Asia/Yekaterinburg
Reutlingen	Reutlingen	DE	112627	Europe/Berlin
Bushwick	Bushwick	US	112620	America/New_York
Upata	Upata	VE	112617	America/Caracas
Shaowu	Shaowu	CN	112585	Asia/Shanghai
Mengmao	Mengmao	CN	112578	Asia/Shanghai
Lawang	Lawang	ID	112540	Asia/Jakarta
Bouskoura	Bouskoura	MA	112501	Africa/Casablanca
Satu Mare	Satu Mare	RO	112490	Europe/Bucharest
Itanhaém	Itanhaem	BR	112476	America/Sao_Paulo
Kaiyuan	Kaiyuan	CN	112462	Asia/Shanghai
Kisii	Kisii	KE	112417	Africa/Nairobi
Petržalka	Petrzalka	SK	112380	Europe/Bratislava
Kāzerūn	Kazerun	IR	112360	Asia/Tehran
Ermelino Matarazzo	Ermelino Matarazzo	BR	112333	America/Sao_Paulo
Achalpur	Achalpur	IN	112311	Asia/Kolkata
Planaltina	Planaltina	BR	112304	America/Sao_Paulo
Guanare	Guanare	VE	112286	America/Caracas
Wuzhishan	Wuzhishan	CN	112269	Asia/Shanghai
Gravesend	Gravesend	US	112229	America/New_York
Rochester	Rochester	US	112225	America/Chicago
Gondal	Gondal	IN	112197	Asia/Kolkata
Chichawatni	Chichawatni	PK	112191	Asia/Karachi
Farīdpur	Faridpur	BD	112187	Asia/Dhaka
Apopa	Apopa	SV	112158	America/El_Salvador
Carmona	Carmona	PH	112140	Asia/Manila
Laoag	Laoag	PH	112117	Asia/Manila
Elgin	Elgin	US	112111	America/Chicago
Dharashiv	Dharashiv	IN	112085	Asia/Kolkata
Xigang	Xigang	CN	112061	Asia/Shanghai
Chóngfú	Chongfu	CN	112060	Asia/Shanghai
Taipa	Taipa	MO	112051	Asia/Macau
Port Blair	Port Blair	IN	112050	Asia/Kolkata
Minatitlán	Minatitlan	MX	112046	America/Mexico_City
Esuk Oron	Esuk Oron	NG	112033	Africa/Lagos
Atbara	Atbara	SD	112021	Africa/Khartoum
Vicenza	Vicenza	IT	111980	Europe/Rome
Ciudad Guzmán	Ciudad Guzman	MX	111975	America/Mexico_City
Ballarat	Ballarat	AU	111973	Australia/Melbourne
Tocoa	Tocoa	HN	111972	America/Tegucigalpa
West Jordan	West Jordan	US	111946	America/Denver
Bagalkot	Bagalkot	IN	111933	Asia/Kolkata
Lomas de Zamora	Lomas de Zamora	AR	111897	America/Argentina/Buenos_Aires
Yeoju	Yeoju	KR	111897	Asia/Seoul
Dūmā	Duma	SY	111864	Asia/Damascus
Winterthur	Winterthur	CH	111840	Europe/Zurich
Novokuybyshevsk	Novokuybyshevsk	RU	111800	Europe/Samara
Bou Saâda	Bou Saada	DZ	111787	Africa/Algiers
Abnūb	Abnub	EG	111785	Africa/Cairo
Qūchān	Quchan	IR	111752	Asia/Tehran
Manacapuru	Manacapuru	BR	111751	America/Manaus
Kuningan	Kuningan	ID	111742	Asia/Jakarta
Suriāpet	Suriapet	IN	111729	Asia/Kolkata
Kandy	Kandy	LK	111701	Asia/Colombo
Zefta	Zefta	EG	111700	Africa/Cairo
Bangaon	Bangaon	IN	111693	Asia/Kolkata
Inglewood	Inglewood	US	111666	America/Los_Angeles
Kilis	Kilis	TR	111648	Europe/Istanbul
Terrebonne	Terrebonne	CA	111575	America/Toronto
Kyimyindine	Kyimyindine	MM	111514	Asia/Yangon
Set Ka Lay	Set Ka Lay	MM	111514	Asia/Yangon
Chelmsford	Chelmsford	GB	111511	Europe/London
Marzahn	Marzahn	DE	111508	Europe/Berlin
Chiquimula	Chiquimula	GT	111505	America/Guatemala
Cileunyi	Cileunyi	ID	111476	Asia/Jakarta
Ashoknagar Kalyangarh	Ashoknagar Kalyangarh	IN	111475	Asia/Kolkata
Mongu	Mongu	ZM	111450	Africa/Lusaka
Mulhouse	Mulhouse	FR	111430	Europe/Paris
Al Fqih Ben Çalah	Al Fqih Ben Calah	MA	111402	Africa/Casablanca
Pulilan	Pulilan	PH	111384	Asia/Manila
Beau Bassin-Rose Hill	Beau Bassin-Rose Hill	MU	111355	Indian/Mauritius
Tuscaloosa	Tuscaloosa	US	111338	America/Chicago
Sogamoso	Sogamoso	CO	111336	America/Bogota
Mbale	Mbale	UG	111300	Africa/Kampala
Sainte-Foy	Sainte-Foy	CA	111300	America/Toronto
Montreuil	Montreuil	FR	111240	Europe/Paris
Terni	Terni	IT	111189	Europe/Rome
Deesa	Deesa	IN	111160	Asia/Kolkata
Navadwīp	Navadwip	IN	111123	Asia/Kolkata
Maran	Maran	MY	111056	Asia/Kuala_Lumpur
Nandurbar	Nandurbar	IN	111037	Asia/Kolkata
Kasuga	Kasuga	JP	111023	Asia/Tokyo
Nsukka	Nsukka	NG	111017	Africa/Lagos
Nguru	Nguru	NG	111014	Africa/Lagos
Mabopane	Mabopane	ZA	110972	Africa/Johannesburg
Namur	Namur	BE	110939	Europe/Brussels
Cambé	Cambe	BR	110923	America/Sao_Paulo
Encheng	Encheng	CN	110921	Asia/Shanghai
Turhal	Turhal	TR	110884	Europe/Istanbul
Gò Vấp	Go Vap	VN	110850	Asia/Ho_Chi_Minh
Richardson	Richardson	US	110815	America/Chicago
Bokhtar	Bokhtar	TJ	110800	Asia/Dushanbe
Hadejia	Hadejia	NG	110753	Africa/Lagos
Zhuji	Zhuji	CN	110721	Asia/Shanghai
Perpignan	Perpignan	FR	110706	Europe/Paris
Lowell	Lowell	US	110699	America/New_York
Lavras	Lavras	BR	110682	America/Sao_Paulo
São Pedro da Aldeia	Sao Pedro da Aldeia	BR	110677	America/Sao_Paulo
East Independence	East Independence	US	110675	America/Chicago
Caen	Caen	FR	110624	Europe/Paris
Açailândia	Acailandia	BR	110611	America/Fortaleza
Kyivskyi	Kyivskyi	UA	110600	Europe/Kyiv
Borāzjān	Borazjan	IR	110567	Asia/Tehran
Gresham	Gresham	US	110553	America/Los_Angeles
Yenangyaung	Yenangyaung	MM	110553	Asia/Yangon
Antioch	Antioch	US	110542	America/Los_Angeles
Manzini	Manzini	SZ	110537	Africa/Mbabane
Paulínia	Paulinia	BR	110537	America/Sao_Paulo
St. John's	St. John's	CA	110525	America/St_Johns
Delicias	Delicias	ES	110520	Europe/Madrid
Masindi	Masindi	UG	110500	Africa/Kampala
Kfar Saba	Kfar Saba	IL	110456	Asia/Jerusalem
Matsutō	Matsuto	JP	110408	Asia/Tokyo
Cambridge	Cambridge	US	110402	America/New_York
Sultānpur	Sultanpur	IN	110368	Asia/Kolkata
Delhi Cantonment	Delhi Cantonment	IN	110351	Asia/Kolkata
Bayugan	Bayugan	PH	110313	Asia/Manila
Firozpur	Firozpur	IN	110313	Asia/Kolkata
High Point	High Point	US	110268	America/New_York
Datun	Datun	CN	110258	Asia/Shanghai
Manchester	Manchester	US	110229	America/New_York
Bāneh	Baneh	IR	110218	Asia/Tehran
Geylang	Geylang	SG	110201	Asia/Singapore
Kresek	Kresek	ID	110182	Asia/Jakarta
Bender	Bender	MD	110175	Europe/Chisinau
Mbombela	Mbombela	ZA	110159	Africa/Johannesburg
Rodenkirchen	Rodenkirchen	DE	110158	Europe/Berlin
Sembawang Estate	Sembawang Estate	SG	110090	Asia/Singapore
Gabès	Gabes	TN	110075	Africa/Tunis
Orkney	Orkney	ZA	110052	Africa/Johannesburg
Qingnian	Qingnian	CN	110046	Asia/Shanghai
Temecula	Temecula	US	110003	America/Los_Angeles
An Nu‘mānīyah	An Nu'maniyah	IQ	110000	Asia/Baghdad
Kufa	Kufa	IQ	110000	Asia/Baghdad
Lucapa	Lucapa	AO	110000	Africa/Luanda
Mendip	Mendip	GB	110000	Europe/London
Noyabrsk	Noyabrsk	RU	110000	Asia/Yekaterinburg
Qal‘at Sukkar	Qal'at Sukkar	IQ	110000	Asia/Baghdad
Ressano Garcia	Ressano Garcia	MZ	110000	Africa/Maputo
Sengerema	Sengerema	TZ	110000	Africa/Dar_es_Salaam
Bataysk	Bataysk	RU	109962	Europe/Moscow
Pisa	Pisa	IT	109960	Europe/Rome
Linshui	Linshui	CN	109955	Asia/Shanghai
Kamagaya	Kamagaya	JP	109932	Asia/Tokyo
Sutton Coldfield	Sutton Coldfield	GB	109899	Europe/London
Hailun	Hailun	CN	109881	Asia/Shanghai
Maramag	Maramag	PH	109864	Asia/Manila
Kecskemét	Kecskemet	HU	109847	Europe/Budapest
Seversk	Seversk	RU	109844	Asia/Tomsk
Ciamis	Ciamis	ID	109839	Asia/Jakarta
Murrieta	Murrieta	US	109830	America/Los_Angeles
Brovary	Brovary	UA	109806	Europe/Kyiv
Santo Antônio de Jesus	Santo Antonio de Jesus	BR	109791	America/Bahia
Lak Si	Lak Si	TH	109770	Asia/Bangkok
Wakefield	Wakefield	GB	109766	Europe/London
Centennial	Centennial	US	109741	America/Denver
Shilong	Shilong	CN	109733	Asia/Shanghai
Richmond	Richmond	US	109708	America/Los_Angeles
Corona	Corona	US	109698	America/New_York
Thới Lai	Thoi Lai	VN	109684	Asia/Ho_Chi_Minh
Vilhena	Vilhena	BR	109651	America/Porto_Velho
Pandit Deen Dayal Upadhyaya Nagar	Pandit Deen Dayal Upadhyaya Nagar	IN	109650	Asia/Kolkata
Dchira El Jihadia	Dchira El Jihadia	MA	109564	Africa/Casablanca
Didao	Didao	CN	109561	Asia/Shanghai
Arsuz	Arsuz	TR	109550	Europe/Istanbul
Pelabuhanratu	Pelabuhanratu	ID	109523	Asia/Jakarta
Marugame	Marugame	JP	109513	Asia/Tokyo
Arzamas	Arzamas	RU	109479	Europe/Moscow
Habikino	Habikino	JP	109479	Asia/Tokyo
Phalaborwa	Phalaborwa	ZA	109468	Africa/Johannesburg
Walthamstow	Walthamstow	GB	109424	Europe/London
Pueblo	Pueblo	US	109412	America/Denver
Guaianases	Guaianases	BR	109316	America/Sao_Paulo
Ijebu-Igbo	Ijebu-Igbo	NG	109261	Africa/Lagos
Sergiyev Posad	Sergiyev Posad	RU	109252	Europe/Moscow
Talisay	Talisay	PH	109204	Asia/Manila
San Juan	San Juan	AR	109123	America/Argentina/San_Juan
Sehore	Sehore	IN	109118	Asia/Kolkata
Jianchang	Jianchang	CN	109108	Asia/Shanghai
Hulan	Hulan	CN	109104	Asia/Shanghai
Matagalpa	Matagalpa	NI	109089	America/Managua
Khlong Toei	Khlong Toei	TH	109041	Asia/Bangkok
Leninsk-Kuznetsky	Leninsk-Kuznetsky	RU	109023	Asia/Novokuznetsk
Kiryū	Kiryu	JP	108991	Asia/Tokyo
Handeni	Handeni	TZ	108968	Africa/Dar_es_Salaam
Balombo	Balombo	AO	108965	Africa/Luanda
Thunder Bay	Thunder Bay	CA	108843	America/Toronto
Iwatsuki	Iwatsuki	JP	108833	Asia/Tokyo
Pearland	Pearland	US	108821	America/Chicago
Dehui	Dehui	CN	108818	Asia/Shanghai
Pangkalanbuun	Pangkalanbuun	ID	108814	Asia/Pontianak
Waterbury	Waterbury	US	108802	America/New_York
Greeley	Greeley	US	108795	America/Denver
Boulogne-Billancourt	Boulogne-Billancourt	FR	108782	Europe/Paris
Baia Mare	Baia Mare	RO	108759	Europe/Bucharest
Kalisz	Kalisz	PL	108759	Europe/Warsaw
Warīsān	Warisan	AE	108759	Asia/Dubai
Coronel Fabriciano	Coronel Fabriciano	BR	108708	America/Sao_Paulo
Mascara	Mascara	DZ	108629	Africa/Algiers
Maranguape	Maranguape	BR	108622	America/Fortaleza
Uromi	Uromi	NG	108608	Africa/Lagos
Katumba	Katumba	TZ	108558	Africa/Dar_es_Salaam
Móng Cái	Mong Cai	VN	108553	Asia/Bangkok
Vila Maria	Vila Maria	BR	108543	America/Sao_Paulo
Kanpur Cantonment	Kanpur Cantonment	IN	108534	Asia/Kolkata
Komatsu	Komatsu	JP	108509	Asia/Tokyo
West Covina	West Covina	US	108484	America/Los_Angeles
Enterprise	Enterprise	US	108481	America/Los_Angeles
Bānsbāria	Bansbaria	IN	108474	Asia/Kolkata
Girón	Giron	CO	108466	America/Bogota
Baghlān	Baghlan	AF	108449	Asia/Kabul
Muriaé	Muriae	BR	108447	America/Sao_Paulo
Hanjia	Hanjia	CN	108430	Asia/Shanghai
Trincomalee	Trincomalee	LK	108420	Asia/Colombo
La Cité-Limoilou	La Cite-Limoilou	CA	108415	America/Toronto
Santiago	Santiago	PH	108414	Asia/Manila
Taibai	Taibai	CN	108387	Asia/Shanghai
Vedado	Vedado	CU	108369	America/Havana
Dagenham	Dagenham	GB	108368	Europe/London
Xuyong	Xuyong	CN	108352	Asia/Shanghai
North Charleston	North Charleston	US	108304	America/New_York
Sohar	Sohar	OM	108274	Asia/Muscat
Nehe	Nehe	CN	108253	Asia/Shanghai
Abu Gharaq	Abu Gharaq	IQ	108212	Asia/Baghdad
Oktyabrsky	Oktyabrsky	RU	108200	Asia/Yekaterinburg
Tadpatri	Tadpatri	IN	108171	Asia/Kolkata
Birnin Kebbi	Birnin Kebbi	NG	108164	Africa/Lagos
Santa Cruz	Santa Cruz	PH	108145	Asia/Manila
Novobavarskyi	Novobavarskyi	UA	108100	Europe/Kyiv
Everett	Everett	US	108010	America/Los_Angeles
An Nuhūd	An Nuhud	SD	108008	Africa/Khartoum
Ŭllyul	Ullyul	KP	107997	Asia/Pyongyang
Rijeka	Rijeka	HR	107964	Europe/Zagreb
Douliu	Douliu	TW	107924	Asia/Taipei
Luis Eduardo Magalhães	Luis Eduardo Magalhaes	BR	107909	America/Bahia
Catbalogan	Catbalogan	PH	107896	Asia/Manila
College Station	College Station	US	107889	America/Chicago
As Salţ	As Salt	JO	107874	Asia/Amman
Mishima	Mishima	JP	107851	Asia/Tokyo
Baía Farta	Baia Farta	AO	107841	Africa/Luanda
Jalpāiguri	Jalpaiguri	IN	107832	Asia/Kolkata
Jalai Nur	Jalai Nur	CN	107828	Asia/Shanghai
Tajimi	Tajimi	JP	107818	Asia/Tokyo
Castelar	Castelar	AR	107786	America/Argentina/Buenos_Aires
Pompano Beach	Pompano Beach	US	107762	America/New_York
Coronel	Coronel	CL	107759	America/Santiago
Bacabal	Bacabal	BR	107755	America/Fortaleza
Novo Gama	Novo Gama	BR	107663	America/Sao_Paulo
Dusit	Dusit	TH	107655	Asia/Bangkok
Mandurah	Mandurah	AU	107643	Australia/Perth
Basingstoke	Basingstoke	GB	107642	Europe/London
Bandırma	Bandirma	TR	107631	Europe/Istanbul
Maidstone	Maidstone	GB	107627	Europe/London
Tieli	Tieli	CN	107621	Asia/Shanghai
Umm Qaşr	Umm Qasr	IQ	107620	Asia/Baghdad
Butterworth	Butterworth	MY	107591	Asia/Kuala_Lumpur
Shaping	Shaping	CN	107589	Asia/Shanghai
Labé	Labe	GN	107571	Africa/Conakry
Chālūs	Chalus	IR	107490	Asia/Tehran
Koszalin	Koszalin	PL	107450	Europe/Warsaw
Bolzano	Bolzano	IT	107436	Europe/Rome
South Fulton	South Fulton	US	107436	America/New_York
Ubá	Uba	BR	107423	America/Sao_Paulo
Sherpur	Sherpur	BD	107419	Asia/Dhaka
Obninsk	Obninsk	RU	107392	Europe/Moscow
Circoiscrizione VI	Circoiscrizione VI	IT	107369	Europe/Rome
Girardot City	Girardot City	CO	107324	America/Bogota
Koblenz	Koblenz	DE	107319	Europe/Berlin
Itaperuna	Itaperuna	BR	107246	America/Sao_Paulo
Siegen	Siegen	DE	107242	Europe/Berlin
Hirnytskyi	Hirnytskyi	UA	107216	Europe/Kyiv
Mangalagiri	Mangalagiri	IN	107197	Asia/Kolkata
Thohoyandou	Thohoyandou	ZA	107144	Africa/Johannesburg
As Suwayq	As Suwayq	OM	107143	Asia/Muscat
Norwalk	Norwalk	US	107140	America/Los_Angeles
Yên Vinh	Yen Vinh	VN	107082	Asia/Bangkok
Mitrovicë	Mitrovice	XK	107045	Europe/Belgrade
Yevpatoriya	Yevpatoriya	UA	107040	Europe/Simferopol
Pati	Pati	ID	107028	Asia/Jakarta
Elista	Elista	RU	106971	Europe/Moscow
Dera Murad Jamali	Dera Murad Jamali	PK	106952	Asia/Karachi
Taungoo	Taungoo	MM	106945	Asia/Yangon
Bedford	Bedford	GB	106940	Europe/London
Bagong Silangan	Bagong Silangan	PH	106886	Asia/Manila
Kangnyŏng	Kangnyong	KP	106827	Asia/Pyongyang
Catia La Mar	Catia La Mar	VE	106822	America/Caracas
Boulder	Boulder	US	106803	America/Denver
Anning	Anning	CN	106795	Asia/Shanghai
Ituiutaba	Ituiutaba	BR	106775	America/Sao_Paulo
Rayong	Rayong	TH	106737	Asia/Bangkok
Sirte	Sirte	LY	106705	Africa/Tripoli
Kotri	Kotri	PK	106615	Asia/Karachi
Cherëmushki	Cheremushki	RU	106587	Europe/Moscow
Broken Arrow	Broken Arrow	US	106563	America/Chicago
Daly City	Daly City	US	106562	America/Los_Angeles
Cikarang	Cikarang	ID	106479	Asia/Jakarta
Arlit	Arlit	NE	106448	Africa/Niamey
Bahārestān	Baharestan	IR	106433	Asia/Tehran
Ba Đồn	Ba GJon	VN	106413	Asia/Bangkok
Ranebennur	Ranebennur	IN	106406	Asia/Kolkata
Longjiang	Longjiang	CN	106384	Asia/Shanghai
Hwado	Hwado	KR	106358	Asia/Seoul
Buhe	Buhe	CN	106347	Asia/Shanghai
Hammamet	Hammamet	TN	106326	Africa/Tunis
Pindiga	Pindiga	NG	106322	Africa/Lagos
Berdyansk	Berdyansk	UA	106311	Europe/Kyiv
Toufen	Toufen	TW	106310	Asia/Taipei
Mīāneh	Mianeh	IR	106291	Asia/Tehran
Dakhla	Dakhla	EH	106277	Africa/El_Aaiun
Paniqui	Paniqui	PH	106190	Asia/Manila
Novotroitsk	Novotroitsk	RU	106186	Asia/Yekaterinburg
Bergisch Gladbach	Bergisch Gladbach	DE	106184	Europe/Berlin
Rangamati	Rangamati	BD	106069	Asia/Dhaka
Alchevsk	Alchevsk	UA	106062	Europe/Kyiv
Sơn La	Son La	VN	106052	Asia/Bangkok
Mingachevir	Mingachevir	AZ	106048	Asia/Baku
Legnica	Legnica	PL	106033	Europe/Warsaw
Drammen	Drammen	NO	106013	Europe/Oslo
Pare	Pare	ID	106007	Asia/Jakarta
Tokoza	Tokoza	ZA	106000	Africa/Johannesburg
Balsas	Balsas	BR	105974	America/Fortaleza
Sydney	Sydney	CA	105968	America/Glace_Bay
Derbent	Derbent	RU	105965	Europe/Moscow
Xinghua	Xinghua	CN	105918	Asia/Shanghai
Khurja	Khurja	IN	105909	Asia/Kolkata
Mati	Mati	PH	105908	Asia/Manila
Arjawinangun	Arjawinangun	ID	105845	Asia/Jakarta
Le Plateau-Mont-Royal	Le Plateau-Mont-Royal	CA	105813	America/Toronto
Funchal	Funchal	PT	105795	Atlantic/Madeira
Kishanganj	Kishanganj	IN	105782	Asia/Kolkata
Yautepec	Yautepec	MX	105780	America/Mexico_City
Jataí	Jatai	BR	105729	America/Sao_Paulo
Sergeli	Sergeli	UZ	105700	Asia/Tashkent
Azare	Azare	NG	105687	Africa/Lagos
Nantou	Nantou	TW	105682	Asia/Taipei
Ipojuca	Ipojuca	BR	105638	America/Recife
Lahad Datu	Lahad Datu	MY	105622	Asia/Kuching
Vila Prudente	Vila Prudente	BR	105590	America/Sao_Paulo
Subulussalam	Subulussalam	ID	105553	Asia/Jakarta
Paragominas	Paragominas	BR	105550	America/Belem
Bukama	Bukama	CD	105530	Africa/Lubumbashi
Ponnāni	Ponnani	IN	105512	Asia/Kolkata
Tanza	Tanza	PH	105510	Asia/Manila
Inzai	Inzai	JP	105463	Asia/Tokyo
Bhairab Bāzār	Bhairab Bazar	BD	105457	Asia/Dhaka
Hindaun	Hindaun	IN	105452	Asia/Kolkata
Jamālpur	Jamalpur	IN	105434	Asia/Kolkata
Abū Tīj	Abu Tij	EG	105418	Africa/Cairo
Coatepeque	Coatepeque	GT	105415	America/Guatemala
Baraki	Baraki	DZ	105402	Africa/Algiers
Robāţ Karīm	Robat Karim	IR	105393	Asia/Tehran
'Ākra	'Akra	IQ	105370	Asia/Baghdad
Sandy Springs	Sandy Springs	US	105330	America/New_York
Burbank	Burbank	US	105319	America/Los_Angeles
Taling Chan	Taling Chan	TH	105299	Asia/Bangkok
San Justo	San Justo	AR	105274	America/Argentina/Buenos_Aires
Hòa Bình	Hoa Binh	VN	105260	Asia/Bangkok
Saint-Paul	Saint-Paul	RE	105240	Indian/Reunion
Ourense	Ourense	ES	105233	Europe/Madrid
Nāgaur	Nagaur	IN	105218	Asia/Kolkata
Riacho Fundo II	Riacho Fundo II	BR	105210	America/Sao_Paulo
Green Bay	Green Bay	US	105207	America/Chicago
Mityana	Mityana	UG	105200	Africa/Kampala
Jizan	Jizan	SA	105198	Asia/Riyadh
Texcoco de Mora	Texcoco de Mora	MX	105165	America/Mexico_City
Bang Bon	Bang Bon	TH	105161	Asia/Bangkok
Nikopol	Nikopol	UA	105160	Europe/Kyiv
Slovyansk	Slovyansk	UA	105141	Europe/Kyiv
Santa Maria	Santa Maria	US	105093	America/Los_Angeles
San Francisco De Borja	San Francisco De Borja	PE	105076	America/Lima
Yidu	Yidu	CN	105070	Asia/Shanghai
Nancy	Nancy	FR	105058	Europe/Paris
Kuala Krai	Kuala Krai	MY	105007	Asia/Kuala_Lumpur
Zhonghe	Zhonghe	CN	105003	Asia/Shanghai
Universal City	Universal City	US	105000	America/Los_Angeles
Puyang Chengguanzhen	Puyang Chengguanzhen	CN	104994	Asia/Shanghai
Ikeda	Ikeda	JP	104993	Asia/Tokyo
Waterloo	Waterloo	CA	104986	America/Toronto
Ambala Sadar	Ambala Sadar	IN	104974	Asia/Kolkata
Chinautla	Chinautla	GT	104972	America/Guatemala
Salzgitter	Salzgitter	DE	104970	Europe/Berlin
Ville-Marie	Ville-Marie	CA	104944	America/Toronto
Moratalaz	Moratalaz	ES	104923	Europe/Madrid
Bhiwadi	Bhiwadi	IN	104921	Asia/Kolkata
Būndi	Bundi	IN	104919	Asia/Kolkata
Miryalaguda	Miryalaguda	IN	104918	Asia/Kolkata
Daxing	Daxing	CN	104904	Asia/Shanghai
Artur Alvim	Artur Alvim	BR	104864	America/Sao_Paulo
Assis	Assis	BR	104858	America/Sao_Paulo
Santa Cruz do Capibaribe	Santa Cruz do Capibaribe	BR	104854	America/Recife
Yezhou	Yezhou	CN	104839	Asia/Shanghai
Hidalgo del Parral	Hidalgo del Parral	MX	104836	America/Chihuahua
Saijō	Saijo	JP	104791	Asia/Tokyo
Jena	Jena	DE	104712	Europe/Berlin
Wichita Falls	Wichita Falls	US	104710	America/Chicago
Brantford	Brantford	CA	104688	America/Toronto
Gera	Gera	DE	104659	Europe/Berlin
Tuyên Quang	Tuyen Quang	VN	104645	Asia/Bangkok
Ottakring	Ottakring	AT	104627	Europe/Vienna
Al Fāw	Al Faw	IQ	104569	Asia/Baghdad
Angoche	Angoche	MZ	104540	Africa/Maputo
Depok	Depok	ID	104527	Asia/Jakarta
Toride	Toride	JP	104524	Asia/Tokyo
Mostar	Mostar	BA	104518	Europe/Sarajevo
Mazyr	Mazyr	BY	104517	Europe/Minsk
Kamloops	Kamloops	CA	104460	America/Vancouver
Mazabuka	Mazabuka	ZM	104412	Africa/Lusaka
Lakeland	Lakeland	US	104401	America/New_York
Pozniaky	Pozniaky	UA	104400	Europe/Kyiv
Zhezqazghan	Zhezqazghan	KZ	104357	Asia/Almaty
Pailou	Pailou	CN	104351	Asia/Shanghai
Lo Prado	Lo Prado	CL	104316	America/Santiago
Tizi Ouzou	Tizi Ouzou	DZ	104312	Africa/Algiers
Pulandian	Pulandian	CN	104277	Asia/Shanghai
Helsingborg	Helsingborg	SE	104250	Europe/Stockholm
Abreu e Lima	Abreu e Lima	BR	104248	America/Recife
Kot Addu	Kot Addu	PK	104217	Asia/Karachi
Bouaflé	Bouafle	CI	104209	Africa/Abidjan
Kara	Kara	TG	104207	Africa/Lome
Clovis	Clovis	US	104180	America/Los_Angeles
Kafue	Kafue	ZM	104174	Africa/Lusaka
Campo Mourão	Campo Mourao	BR	104122	America/Sao_Paulo
Salaqi	Salaqi	CN	104090	Asia/Shanghai
Kalulushi	Kalulushi	ZM	104046	Africa/Lusaka
Lewisville	Lewisville	US	104039	America/Chicago
Oued Zem	Oued Zem	MA	104029	Africa/Casablanca
Izmaylovo	Izmaylovo	RU	104000	Europe/Moscow
Kiselëvsk	Kiselevsk	RU	104000	Asia/Novokuznetsk
Soyībug	Soyibug	IN	104000	Asia/Kolkata
Weldiya	Weldiya	ET	104000	Africa/Addis_Ababa
Jishu	Jishu	CN	103988	Asia/Shanghai
El Kelaa des Srarhna	El Kelaa des Srarhna	MA	103982	Africa/Casablanca
Séguéla	Seguela	CI	103980	Africa/Abidjan
Ourinhos	Ourinhos	BR	103970	America/Sao_Paulo
Totonicapán	Totonicapan	GT	103952	America/Guatemala
Ad-Damir	Ad-Damir	SD	103941	Africa/Khartoum
Jagtiāl	Jagtial	IN	103930	Asia/Kolkata
Woking	Woking	GB	103900	Europe/London
Roorkee	Roorkee	IN	103894	Asia/Kolkata
Edéa	Edea	CM	103861	Africa/Douala
Yuxi	Yuxi	CN	103829	Asia/Shanghai
Lincoln	Lincoln	GB	103813	Europe/London
Poá	Poa	BR	103765	America/Sao_Paulo
Bashan	Bashan	CN	103748	Asia/Shanghai
Nkpor	Nkpor	NG	103733	Africa/Lagos
Berbérati	Berberati	CF	103713	Africa/Bangui
Sangla Hill	Sangla Hill	PK	103709	Asia/Karachi
Tongren	Tongren	CN	103700	Asia/Shanghai
Tyler	Tyler	US	103700	America/Chicago
Male	Male	MV	103693	Indian/Maldives
El Cajon	El Cajon	US	103679	America/Los_Angeles
Mandaqui	Mandaqui	BR	103665	America/Sao_Paulo
Piacenza	Piacenza	IT	103607	Europe/Rome
Gardez	Gardez	AF	103601	Asia/Kabul
Zhanaozen	Zhanaozen	KZ	103598	Asia/Aqtau
Gangu Chengguanzhen	Gangu Chengguanzhen	CN	103589	Asia/Shanghai
Teziutlan	Teziutlan	MX	103583	America/Mexico_City
Kolda	Kolda	SN	103574	Africa/Dakar
Vila Matilde	Vila Matilde	BR	103558	America/Sao_Paulo
Udgīr	Udgir	IN	103550	Asia/Kolkata
San Mateo	San Mateo	US	103536	America/Los_Angeles
Viseu	Viseu	PT	103502	Europe/Lisbon
Nagda	Nagda	IN	103501	Asia/Kolkata
Moers	Moers	DE	103487	Europe/Berlin
Brandon	Brandon	US	103483	America/New_York
Buzău	Buzau	RO	103481	Europe/Bucharest
Reus	Reus	ES	103477	Europe/Madrid
Prabumulih	Prabumulih	ID	103470	Asia/Jakarta
Itabaiana	Itabaiana	BR	103440	America/Maceio
Francistown	Francistown	BW	103417	Africa/Gaborone
Isehara	Isehara	JP	103401	Asia/Tokyo
Queluz	Queluz	PT	103399	Europe/Lisbon
Betūl	Betul	IN	103330	Asia/Kolkata
Chikushino-shi	Chikushino-shi	JP	103311	Asia/Tokyo
Akademicheskoe	Akademicheskoe	RU	103304	Europe/Moscow
Turgutlu	Turgutlu	TR	103292	Europe/Istanbul
Lida	Lida	BY	103262	Europe/Minsk
Taitung	Taitung	TW	103260	Asia/Taipei
Kalynivskyi	Kalynivskyi	UA	103249	Europe/Kyiv
San	San	ML	103227	Africa/Bamako
Jahānābād	Jahanabad	IN	103202	Asia/Kolkata
Lethbridge	Lethbridge	CA	103197	America/Edmonton
Cursino	Cursino	BR	103171	America/Sao_Paulo
Velikiye Luki	Velikiye Luki	RU	103149	Europe/Moscow
Kashipur	Kashipur	IN	103138	Asia/Kolkata
Rialto	Rialto	US	103132	America/Los_Angeles
West Bromwich	West Bromwich	GB	103112	Europe/London
Ghazīpur	Ghazipur	IN	103095	Asia/Kolkata
Tanjung Pandan	Tanjung Pandan	ID	103062	Asia/Jakarta
Ikere-Ekiti	Ikere-Ekiti	NG	103054	Africa/Lagos
Hildesheim	Hildesheim	DE	103052	Europe/Berlin
Kharian	Kharian	PK	103036	Asia/Karachi
Bendigo	Bendigo	AU	103034	Australia/Melbourne
Rantauprapat	Rantauprapat	ID	103009	Asia/Jakarta
Chumakivskyi	Chumakivskyi	UA	103005	Europe/Kyiv
Amaravati	Amaravati	IN	103000	Asia/Kolkata
Bogorodskoye	Bogorodskoye	RU	103000	Europe/Moscow
Nkayi	Nkayi	CG	103000	Africa/Brazzaville
Pārsābād	Parsabad	IR	102996	Asia/Tehran
Lahān	Lahan	NP	102955	Asia/Kathmandu
Liberec	Liberec	CZ	102951	Europe/Prague
Nagapattinam	Nagapattinam	IN	102905	Asia/Kolkata
Qurayyat	Qurayyat	SA	102903	Asia/Riyadh
Buxar	Buxar	IN	102861	Asia/Kolkata
Portmore	Portmore	JM	102861	America/Jamaica
Santa Rosa	Santa Rosa	AR	102860	America/Argentina/Salta
Palma Soriano	Palma Soriano	CU	102826	America/Havana
Pushkino	Pushkino	RU	102816	Europe/Moscow
Khushāb	Khushab	PK	102793	Asia/Karachi
Lafiagi	Lafiagi	NG	102779	Africa/Lagos
Caieiras	Caieiras	BR	102775	America/Sao_Paulo
Xincheng	Xincheng	CN	102752	Asia/Urumqi
Lyon 03	Lyon 03	FR	102725	Europe/Paris
Pasrur	Pasrur	PK	102717	Asia/Karachi
Belawan	Belawan	ID	102707	Asia/Jakarta
Pano Aqil	Pano Aqil	PK	102701	Asia/Karachi
Piatra Neamţ	Piatra Neamt	RO	102688	Europe/Bucharest
Cabudare	Cabudare	VE	102686	America/Caracas
Erlangen	Erlangen	DE	102675	Europe/Berlin
Tepexpan	Tepexpan	MX	102667	America/Mexico_City
Tivaouane	Tivaouane	SN	102658	Africa/Dakar
Entebbe	Entebbe	UG	102600	Africa/Kampala
Davenport	Davenport	US	102582	America/Chicago
Darnah	Darnah	LY	102581	Africa/Tripoli
Dayrūţ	Dayrut	EG	102570	Africa/Cairo
Whalley	Whalley	CA	102555	America/Vancouver
Edison	Edison	US	102548	America/New_York
Skhidni Kvartaly	Skhidni Kvartaly	UA	102500	Europe/Kyiv
Curicó	Curico	CL	102438	America/Santiago
Kangsŏn	Kangson	KP	102436	Asia/Pyongyang
La Vega	La Vega	DO	102426	America/Santo_Domingo
Shāhzādpur	Shahzadpur	BD	102420	Asia/Dhaka
Tulancingo	Tulancingo	MX	102406	America/Mexico_City
Perdizes	Perdizes	BR	102391	America/Sao_Paulo
Yono	Yono	JP	102364	Asia/Tokyo
Apatzingán	Apatzingan	MX	102362	America/Mexico_City
Ciutat Vella	Ciutat Vella	ES	102347	Europe/Madrid
Hillsboro	Hillsboro	US	102347	America/Los_Angeles
Mormugao	Mormugao	IN	102345	Asia/Kolkata
Seoni	Seoni	IN	102343	Asia/Kolkata
Shabqadar	Shabqadar	PK	102340	Asia/Karachi
Mitte	Mitte	DE	102338	Europe/Berlin
Sabanalarga	Sabanalarga	CO	102334	America/Bogota
Jishou	Jishou	CN	102332	Asia/Shanghai
Ngong	Ngong	KE	102323	Africa/Nairobi
Francisco Beltrão	Francisco Beltrao	BR	102312	America/Sao_Paulo
Artëm	Artem	RU	102300	Asia/Vladivostok
Sebeta	Sebeta	ET	102300	Africa/Addis_Ababa
Tsuyama	Tsuyama	JP	102294	Asia/Tokyo
Limerick	Limerick	IE	102287	Europe/Dublin
Aurangābād	Aurangabad	IN	102244	Asia/Kolkata
Lampa	Lampa	CL	102234	America/Santiago
Sungai Penuh	Sungai Penuh	ID	102224	Asia/Jakarta
Ukhta	Ukhta	RU	102187	Europe/Moscow
Japeri	Japeri	BR	102171	America/Sao_Paulo
Nakhon Si Thammarat	Nakhon Si Thammarat	TH	102152	Asia/Bangkok
Putatan	Putatan	PH	102146	Asia/Manila
Kani	Kani	JP	102143	Asia/Tokyo
Shuifu	Shuifu	CN	102143	Asia/Shanghai
Ōnojō	Onojo	JP	102085	Asia/Tokyo
Kot Radha Kishan	Kot Radha Kishan	PK	102057	Asia/Karachi
Al Jumayl	Al Jumayl	LY	102000	Africa/Tripoli
Brateyevo	Brateyevo	RU	102000	Europe/Moscow
Maldonado	Maldonado	UY	102000	America/Montevideo
Shchukino	Shchukino	RU	102000	Europe/Moscow
Venlo	Venlo	NL	101988	Europe/Amsterdam
Mairiporã	Mairipora	BR	101937	America/Sao_Paulo
Novara	Novara	IT	101916	Europe/Rome
Shūshtar	Shushtar	IR	101878	Asia/Tehran
Wilmersdorf	Wilmersdorf	DE	101877	Europe/Berlin
Al-Musayab	Al-Musayab	IQ	101873	Asia/Baghdad
Pôr do Sol	Por do Sol	BR	101866	America/Sao_Paulo
Parintins	Parintins	BR	101855	America/Manaus
Hedong	Hedong	CN	101825	Asia/Shanghai
Hinganghāt	Hinganghat	IN	101805	Asia/Kolkata
Zonguldak	Zonguldak	TR	101749	Europe/Istanbul
Iğdır	Igdir	TR	101700	Europe/Istanbul
Kawachi-Nagano	Kawachi-Nagano	JP	101692	Asia/Tokyo
Eastbourne	Eastbourne	GB	101689	Europe/London
Dhamtari	Dhamtari	IN	101677	Asia/Kolkata
Delta	Delta	CA	101668	America/Vancouver
Orsha	Orsha	BY	101662	Europe/Minsk
Worcester	Worcester	GB	101659	Europe/London
Las Cruces	Las Cruces	US	101643	America/Denver
Székesfehérvár	Szekesfehervar	HU	101600	Europe/Budapest
Lagarto	Lagarto	BR	101579	America/Maceio
Kindrativskyi	Kindrativskyi	UA	101565	Europe/Kyiv
Bath	Bath	GB	101557	Europe/London
Sidi Slimane	Sidi Slimane	MA	101541	Africa/Casablanca
Leme	Leme	BR	101537	America/Sao_Paulo
Iida	Iida	JP	101536	Asia/Tokyo
Los Puertos de Altagracia	Los Puertos de Altagracia	VE	101527	America/Caracas
South Bend	South Bend	US	101516	America/Indiana/Indianapolis
Kansk	Kansk	RU	101502	Asia/Krasnoyarsk
Kalmiuskyi	Kalmiuskyi	UA	101498	Europe/Kyiv
Chilliwack	Chilliwack	CA	101491	America/Vancouver
Queenstown Estate	Queenstown Estate	SG	101480	Asia/Singapore
Argenteuil	Argenteuil	FR	101475	Europe/Paris
Khanty-Mansiysk	Khanty-Mansiysk	RU	101466	Asia/Yekaterinburg
Isulan	Isulan	PH	101455	Asia/Manila
Itaim Bibi	Itaim Bibi	BR	101452	America/Sao_Paulo
Mbaké	Mbake	SN	101451	Africa/Dakar
Pavlohrad	Pavlohrad	UA	101430	Europe/Kyiv
Simmering	Simmering	AT	101420	Europe/Vienna
Mustafakemalpaşa	Mustafakemalpasa	TR	101412	Europe/Istanbul
Burayu	Burayu	ET	101400	Africa/Addis_Ababa
Chilakalūrupet	Chilakalurupet	IN	101398	Asia/Kolkata
Malappuram	Malappuram	IN	101386	Asia/Kolkata
Ébolowa	Ebolowa	CM	101363	Africa/Douala
Dartmouth	Dartmouth	CA	101343	America/Halifax
Orihuela	Orihuela	ES	101321	Europe/Madrid
Kallang	Kallang	SG	101290	Asia/Singapore
Sangju	Sangju	KR	101267	Asia/Seoul
Perling	Perling	MY	101263	Asia/Kuala_Lumpur
Albany	Albany	US	101228	America/New_York
São Cristóvão	Sao Cristovao	BR	101213	America/Maceio
Medina Estates	Medina Estates	GH	101207	Africa/Accra
Chakwal	Chakwal	PK	101200	Asia/Karachi
Ngã Bảy	Nga Bay	VN	101192	Asia/Ho_Chi_Minh
Gillingham	Gillingham	GB	101187	Europe/London
Suruç	Suruc	TR	101178	Europe/Istanbul
Huacheng	Huacheng	CN	101165	Asia/Shanghai
Ocaña	Ocana	CO	101158	America/Bogota
Hồng Ngự	Hong Ngu	VN	101155	Asia/Ho_Chi_Minh
Daoukro	Daoukro	CI	101136	Africa/Abidjan
Tokuyama	Tokuyama	JP	101133	Asia/Tokyo
Ţimā	Tima	EG	101130	Africa/Cairo
Donghae City	Donghae City	KR	101128	Asia/Seoul
Standerton	Standerton	ZA	101101	Africa/Johannesburg
Kanoya	Kanoya	JP	101096	Asia/Tokyo
Mokopane	Mokopane	ZA	101090	Africa/Johannesburg
Dikirnis	Dikirnis	EG	101082	Africa/Cairo
New Bedford	New Bedford	US	101079	America/New_York
Lāhījān	Lahijan	IR	101073	Asia/Tehran
Leuven	Leuven	BE	101032	Europe/Brussels
Mezhdurechensk	Mezhdurechensk	RU	101026	Asia/Novokuznetsk
Bānswāra	Banswara	IN	101017	Asia/Kolkata
Jolo	Jolo	PH	101002	Asia/Manila
Novyye Cherëmushki	Novyye Cheremushki	RU	101000	Europe/Moscow
Ryazanskiy	Ryazanskiy	RU	101000	Europe/Moscow
Elbasan	Elbasan	AL	100903	Europe/Tirane
Pechersk	Pechersk	UA	100900	Europe/Kyiv
Ijok	Ijok	MY	100899	Asia/Kuala_Lumpur
Vista	Vista	US	100890	America/Los_Angeles
Davie	Davie	US	100882	America/New_York
Errachidia	Errachidia	MA	100870	Africa/Casablanca
Twifu Praso	Twifu Praso	GH	100851	Africa/Accra
Red Deer	Red Deer	CA	100844	America/Edmonton
Solikamsk	Solikamsk	RU	100812	Asia/Yekaterinburg
El Progreso	El Progreso	HN	100810	America/Tegucigalpa
Chirmiri	Chirmiri	IN	100800	Asia/Kolkata
Barra do Piraí	Barra do Pirai	BR	100764	America/Sao_Paulo
Chikusei	Chikusei	JP	100753	Asia/Tokyo
Sungailiat	Sungailiat	ID	100750	Asia/Jakarta
Arezzo	Arezzo	IT	100734	Europe/Rome
Újpest	Ujpest	HU	100694	Europe/Budapest
Calasiao	Calasiao	PH	100686	Asia/Manila
Glazov	Glazov	RU	100676	Europe/Samara
Rosarito	Rosarito	MX	100660	America/Tijuana
Ahar	Ahar	IR	100641	Asia/Tehran
Kallithéa	Kallithea	GR	100641	Europe/Athens
Juan Díaz	Juan Diaz	PA	100636	America/Panama
Yên Bái	Yen Bai	VN	100631	Asia/Bangkok
Grogol	Grogol	ID	100613	Asia/Jakarta
Nāḩiyat al Iskandarīyah	Nahiyat al Iskandariyah	IQ	100600	Asia/Baghdad
Puerto Barrios	Puerto Barrios	GT	100593	America/Guatemala
Bakwa	Bakwa	CD	100575	Africa/Lubumbashi
Chinatown	Chinatown	US	100574	America/Los_Angeles
Itārsi	Itarsi	IN	100574	Asia/Kolkata
Votuporanga	Votuporanga	BR	100568	America/Sao_Paulo
Si Maha Phot	Si Maha Phot	TH	100563	Asia/Bangkok
Hà Tiên	Ha Tien	VN	100560	Asia/Ho_Chi_Minh
Oleksiyivka	Oleksiyivka	UA	100500	Europe/Kyiv
Los Rastrojos	Los Rastrojos	VE	100497	America/Caracas
Masjed Soleymān	Masjed Soleyman	IR	100497	Asia/Tehran
Vasco da Gama	Vasco da Gama	IN	100485	Asia/Kolkata
Barakaldo	Barakaldo	ES	100435	Europe/Madrid
Oleksandrivskyi	Oleksandrivskyi	UA	100330	Europe/Kyiv
Ermelo	Ermelo	ZA	100324	Africa/Johannesburg
Klagenfurt am Wörthersee	Klagenfurt am Woerthersee	AT	100316	Europe/Vienna
Linxi	Linxi	CN	100316	Asia/Shanghai
Tiébo	Tiebo	SN	100289	Africa/Dakar
Gangtok	Gangtok	IN	100286	Asia/Kolkata
Datia	Datia	IN	100284	Asia/Kolkata
Sakado	Sakado	JP	100275	Asia/Tokyo
Sakata	Sakata	JP	100273	Asia/Tokyo
Ust’-Ilimsk	Ust'-Ilimsk	RU	100271	Asia/Irkutsk
Girona	Girona	ES	100266	Europe/Madrid
Renton	Renton	US	100242	America/Los_Angeles
Chust	Chust	UZ	100200	Asia/Tashkent
Kalmunai	Kalmunai	LK	100171	Asia/Colombo
Udine	Udine	IT	100170	Europe/Rome
Xinzhai	Xinzhai	CN	100168	Asia/Shanghai
Phagwāra	Phagwara	IN	100146	Asia/Kolkata
Izumisano	Izumisano	JP	100131	Asia/Tokyo
Trier	Trier	DE	100129	Europe/Berlin
Ginowan	Ginowan	JP	100125	Asia/Tokyo
Inda Silasē	Inda Silase	ET	100100	Africa/Addis_Ababa
Negara	Negara	ID	100074	Asia/Makassar
Caçapava	Cacapava	BR	100071	America/Sao_Paulo
Qaşr Bin Ghashīr	Qasr Bin Ghashir	LY	100069	Africa/Tripoli
Renala Khurd	Renala Khurd	PK	100054	Asia/Karachi
Punta Cana	Punta Cana	DO	100023	America/Santo_Domingo
Roanoke	Roanoke	US	100011	America/New_York
Airoli	Airoli	IN	100000	Asia/Kolkata
Alamar	Alamar	CU	100000	America/Havana
Alasia	Alasia	NG	100000	Africa/Lagos
Bandar Mahkota Cheras	Bandar Mahkota Cheras	MY	100000	Asia/Kuala_Lumpur
Becontree	Becontree	GB	100000	Europe/London
Colonia Lindavista	Colonia Lindavista	MX	100000	America/Mexico_City
Jaffa	Jaffa	IL	100000	Asia/Jerusalem
Kangding	Kangding	CN	100000	Asia/Shanghai
Model Town	Model Town	PK	100000	Asia/Karachi
Nyagatare	Nyagatare	RW	100000	Africa/Kigali
P’yŏngsŏng	P'yongsong	KP	100000	Asia/Pyongyang
Raja Jang	Raja Jang	PK	100000	Asia/Karachi
Sabt Alalayah	Sabt Alalayah	SA	100000	Asia/Riyadh
Sakiet ez Zit	Sakiet ez Zit	TN	100000	Africa/Tunis
Sentul	Sentul	MY	100000	Asia/Kuala_Lumpur
Seri Manjung	Seri Manjung	MY	100000	Asia/Kuala_Lumpur
Shahrak-e Pardīsān	Shahrak-e Pardisan	IR	100000	Asia/Tehran
Sino-Singapore Tianjin Eco-city	Sino-Singapore Tianjin Eco-city	CN	100000	Asia/Shanghai
Subotica	Subotica	RS	100000	Europe/Belgrade
Suifenhe	Suifenhe	CN	100000	Asia/Shanghai
Sumedang Utara	Sumedang Utara	ID	100000	Asia/Jakarta
Tekstil’shchiki	Tekstil'shchiki	RU	100000	Europe/Moscow
Tājūrā’	Tajura'	LY	100000	Africa/Tripoli
Yanjia	Yanjia	CN	100000	Asia/Shanghai
